filename,split,class,width,height,aspect_ratio,is_square,size_bin,group_id,source_path
23--Shoppers_23_Shoppers_Shoppers_23_922.jpg_b89943.jpg,train,clear,126,126,1.0,True,large,wider_23--Shoppers_23_Shoppers_Shoppers_23_922.jpg,C:\Thực tập LUMI\model_BaiToan\Deepleaning\data\dataset\raw\clear\23--Shoppers_23_Shoppers_Shoppers_23_922.jpg_b89943.jpg
41--Swimming_41_Swimming_Swimmer_41_1022.jpg_b121312.jpg,train,clear,423,423,1.0,True,large,wider_41--Swimming_41_Swimming_Swimmer_41_1022.jpg,C:\Thực tập LUMI\model_BaiToan\Deepleaning\data\dataset\raw\clear\41--Swimming_41_Swimming_Swimmer_41_1022.jpg_b121312.jpg
35--Basketball_35_Basketball_basketballgame_ball_35_223.jpg_b108397.jpg,train,clear,178,178,1.0,True,large,wider_35--Basketball_35_Basketball_basketballgame_ball_35_223.jpg,C:\Thực tập LUMI\model_BaiToan\Deepleaning\data\dataset\raw\clear\35--Basketball_35_Basketball_basketballgame_ball_35_223.jpg_b108397.jpg
12--Group_12_Group_Large_Group_12_Group_Large_Group_12_516.jpg_b24898.jpg,train,clear,135,135,1.0,True,large,wider_12--Group_12_Group_Large_Group_12_Group_Large_Group_12_516.jpg,C:\Thực tập LUMI\model_BaiToan\Deepleaning\data\dataset\raw\clear\12--Group_12_Group_Large_Group_12_Group_Large_Group_12_516.jpg_b24898.jpg
14--Traffic_14_Traffic_Traffic_14_618.jpg_b38724.jpg,train,clear,175,175,1.0,True,large,wider_14--Traffic_14_Traffic_Traffic_14_618.jpg,C:\Thực tập LUMI\model_BaiToan\Deepleaning\data\dataset\raw\clear\14--Traffic_14_Traffic_Traffic_14_618.jpg_b38724.jpg
13--Interview_13_Interview_Interview_2_People_Visible_13_186.jpg_b37008.jpg,train,clear,236,236,1.0,True,large,wider_13--Interview_13_Interview_Interview_2_People_Visible_13_186.jpg,C:\Thực tập LUMI\model_BaiToan\Deepleaning\data\dataset\raw\clear\13--Interview_13_Interview_Interview_2_People_Visible_13_186.jpg_b37008.jpg
000374_face.jpg,train,clear,125,125,1.0,True,large,single_000374_face.jpg,C:\Thực tập LUMI\model_BaiToan\Deepleaning\data\dataset\raw\clear\000374_face.jpg
0--Parade_0_Parade_Parade_0_960.jpg_b816.jpg,train,clear,158,158,1.0,True,large,wider_0--Parade_0_Parade_Parade_0_960.jpg,C:\Thực tập LUMI\model_BaiToan\Deepleaning\data\dataset\raw\clear\0--Parade_0_Parade_Parade_0_960.jpg_b816.jpg
4--Dancing_4_Dancing_Dancing_4_21.jpg_b30760.jpg,train,clear,122,122,1.0,True,large,wider_4--Dancing_4_Dancing_Dancing_4_21.jpg,C:\Thực tập LUMI\model_BaiToan\Deepleaning\data\dataset\raw\clear\4--Dancing_4_Dancing_Dancing_4_21.jpg_b30760.jpg
31--Waiter_Waitress_31_Waiter_Waitress_Waiter_Waitress_31_327.jpg_b24792.jpg,train,clear,171,171,1.0,True,large,wider_31--Waiter_Waitress_31_Waiter_Waitress_Waiter_Waitress_31_327.jpg,C:\Thực tập LUMI\model_BaiToan\Deepleaning\data\dataset\raw\clear\31--Waiter_Waitress_31_Waiter_Waitress_Waiter_Waitress_31_327.jpg_b24792.jpg
13--Interview_13_Interview_Interview_On_Location_13_654.jpg_b36418.jpg,train,clear,122,122,1.0,True,large,wider_13--Interview_13_Interview_Interview_On_Location_13_654.jpg,C:\Thực tập LUMI\model_BaiToan\Deepleaning\data\dataset\raw\clear\13--Interview_13_Interview_Interview_On_Location_13_654.jpg_b36418.jpg
46--Jockey_46_Jockey_Jockey_46_38.jpg_b125398.jpg,train,clear,392,392,1.0,True,large,wider_46--Jockey_46_Jockey_Jockey_46_38.jpg,C:\Thực tập LUMI\model_BaiToan\Deepleaning\data\dataset\raw\clear\46--Jockey_46_Jockey_Jockey_46_38.jpg_b125398.jpg
13--Interview_13_Interview_Interview_On_Location_13_849.jpg_b9839.jpg,train,clear,418,418,1.0,True,large,wider_13--Interview_13_Interview_Interview_On_Location_13_849.jpg,C:\Thực tập LUMI\model_BaiToan\Deepleaning\data\dataset\raw\clear\13--Interview_13_Interview_Interview_On_Location_13_849.jpg_b9839.jpg
6--Funeral_6_Funeral_Funeral_6_896.jpg_b144451.jpg,train,clear,468,468,1.0,True,large,wider_6--Funeral_6_Funeral_Funeral_6_896.jpg,C:\Thực tập LUMI\model_BaiToan\Deepleaning\data\dataset\raw\clear\6--Funeral_6_Funeral_Funeral_6_896.jpg_b144451.jpg
43--Row_Boat_43_Row_Boat_Rowboat_43_693.jpg_b122732.jpg,train,clear,791,791,1.0,True,large,wider_43--Row_Boat_43_Row_Boat_Rowboat_43_693.jpg,C:\Thực tập LUMI\model_BaiToan\Deepleaning\data\dataset\raw\clear\43--Row_Boat_43_Row_Boat_Rowboat_43_693.jpg_b122732.jpg
9--Press_Conference_9_Press_Conference_Press_Conference_9_927.jpg_b156244.jpg,train,clear,562,562,1.0,True,large,wider_9--Press_Conference_9_Press_Conference_Press_Conference_9_927.jpg,C:\Thực tập LUMI\model_BaiToan\Deepleaning\data\dataset\raw\clear\9--Press_Conference_9_Press_Conference_Press_Conference_9_927.jpg_b156244.jpg
52--Photographers_52_Photographers_photographertakingphoto_52_743.jpg_b34519.jpg,train,clear,180,180,1.0,True,large,wider_52--Photographers_52_Photographers_photographertakingphoto_52_743.jpg,C:\Thực tập LUMI\model_BaiToan\Deepleaning\data\dataset\raw\clear\52--Photographers_52_Photographers_photographertakingphoto_52_743.jpg_b34519.jpg
52--Photographers_52_Photographers_taketouristphotos_52_773.jpg_b135539.jpg,train,clear,626,626,1.0,True,large,wider_52--Photographers_52_Photographers_taketouristphotos_52_773.jpg,C:\Thực tập LUMI\model_BaiToan\Deepleaning\data\dataset\raw\clear\52--Photographers_52_Photographers_taketouristphotos_52_773.jpg_b135539.jpg
51--Dresses_51_Dresses_wearingdress_51_72.jpg_b134883.jpg,train,clear,168,168,1.0,True,large,wider_51--Dresses_51_Dresses_wearingdress_51_72.jpg,C:\Thực tập LUMI\model_BaiToan\Deepleaning\data\dataset\raw\clear\51--Dresses_51_Dresses_wearingdress_51_72.jpg_b134883.jpg
4--Dancing_4_Dancing_Dancing_4_502.jpg_b118891.jpg,train,clear,246,246,1.0,True,large,wider_4--Dancing_4_Dancing_Dancing_4_502.jpg,C:\Thực tập LUMI\model_BaiToan\Deepleaning\data\dataset\raw\clear\4--Dancing_4_Dancing_Dancing_4_502.jpg_b118891.jpg
18--Concerts_18_Concerts_Concerts_18_505.jpg_b43921.jpg,train,clear,124,124,1.0,True,large,wider_18--Concerts_18_Concerts_Concerts_18_505.jpg,C:\Thực tập LUMI\model_BaiToan\Deepleaning\data\dataset\raw\clear\18--Concerts_18_Concerts_Concerts_18_505.jpg_b43921.jpg
13--Interview_13_Interview_Interview_On_Location_13_592.jpg_b36354.jpg,train,clear,122,122,1.0,True,large,wider_13--Interview_13_Interview_Interview_On_Location_13_592.jpg,C:\Thực tập LUMI\model_BaiToan\Deepleaning\data\dataset\raw\clear\13--Interview_13_Interview_Interview_On_Location_13_592.jpg_b36354.jpg
1--Handshaking_1_Handshaking_Handshaking_1_164.jpg_b16358.jpg,train,clear,174,174,1.0,True,large,wider_1--Handshaking_1_Handshaking_Handshaking_1_164.jpg,C:\Thực tập LUMI\model_BaiToan\Deepleaning\data\dataset\raw\clear\1--Handshaking_1_Handshaking_Handshaking_1_164.jpg_b16358.jpg
33--Running_33_Running_Running_33_784.jpg_b99995.jpg,train,clear,264,264,1.0,True,large,wider_33--Running_33_Running_Running_33_784.jpg,C:\Thực tập LUMI\model_BaiToan\Deepleaning\data\dataset\raw\clear\33--Running_33_Running_Running_33_784.jpg_b99995.jpg
28--Sports_Fan_28_Sports_Fan_Sports_Fan_28_509.jpg_b93486.jpg,train,clear,206,206,1.0,True,large,wider_28--Sports_Fan_28_Sports_Fan_Sports_Fan_28_509.jpg,C:\Thực tập LUMI\model_BaiToan\Deepleaning\data\dataset\raw\clear\28--Sports_Fan_28_Sports_Fan_Sports_Fan_28_509.jpg_b93486.jpg
48--Parachutist_Paratrooper_48_Parachutist_Paratrooper_Parachutist_Paratrooper_48_277.jpg_b130187.jpg,train,clear,131,131,1.0,True,large,wider_48--Parachutist_Paratrooper_48_Parachutist_Paratrooper_Parachutist_Paratrooper_48_277.jpg,C:\Thực tập LUMI\model_BaiToan\Deepleaning\data\dataset\raw\clear\48--Parachutist_Paratrooper_48_Parachutist_Paratrooper_Parachutist_Paratrooper_48_277.jpg_b130187.jpg
13--Interview_13_Interview_Interview_On_Location_13_858.jpg_b37111.jpg,train,clear,328,328,1.0,True,large,wider_13--Interview_13_Interview_Interview_On_Location_13_858.jpg,C:\Thực tập LUMI\model_BaiToan\Deepleaning\data\dataset\raw\clear\13--Interview_13_Interview_Interview_On_Location_13_858.jpg_b37111.jpg
39--Ice_Skating_39_Ice_Skating_Ice_Skating_39_109.jpg_b118117.jpg,train,clear,168,168,1.0,True,large,wider_39--Ice_Skating_39_Ice_Skating_Ice_Skating_39_109.jpg,C:\Thực tập LUMI\model_BaiToan\Deepleaning\data\dataset\raw\clear\39--Ice_Skating_39_Ice_Skating_Ice_Skating_39_109.jpg_b118117.jpg
004069_face.jpg,train,clear,115,115,1.0,True,large,single_004069_face.jpg,C:\Thực tập LUMI\model_BaiToan\Deepleaning\data\dataset\raw\clear\004069_face.jpg
7--Cheering_7_Cheering_Cheering_7_650.jpg_b148830.jpg,train,clear,124,124,1.0,True,large,wider_7--Cheering_7_Cheering_Cheering_7_650.jpg,C:\Thực tập LUMI\model_BaiToan\Deepleaning\data\dataset\raw\clear\7--Cheering_7_Cheering_Cheering_7_650.jpg_b148830.jpg
13--Interview_13_Interview_Interview_Sequences_13_20.jpg_b36219.jpg,train,clear,162,162,1.0,True,large,wider_13--Interview_13_Interview_Interview_Sequences_13_20.jpg,C:\Thực tập LUMI\model_BaiToan\Deepleaning\data\dataset\raw\clear\13--Interview_13_Interview_Interview_Sequences_13_20.jpg_b36219.jpg
49--Greeting_49_Greeting_peoplegreeting_49_302.jpg_b33348.jpg,train,clear,180,180,1.0,True,large,wider_49--Greeting_49_Greeting_peoplegreeting_49_302.jpg,C:\Thực tập LUMI\model_BaiToan\Deepleaning\data\dataset\raw\clear\49--Greeting_49_Greeting_peoplegreeting_49_302.jpg_b33348.jpg
1--Handshaking_1_Handshaking_Handshaking_1_627.jpg_b16686.jpg,train,clear,138,138,1.0,True,large,wider_1--Handshaking_1_Handshaking_Handshaking_1_627.jpg,C:\Thực tập LUMI\model_BaiToan\Deepleaning\data\dataset\raw\clear\1--Handshaking_1_Handshaking_Handshaking_1_627.jpg_b16686.jpg
59--people--driving--car_59_peopledrivingcar_peopledrivingcar_59_427.jpg_b144245.jpg,train,clear,172,172,1.0,True,large,wider_59--people--driving--car_59_peopledrivingcar_peopledrivingcar_59_427.jpg,C:\Thực tập LUMI\model_BaiToan\Deepleaning\data\dataset\raw\clear\59--people--driving--car_59_peopledrivingcar_peopledrivingcar_59_427.jpg_b144245.jpg
18--Concerts_18_Concerts_Concerts_18_366.jpg_b11361.jpg,train,clear,493,493,1.0,True,large,wider_18--Concerts_18_Concerts_Concerts_18_366.jpg,C:\Thực tập LUMI\model_BaiToan\Deepleaning\data\dataset\raw\clear\18--Concerts_18_Concerts_Concerts_18_366.jpg_b11361.jpg
1--Handshaking_1_Handshaking_Handshaking_1_464.jpg_b16495.jpg,train,clear,174,174,1.0,True,large,wider_1--Handshaking_1_Handshaking_Handshaking_1_464.jpg,C:\Thực tập LUMI\model_BaiToan\Deepleaning\data\dataset\raw\clear\1--Handshaking_1_Handshaking_Handshaking_1_464.jpg_b16495.jpg
12--Group_12_Group_Group_12_Group_Group_12_100.jpg_b32775.jpg,train,clear,136,136,1.0,True,large,wider_12--Group_12_Group_Group_12_Group_Group_12_100.jpg,C:\Thực tập LUMI\model_BaiToan\Deepleaning\data\dataset\raw\clear\12--Group_12_Group_Group_12_Group_Group_12_100.jpg_b32775.jpg
01a0b746-ce50-7090-be75-d358bf3dce49_nvr-llWGaUl9M9E771xokkJUiNr5fMyJBigI_1789781266144_img_face1.jpg,train,clear,182,182,1.0,True,large,single_01a0b746-ce50-7090-be75-d358bf3dce49_nvr-llWGaUl9M9E771xokkJUiNr5fMyJBigI_1789781266144_img_face1.jpg,C:\Thực tập LUMI\model_BaiToan\Deepleaning\data\dataset\raw\clear\01a0b746-ce50-7090-be75-d358bf3dce49_nvr-llWGaUl9M9E771xokkJUiNr5fMyJBigI_1789781266144_img_face1.jpg
16--Award_Ceremony_16_Award_Ceremony_Awards_Ceremony_16_433.jpg_b40205.jpg,train,clear,163,163,1.0,True,large,wider_16--Award_Ceremony_16_Award_Ceremony_Awards_Ceremony_16_433.jpg,C:\Thực tập LUMI\model_BaiToan\Deepleaning\data\dataset\raw\clear\16--Award_Ceremony_16_Award_Ceremony_Awards_Ceremony_16_433.jpg_b40205.jpg
KhanhMB_20260414_161117_105.jpg,train,clear,112,112,1.0,True,large,person_session_KhanhMB_20260414_1611,C:\Thực tập LUMI\model_BaiToan\Deepleaning\data\dataset\raw\clear\KhanhMB_20260414_161117_105.jpg
13--Interview_13_Interview_Interview_Sequences_13_473.jpg_b36851.jpg,train,clear,488,488,1.0,True,large,wider_13--Interview_13_Interview_Interview_Sequences_13_473.jpg,C:\Thực tập LUMI\model_BaiToan\Deepleaning\data\dataset\raw\clear\13--Interview_13_Interview_Interview_Sequences_13_473.jpg_b36851.jpg
13--Interview_13_Interview_Interview_Sequences_13_753.jpg_b37071.jpg,train,clear,116,116,1.0,True,large,wider_13--Interview_13_Interview_Interview_Sequences_13_753.jpg,C:\Thực tập LUMI\model_BaiToan\Deepleaning\data\dataset\raw\clear\13--Interview_13_Interview_Interview_Sequences_13_753.jpg_b37071.jpg
13--Interview_13_Interview_Interview_2_People_Visible_13_492.jpg_b37560.jpg,train,clear,640,640,1.0,True,large,wider_13--Interview_13_Interview_Interview_2_People_Visible_13_492.jpg,C:\Thực tập LUMI\model_BaiToan\Deepleaning\data\dataset\raw\clear\13--Interview_13_Interview_Interview_2_People_Visible_13_492.jpg_b37560.jpg
26--Soldier_Drilling_26_Soldier_Drilling_Soldiers_Drilling_26_606.jpg_b23132.jpg,train,clear,170,170,1.0,True,large,wider_26--Soldier_Drilling_26_Soldier_Drilling_Soldiers_Drilling_26_606.jpg,C:\Thực tập LUMI\model_BaiToan\Deepleaning\data\dataset\raw\clear\26--Soldier_Drilling_26_Soldier_Drilling_Soldiers_Drilling_26_606.jpg_b23132.jpg
50--Celebration_Or_Party_50_Celebration_Or_Party_birthdayparty_50_342.jpg_b133132.jpg,train,clear,188,188,1.0,True,large,wider_50--Celebration_Or_Party_50_Celebration_Or_Party_birthdayparty_50_342.jpg,C:\Thực tập LUMI\model_BaiToan\Deepleaning\data\dataset\raw\clear\50--Celebration_Or_Party_50_Celebration_Or_Party_birthdayparty_50_342.jpg_b133132.jpg
13--Interview_13_Interview_Interview_Sequences_13_233.jpg_b36791.jpg,train,clear,240,240,1.0,True,large,wider_13--Interview_13_Interview_Interview_Sequences_13_233.jpg,C:\Thực tập LUMI\model_BaiToan\Deepleaning\data\dataset\raw\clear\13--Interview_13_Interview_Interview_Sequences_13_233.jpg_b36791.jpg
34--Baseball_34_Baseball_Baseball_34_59.jpg_b100388.jpg,train,clear,140,140,1.0,True,large,wider_34--Baseball_34_Baseball_Baseball_34_59.jpg,C:\Thực tập LUMI\model_BaiToan\Deepleaning\data\dataset\raw\clear\34--Baseball_34_Baseball_Baseball_34_59.jpg_b100388.jpg
19--Couple_19_Couple_Couple_19_514.jpg_b11482.jpg,train,clear,314,314,1.0,True,large,wider_19--Couple_19_Couple_Couple_19_514.jpg,C:\Thực tập LUMI\model_BaiToan\Deepleaning\data\dataset\raw\clear\19--Couple_19_Couple_Couple_19_514.jpg_b11482.jpg
40--Gymnastics_40_Gymnastics_Gymnastics_40_197.jpg_b30881.jpg,train,clear,178,178,1.0,True,large,wider_40--Gymnastics_40_Gymnastics_Gymnastics_40_197.jpg,C:\Thực tập LUMI\model_BaiToan\Deepleaning\data\dataset\raw\clear\40--Gymnastics_40_Gymnastics_Gymnastics_40_197.jpg_b30881.jpg
0--Parade_0_Parade_Parade_0_395.jpg_b15657.jpg,train,clear,230,230,1.0,True,large,wider_0--Parade_0_Parade_Parade_0_395.jpg,C:\Thực tập LUMI\model_BaiToan\Deepleaning\data\dataset\raw\clear\0--Parade_0_Parade_Parade_0_395.jpg_b15657.jpg
0--Parade_0_Parade_Parade_0_395.jpg_b15659.jpg,train,occluded,146,146,1.0,True,large,wider_0--Parade_0_Parade_Parade_0_395.jpg,C:\Thực tập LUMI\model_BaiToan\Deepleaning\data\dataset\raw\occluded\0--Parade_0_Parade_Parade_0_395.jpg_b15659.jpg
002507_face.jpg,train,clear,138,138,1.0,True,large,single_002507_face.jpg,C:\Thực tập LUMI\model_BaiToan\Deepleaning\data\dataset\raw\clear\002507_face.jpg
13--Interview_13_Interview_Interview_Sequences_13_806.jpg_b36552.jpg,train,clear,224,224,1.0,True,large,wider_13--Interview_13_Interview_Interview_Sequences_13_806.jpg,C:\Thực tập LUMI\model_BaiToan\Deepleaning\data\dataset\raw\clear\13--Interview_13_Interview_Interview_Sequences_13_806.jpg_b36552.jpg
3--Riot_3_Riot_Riot_3_93.jpg_b97719.jpg,train,clear,304,304,1.0,True,large,wider_3--Riot_3_Riot_Riot_3_93.jpg,C:\Thực tập LUMI\model_BaiToan\Deepleaning\data\dataset\raw\clear\3--Riot_3_Riot_Riot_3_93.jpg_b97719.jpg
1--Handshaking_1_Handshaking_Handshaking_1_61.jpg_b16629.jpg,train,clear,112,112,1.0,True,large,wider_1--Handshaking_1_Handshaking_Handshaking_1_61.jpg,C:\Thực tập LUMI\model_BaiToan\Deepleaning\data\dataset\raw\clear\1--Handshaking_1_Handshaking_Handshaking_1_61.jpg_b16629.jpg
9--Press_Conference_9_Press_Conference_Press_Conference_9_851.jpg_b156870.jpg,train,clear,230,230,1.0,True,large,wider_9--Press_Conference_9_Press_Conference_Press_Conference_9_851.jpg,C:\Thực tập LUMI\model_BaiToan\Deepleaning\data\dataset\raw\clear\9--Press_Conference_9_Press_Conference_Press_Conference_9_851.jpg_b156870.jpg
38--Tennis_38_Tennis_Tennis_38_759.jpg_b116077.jpg,train,clear,262,262,1.0,True,large,wider_38--Tennis_38_Tennis_Tennis_38_759.jpg,C:\Thực tập LUMI\model_BaiToan\Deepleaning\data\dataset\raw\clear\38--Tennis_38_Tennis_Tennis_38_759.jpg_b116077.jpg
QuyND_20260414_161836_498.jpg,train,clear,112,112,1.0,True,large,person_session_QuyND_20260414_1618,C:\Thực tập LUMI\model_BaiToan\Deepleaning\data\dataset\raw\clear\QuyND_20260414_161836_498.jpg
31--Waiter_Waitress_31_Waiter_Waitress_Waiter_Waitress_31_680.jpg_b98797.jpg,train,clear,140,140,1.0,True,large,wider_31--Waiter_Waitress_31_Waiter_Waitress_Waiter_Waitress_31_680.jpg,C:\Thực tập LUMI\model_BaiToan\Deepleaning\data\dataset\raw\clear\31--Waiter_Waitress_31_Waiter_Waitress_Waiter_Waitress_31_680.jpg_b98797.jpg
14--Traffic_14_Traffic_Traffic_14_479.jpg_b38619.jpg,train,clear,168,168,1.0,True,large,wider_14--Traffic_14_Traffic_Traffic_14_479.jpg,C:\Thực tập LUMI\model_BaiToan\Deepleaning\data\dataset\raw\clear\14--Traffic_14_Traffic_Traffic_14_479.jpg_b38619.jpg
9--Press_Conference_9_Press_Conference_Press_Conference_9_196.jpg_b39064.jpg,train,clear,451,451,1.0,True,large,wider_9--Press_Conference_9_Press_Conference_Press_Conference_9_196.jpg,C:\Thực tập LUMI\model_BaiToan\Deepleaning\data\dataset\raw\clear\9--Press_Conference_9_Press_Conference_Press_Conference_9_196.jpg_b39064.jpg
01a0b889-02b0-7a51-9f94-1c1b260db89f_nvr-llWGaUl9M9E771xokkJUiNr5fMyJBigI_1789802382746_img_face1.jpg,train,clear,158,158,1.0,True,large,single_01a0b889-02b0-7a51-9f94-1c1b260db89f_nvr-llWGaUl9M9E771xokkJUiNr5fMyJBigI_1789802382746_img_face1.jpg,C:\Thực tập LUMI\model_BaiToan\Deepleaning\data\dataset\raw\clear\01a0b889-02b0-7a51-9f94-1c1b260db89f_nvr-llWGaUl9M9E771xokkJUiNr5fMyJBigI_1789802382746_img_face1.jpg
17--Ceremony_17_Ceremony_Ceremony_17_883.jpg_b41033.jpg,train,clear,144,144,1.0,True,large,wider_17--Ceremony_17_Ceremony_Ceremony_17_883.jpg,C:\Thực tập LUMI\model_BaiToan\Deepleaning\data\dataset\raw\clear\17--Ceremony_17_Ceremony_Ceremony_17_883.jpg_b41033.jpg
13--Interview_13_Interview_Interview_On_Location_13_287.jpg_b9628.jpg,train,clear,144,144,1.0,True,large,wider_13--Interview_13_Interview_Interview_On_Location_13_287.jpg,C:\Thực tập LUMI\model_BaiToan\Deepleaning\data\dataset\raw\clear\13--Interview_13_Interview_Interview_On_Location_13_287.jpg_b9628.jpg
13--Interview_13_Interview_Interview_On_Location_13_790.jpg_b37272.jpg,train,clear,176,176,1.0,True,large,wider_13--Interview_13_Interview_Interview_On_Location_13_790.jpg,C:\Thực tập LUMI\model_BaiToan\Deepleaning\data\dataset\raw\clear\13--Interview_13_Interview_Interview_On_Location_13_790.jpg_b37272.jpg
41--Swimming_41_Swimming_Swimmer_41_783.jpg_b121324.jpg,train,clear,634,634,1.0,True,large,wider_41--Swimming_41_Swimming_Swimmer_41_783.jpg,C:\Thực tập LUMI\model_BaiToan\Deepleaning\data\dataset\raw\clear\41--Swimming_41_Swimming_Swimmer_41_783.jpg_b121324.jpg
14--Traffic_14_Traffic_Traffic_14_531.jpg_b38041.jpg,train,clear,721,721,1.0,True,large,wider_14--Traffic_14_Traffic_Traffic_14_531.jpg,C:\Thực tập LUMI\model_BaiToan\Deepleaning\data\dataset\raw\clear\14--Traffic_14_Traffic_Traffic_14_531.jpg_b38041.jpg
54--Rescue_54_Rescue_rescuepeople_54_771.jpg_b138044.jpg,train,clear,439,439,1.0,True,large,wider_54--Rescue_54_Rescue_rescuepeople_54_771.jpg,C:\Thực tập LUMI\model_BaiToan\Deepleaning\data\dataset\raw\clear\54--Rescue_54_Rescue_rescuepeople_54_771.jpg_b138044.jpg
48--Parachutist_Paratrooper_48_Parachutist_Paratrooper_Parachutist_Paratrooper_48_652.jpg_b33288.jpg,train,clear,173,173,1.0,True,large,wider_48--Parachutist_Paratrooper_48_Parachutist_Paratrooper_Parachutist_Paratrooper_48_652.jpg,C:\Thực tập LUMI\model_BaiToan\Deepleaning\data\dataset\raw\clear\48--Parachutist_Paratrooper_48_Parachutist_Paratrooper_Parachutist_Paratrooper_48_652.jpg_b33288.jpg
13--Interview_13_Interview_Interview_Sequences_13_309.jpg_b36421.jpg,train,clear,210,210,1.0,True,large,wider_13--Interview_13_Interview_Interview_Sequences_13_309.jpg,C:\Thực tập LUMI\model_BaiToan\Deepleaning\data\dataset\raw\clear\13--Interview_13_Interview_Interview_Sequences_13_309.jpg_b36421.jpg
45--Balloonist_45_Balloonist_Balloonist_45_173.jpg_b124486.jpg,train,clear,617,617,1.0,True,large,wider_45--Balloonist_45_Balloonist_Balloonist_45_173.jpg,C:\Thực tập LUMI\model_BaiToan\Deepleaning\data\dataset\raw\clear\45--Balloonist_45_Balloonist_Balloonist_45_173.jpg_b124486.jpg
35--Basketball_35_Basketball_playingbasketball_35_34.jpg_b106692.jpg,train,clear,179,179,1.0,True,large,wider_35--Basketball_35_Basketball_playingbasketball_35_34.jpg,C:\Thực tập LUMI\model_BaiToan\Deepleaning\data\dataset\raw\clear\35--Basketball_35_Basketball_playingbasketball_35_34.jpg_b106692.jpg
DoanNV_20260414_151426_507.jpg,train,clear,112,112,1.0,True,large,person_session_DoanNV_20260414_1514,C:\Thực tập LUMI\model_BaiToan\Deepleaning\data\dataset\raw\clear\DoanNV_20260414_151426_507.jpg
DoanNV_20260414_151427_676.jpg,train,clear,112,112,1.0,True,large,person_session_DoanNV_20260414_1514,C:\Thực tập LUMI\model_BaiToan\Deepleaning\data\dataset\raw\clear\DoanNV_20260414_151427_676.jpg
DoanNV_20260414_151424_597.jpg,train,occluded,112,112,1.0,True,large,person_session_DoanNV_20260414_1514,C:\Thực tập LUMI\model_BaiToan\Deepleaning\data\dataset\raw\occluded\DoanNV_20260414_151424_597.jpg
44--Aerobics_44_Aerobics_Aerobics_44_583.jpg_b31856.jpg,train,clear,446,446,1.0,True,large,wider_44--Aerobics_44_Aerobics_Aerobics_44_583.jpg,C:\Thực tập LUMI\model_BaiToan\Deepleaning\data\dataset\raw\clear\44--Aerobics_44_Aerobics_Aerobics_44_583.jpg_b31856.jpg
13--Interview_13_Interview_Interview_On_Location_13_791.jpg_b9637.jpg,train,clear,453,453,1.0,True,large,wider_13--Interview_13_Interview_Interview_On_Location_13_791.jpg,C:\Thực tập LUMI\model_BaiToan\Deepleaning\data\dataset\raw\clear\13--Interview_13_Interview_Interview_On_Location_13_791.jpg_b9637.jpg
30--Surgeons_30_Surgeons_Surgeons_30_500.jpg_b98362.jpg,train,clear,412,412,1.0,True,large,wider_30--Surgeons_30_Surgeons_Surgeons_30_500.jpg,C:\Thực tập LUMI\model_BaiToan\Deepleaning\data\dataset\raw\clear\30--Surgeons_30_Surgeons_Surgeons_30_500.jpg_b98362.jpg
12--Group_12_Group_Group_12_Group_Group_12_664.jpg_b32697.jpg,train,clear,156,156,1.0,True,large,wider_12--Group_12_Group_Group_12_Group_Group_12_664.jpg,C:\Thực tập LUMI\model_BaiToan\Deepleaning\data\dataset\raw\clear\12--Group_12_Group_Group_12_Group_Group_12_664.jpg_b32697.jpg
48--Parachutist_Paratrooper_48_Parachutist_Paratrooper_Parachutist_Paratrooper_48_266.jpg_b130229.jpg,train,clear,116,116,1.0,True,large,wider_48--Parachutist_Paratrooper_48_Parachutist_Paratrooper_Parachutist_Paratrooper_48_266.jpg,C:\Thực tập LUMI\model_BaiToan\Deepleaning\data\dataset\raw\clear\48--Parachutist_Paratrooper_48_Parachutist_Paratrooper_Parachutist_Paratrooper_48_266.jpg_b130229.jpg
9--Press_Conference_9_Press_Conference_Press_Conference_9_232.jpg_b156747.jpg,train,clear,256,256,1.0,True,large,wider_9--Press_Conference_9_Press_Conference_Press_Conference_9_232.jpg,C:\Thực tập LUMI\model_BaiToan\Deepleaning\data\dataset\raw\clear\9--Press_Conference_9_Press_Conference_Press_Conference_9_232.jpg_b156747.jpg
55--Sports_Coach_Trainer_55_Sports_Coach_Trainer_sportcoaching_55_682.jpg_b138903.jpg,train,clear,192,192,1.0,True,large,wider_55--Sports_Coach_Trainer_55_Sports_Coach_Trainer_sportcoaching_55_682.jpg,C:\Thực tập LUMI\model_BaiToan\Deepleaning\data\dataset\raw\clear\55--Sports_Coach_Trainer_55_Sports_Coach_Trainer_sportcoaching_55_682.jpg_b138903.jpg
49--Greeting_49_Greeting_peoplegreeting_49_814.jpg_b131247.jpg,train,clear,516,516,1.0,True,large,wider_49--Greeting_49_Greeting_peoplegreeting_49_814.jpg,C:\Thực tập LUMI\model_BaiToan\Deepleaning\data\dataset\raw\clear\49--Greeting_49_Greeting_peoplegreeting_49_814.jpg_b131247.jpg
001890_face.jpg,train,clear,146,146,1.0,True,large,single_001890_face.jpg,C:\Thực tập LUMI\model_BaiToan\Deepleaning\data\dataset\raw\clear\001890_face.jpg
9--Press_Conference_9_Press_Conference_Press_Conference_9_147.jpg_b39094.jpg,train,clear,136,136,1.0,True,large,wider_9--Press_Conference_9_Press_Conference_Press_Conference_9_147.jpg,C:\Thực tập LUMI\model_BaiToan\Deepleaning\data\dataset\raw\clear\9--Press_Conference_9_Press_Conference_Press_Conference_9_147.jpg_b39094.jpg
002754_face.jpg,train,clear,158,158,1.0,True,large,single_002754_face.jpg,C:\Thực tập LUMI\model_BaiToan\Deepleaning\data\dataset\raw\clear\002754_face.jpg
13--Interview_13_Interview_Interview_On_Location_13_1013.jpg_b36339.jpg,train,clear,275,275,1.0,True,large,wider_13--Interview_13_Interview_Interview_On_Location_13_1013.jpg,C:\Thực tập LUMI\model_BaiToan\Deepleaning\data\dataset\raw\clear\13--Interview_13_Interview_Interview_On_Location_13_1013.jpg_b36339.jpg
41--Swimming_41_Swimming_Swimmer_41_822.jpg_b121732.jpg,train,clear,258,258,1.0,True,large,wider_41--Swimming_41_Swimming_Swimmer_41_822.jpg,C:\Thực tập LUMI\model_BaiToan\Deepleaning\data\dataset\raw\clear\41--Swimming_41_Swimming_Swimmer_41_822.jpg_b121732.jpg
35--Basketball_35_Basketball_basketballgame_ball_35_67.jpg_b103081.jpg,train,clear,232,232,1.0,True,large,wider_35--Basketball_35_Basketball_basketballgame_ball_35_67.jpg,C:\Thực tập LUMI\model_BaiToan\Deepleaning\data\dataset\raw\clear\35--Basketball_35_Basketball_basketballgame_ball_35_67.jpg_b103081.jpg
6--Funeral_6_Funeral_Funeral_6_581.jpg_b144961.jpg,train,clear,242,242,1.0,True,large,wider_6--Funeral_6_Funeral_Funeral_6_581.jpg,C:\Thực tập LUMI\model_BaiToan\Deepleaning\data\dataset\raw\clear\6--Funeral_6_Funeral_Funeral_6_581.jpg_b144961.jpg
41--Swimming_41_Swimming_Swimmer_41_61.jpg_b121822.jpg,train,clear,222,222,1.0,True,large,wider_41--Swimming_41_Swimming_Swimmer_41_61.jpg,C:\Thực tập LUMI\model_BaiToan\Deepleaning\data\dataset\raw\clear\41--Swimming_41_Swimming_Swimmer_41_61.jpg_b121822.jpg
35--Basketball_35_Basketball_playingbasketball_35_111.jpg_b103013.jpg,train,clear,261,261,1.0,True,large,wider_35--Basketball_35_Basketball_playingbasketball_35_111.jpg,C:\Thực tập LUMI\model_BaiToan\Deepleaning\data\dataset\raw\clear\35--Basketball_35_Basketball_playingbasketball_35_111.jpg_b103013.jpg
13--Interview_13_Interview_Interview_On_Location_13_896.jpg_b36423.jpg,train,clear,466,466,1.0,True,large,wider_13--Interview_13_Interview_Interview_On_Location_13_896.jpg,C:\Thực tập LUMI\model_BaiToan\Deepleaning\data\dataset\raw\clear\13--Interview_13_Interview_Interview_On_Location_13_896.jpg_b36423.jpg
29--Students_Schoolkids_29_Students_Schoolkids_Students_Schoolkids_29_336.jpg_b94890.jpg,train,clear,188,188,1.0,True,large,wider_29--Students_Schoolkids_29_Students_Schoolkids_Students_Schoolkids_29_336.jpg,C:\Thực tập LUMI\model_BaiToan\Deepleaning\data\dataset\raw\clear\29--Students_Schoolkids_29_Students_Schoolkids_Students_Schoolkids_29_336.jpg_b94890.jpg
31--Waiter_Waitress_31_Waiter_Waitress_Waiter_Waitress_31_888.jpg_b24866.jpg,train,clear,239,239,1.0,True,large,wider_31--Waiter_Waitress_31_Waiter_Waitress_Waiter_Waitress_31_888.jpg,C:\Thực tập LUMI\model_BaiToan\Deepleaning\data\dataset\raw\clear\31--Waiter_Waitress_31_Waiter_Waitress_Waiter_Waitress_31_888.jpg_b24866.jpg
9--Press_Conference_9_Press_Conference_Press_Conference_9_626.jpg_b156709.jpg,train,clear,474,474,1.0,True,large,wider_9--Press_Conference_9_Press_Conference_Press_Conference_9_626.jpg,C:\Thực tập LUMI\model_BaiToan\Deepleaning\data\dataset\raw\clear\9--Press_Conference_9_Press_Conference_Press_Conference_9_626.jpg_b156709.jpg
31--Waiter_Waitress_31_Waiter_Waitress_Waiter_Waitress_31_843.jpg_b99334.jpg,train,clear,202,202,1.0,True,large,wider_31--Waiter_Waitress_31_Waiter_Waitress_Waiter_Waitress_31_843.jpg,C:\Thực tập LUMI\model_BaiToan\Deepleaning\data\dataset\raw\clear\31--Waiter_Waitress_31_Waiter_Waitress_Waiter_Waitress_31_843.jpg_b99334.jpg
2--Demonstration_2_Demonstration_Political_Rally_2_122.jpg_b65009.jpg,train,clear,202,202,1.0,True,large,wider_2--Demonstration_2_Demonstration_Political_Rally_2_122.jpg,C:\Thực tập LUMI\model_BaiToan\Deepleaning\data\dataset\raw\clear\2--Demonstration_2_Demonstration_Political_Rally_2_122.jpg_b65009.jpg
20--Family_Group_20_Family_Group_Family_Group_20_1011.jpg_b83265.jpg,train,clear,420,420,1.0,True,large,wider_20--Family_Group_20_Family_Group_Family_Group_20_1011.jpg,C:\Thực tập LUMI\model_BaiToan\Deepleaning\data\dataset\raw\clear\20--Family_Group_20_Family_Group_Family_Group_20_1011.jpg_b83265.jpg
16--Award_Ceremony_16_Award_Ceremony_Awards_Ceremony_16_471.jpg_b39636.jpg,train,clear,359,359,1.0,True,large,wider_16--Award_Ceremony_16_Award_Ceremony_Awards_Ceremony_16_471.jpg,C:\Thực tập LUMI\model_BaiToan\Deepleaning\data\dataset\raw\clear\16--Award_Ceremony_16_Award_Ceremony_Awards_Ceremony_16_471.jpg_b39636.jpg
56--Voter_56_Voter_peoplevoting_56_949.jpg_b139744.jpg,train,clear,494,494,1.0,True,large,wider_56--Voter_56_Voter_peoplevoting_56_949.jpg,C:\Thực tập LUMI\model_BaiToan\Deepleaning\data\dataset\raw\clear\56--Voter_56_Voter_peoplevoting_56_949.jpg_b139744.jpg
001397_face.jpg,train,clear,140,140,1.0,True,large,single_001397_face.jpg,C:\Thực tập LUMI\model_BaiToan\Deepleaning\data\dataset\raw\clear\001397_face.jpg
28--Sports_Fan_28_Sports_Fan_Sports_Fan_28_156.jpg_b94648.jpg,train,clear,546,546,1.0,True,large,wider_28--Sports_Fan_28_Sports_Fan_Sports_Fan_28_156.jpg,C:\Thực tập LUMI\model_BaiToan\Deepleaning\data\dataset\raw\clear\28--Sports_Fan_28_Sports_Fan_Sports_Fan_28_156.jpg_b94648.jpg
1--Handshaking_1_Handshaking_Handshaking_1_545.jpg_b16875.jpg,train,clear,694,694,1.0,True,large,wider_1--Handshaking_1_Handshaking_Handshaking_1_545.jpg,C:\Thực tập LUMI\model_BaiToan\Deepleaning\data\dataset\raw\clear\1--Handshaking_1_Handshaking_Handshaking_1_545.jpg_b16875.jpg
40--Gymnastics_40_Gymnastics_Gymnastics_40_50.jpg_b120189.jpg,train,clear,145,145,1.0,True,large,wider_40--Gymnastics_40_Gymnastics_Gymnastics_40_50.jpg,C:\Thực tập LUMI\model_BaiToan\Deepleaning\data\dataset\raw\clear\40--Gymnastics_40_Gymnastics_Gymnastics_40_50.jpg_b120189.jpg
008382_face.jpg,train,clear,122,122,1.0,True,large,single_008382_face.jpg,C:\Thực tập LUMI\model_BaiToan\Deepleaning\data\dataset\raw\clear\008382_face.jpg
31--Waiter_Waitress_31_Waiter_Waitress_Waiter_Waitress_31_78.jpg_b98758.jpg,train,clear,452,452,1.0,True,large,wider_31--Waiter_Waitress_31_Waiter_Waitress_Waiter_Waitress_31_78.jpg,C:\Thực tập LUMI\model_BaiToan\Deepleaning\data\dataset\raw\clear\31--Waiter_Waitress_31_Waiter_Waitress_Waiter_Waitress_31_78.jpg_b98758.jpg
7--Cheering_7_Cheering_Cheering_7_835.jpg_b37708.jpg,train,clear,405,405,1.0,True,large,wider_7--Cheering_7_Cheering_Cheering_7_835.jpg,C:\Thực tập LUMI\model_BaiToan\Deepleaning\data\dataset\raw\clear\7--Cheering_7_Cheering_Cheering_7_835.jpg_b37708.jpg
3--Riot_3_Riot_Riot_3_427.jpg_b96627.jpg,train,clear,165,165,1.0,True,large,wider_3--Riot_3_Riot_Riot_3_427.jpg,C:\Thực tập LUMI\model_BaiToan\Deepleaning\data\dataset\raw\clear\3--Riot_3_Riot_Riot_3_427.jpg_b96627.jpg
9--Press_Conference_9_Press_Conference_Press_Conference_9_901.jpg_b156843.jpg,train,clear,468,468,1.0,True,large,wider_9--Press_Conference_9_Press_Conference_Press_Conference_9_901.jpg,C:\Thực tập LUMI\model_BaiToan\Deepleaning\data\dataset\raw\clear\9--Press_Conference_9_Press_Conference_Press_Conference_9_901.jpg_b156843.jpg
20--Family_Group_20_Family_Group_Family_Group_20_746.jpg_b83892.jpg,train,clear,112,112,1.0,True,large,wider_20--Family_Group_20_Family_Group_Family_Group_20_746.jpg,C:\Thực tập LUMI\model_BaiToan\Deepleaning\data\dataset\raw\clear\20--Family_Group_20_Family_Group_Family_Group_20_746.jpg_b83892.jpg
16--Award_Ceremony_16_Award_Ceremony_Awards_Ceremony_16_467.jpg_b10406.jpg,train,clear,539,539,1.0,True,large,wider_16--Award_Ceremony_16_Award_Ceremony_Awards_Ceremony_16_467.jpg,C:\Thực tập LUMI\model_BaiToan\Deepleaning\data\dataset\raw\clear\16--Award_Ceremony_16_Award_Ceremony_Awards_Ceremony_16_467.jpg_b10406.jpg
16--Award_Ceremony_16_Award_Ceremony_Awards_Ceremony_16_161.jpg_b39282.jpg,train,clear,186,186,1.0,True,large,wider_16--Award_Ceremony_16_Award_Ceremony_Awards_Ceremony_16_161.jpg,C:\Thực tập LUMI\model_BaiToan\Deepleaning\data\dataset\raw\clear\16--Award_Ceremony_16_Award_Ceremony_Awards_Ceremony_16_161.jpg_b39282.jpg
32--Worker_Laborer_32_Worker_Laborer_Worker_Laborer_32_301.jpg_b99463.jpg,train,clear,164,164,1.0,True,large,wider_32--Worker_Laborer_32_Worker_Laborer_Worker_Laborer_32_301.jpg,C:\Thực tập LUMI\model_BaiToan\Deepleaning\data\dataset\raw\clear\32--Worker_Laborer_32_Worker_Laborer_Worker_Laborer_32_301.jpg_b99463.jpg
48--Parachutist_Paratrooper_48_Parachutist_Paratrooper_Parachutist_Paratrooper_48_205.jpg_b33249.jpg,train,clear,118,118,1.0,True,large,wider_48--Parachutist_Paratrooper_48_Parachutist_Paratrooper_Parachutist_Paratrooper_48_205.jpg,C:\Thực tập LUMI\model_BaiToan\Deepleaning\data\dataset\raw\clear\48--Parachutist_Paratrooper_48_Parachutist_Paratrooper_Parachutist_Paratrooper_48_205.jpg_b33249.jpg
57--Angler_57_Angler_peoplefishing_57_868.jpg_b35870.jpg,train,clear,234,234,1.0,True,large,wider_57--Angler_57_Angler_peoplefishing_57_868.jpg,C:\Thực tập LUMI\model_BaiToan\Deepleaning\data\dataset\raw\clear\57--Angler_57_Angler_peoplefishing_57_868.jpg_b35870.jpg
20--Family_Group_20_Family_Group_Family_Group_20_750.jpg_b20827.jpg,train,clear,247,247,1.0,True,large,wider_20--Family_Group_20_Family_Group_Family_Group_20_750.jpg,C:\Thực tập LUMI\model_BaiToan\Deepleaning\data\dataset\raw\clear\20--Family_Group_20_Family_Group_Family_Group_20_750.jpg_b20827.jpg
18--Concerts_18_Concerts_Concerts_18_428.jpg_b43385.jpg,train,clear,120,120,1.0,True,large,wider_18--Concerts_18_Concerts_Concerts_18_428.jpg,C:\Thực tập LUMI\model_BaiToan\Deepleaning\data\dataset\raw\clear\18--Concerts_18_Concerts_Concerts_18_428.jpg_b43385.jpg
29--Students_Schoolkids_29_Students_Schoolkids_Students_Schoolkids_29_559.jpg_b96266.jpg,train,clear,178,178,1.0,True,large,wider_29--Students_Schoolkids_29_Students_Schoolkids_Students_Schoolkids_29_559.jpg,C:\Thực tập LUMI\model_BaiToan\Deepleaning\data\dataset\raw\clear\29--Students_Schoolkids_29_Students_Schoolkids_Students_Schoolkids_29_559.jpg_b96266.jpg
12--Group_12_Group_Group_12_Group_Group_12_244.jpg_b35699.jpg,train,clear,132,132,1.0,True,large,wider_12--Group_12_Group_Group_12_Group_Group_12_244.jpg,C:\Thực tập LUMI\model_BaiToan\Deepleaning\data\dataset\raw\clear\12--Group_12_Group_Group_12_Group_Group_12_244.jpg_b35699.jpg
12--Group_12_Group_Group_12_Group_Group_12_244.jpg_b35703.jpg,train,clear,82,82,1.0,True,medium,wider_12--Group_12_Group_Group_12_Group_Group_12_244.jpg,C:\Thực tập LUMI\model_BaiToan\Deepleaning\data\dataset\raw\clear\12--Group_12_Group_Group_12_Group_Group_12_244.jpg_b35703.jpg
58--Hockey_58_Hockey_icehockey_puck_58_1030.jpg_b143746.jpg,train,clear,114,114,1.0,True,large,wider_58--Hockey_58_Hockey_icehockey_puck_58_1030.jpg,C:\Thực tập LUMI\model_BaiToan\Deepleaning\data\dataset\raw\clear\58--Hockey_58_Hockey_icehockey_puck_58_1030.jpg_b143746.jpg
38--Tennis_38_Tennis_Tennis_38_81.jpg_b29999.jpg,train,clear,188,188,1.0,True,large,wider_38--Tennis_38_Tennis_Tennis_38_81.jpg,C:\Thực tập LUMI\model_BaiToan\Deepleaning\data\dataset\raw\clear\38--Tennis_38_Tennis_Tennis_38_81.jpg_b29999.jpg
2--Demonstration_2_Demonstration_Protesters_2_456.jpg_b19458.jpg,train,clear,163,163,1.0,True,large,wider_2--Demonstration_2_Demonstration_Protesters_2_456.jpg,C:\Thực tập LUMI\model_BaiToan\Deepleaning\data\dataset\raw\clear\2--Demonstration_2_Demonstration_Protesters_2_456.jpg_b19458.jpg
001674_face.jpg,train,clear,132,132,1.0,True,large,single_001674_face.jpg,C:\Thực tập LUMI\model_BaiToan\Deepleaning\data\dataset\raw\clear\001674_face.jpg
32--Worker_Laborer_32_Worker_Laborer_Worker_Laborer_32_810.jpg_b99684.jpg,train,clear,195,195,1.0,True,large,wider_32--Worker_Laborer_32_Worker_Laborer_Worker_Laborer_32_810.jpg,C:\Thực tập LUMI\model_BaiToan\Deepleaning\data\dataset\raw\clear\32--Worker_Laborer_32_Worker_Laborer_Worker_Laborer_32_810.jpg_b99684.jpg
2--Demonstration_2_Demonstration_Demonstration_Or_Protest_2_315.jpg_b57082.jpg,train,clear,132,132,1.0,True,large,wider_2--Demonstration_2_Demonstration_Demonstration_Or_Protest_2_315.jpg,C:\Thực tập LUMI\model_BaiToan\Deepleaning\data\dataset\raw\clear\2--Demonstration_2_Demonstration_Demonstration_Or_Protest_2_315.jpg_b57082.jpg
51--Dresses_51_Dresses_wearingdress_51_378.jpg_b134456.jpg,train,clear,150,150,1.0,True,large,wider_51--Dresses_51_Dresses_wearingdress_51_378.jpg,C:\Thực tập LUMI\model_BaiToan\Deepleaning\data\dataset\raw\clear\51--Dresses_51_Dresses_wearingdress_51_378.jpg_b134456.jpg
40--Gymnastics_40_Gymnastics_Gymnastics_40_376.jpg_b120001.jpg,train,clear,195,195,1.0,True,large,wider_40--Gymnastics_40_Gymnastics_Gymnastics_40_376.jpg,C:\Thực tập LUMI\model_BaiToan\Deepleaning\data\dataset\raw\clear\40--Gymnastics_40_Gymnastics_Gymnastics_40_376.jpg_b120001.jpg
29--Students_Schoolkids_29_Students_Schoolkids_Students_Schoolkids_29_342.jpg_b95871.jpg,train,clear,270,270,1.0,True,large,wider_29--Students_Schoolkids_29_Students_Schoolkids_Students_Schoolkids_29_342.jpg,C:\Thực tập LUMI\model_BaiToan\Deepleaning\data\dataset\raw\clear\29--Students_Schoolkids_29_Students_Schoolkids_Students_Schoolkids_29_342.jpg_b95871.jpg
NghiNV_20260415_090049_905.jpg,train,clear,112,112,1.0,True,large,person_session_NghiNV_20260415_0900,C:\Thực tập LUMI\model_BaiToan\Deepleaning\data\dataset\raw\clear\NghiNV_20260415_090049_905.jpg
01a0b2c7-1678-7860-8148-fee3c09ff506_nvr-llWGaUl9M9E771xokkJUiNr5fMyJBigI_1789705786997_img_face1.jpg,train,clear,120,120,1.0,True,large,single_01a0b2c7-1678-7860-8148-fee3c09ff506_nvr-llWGaUl9M9E771xokkJUiNr5fMyJBigI_1789705786997_img_face1.jpg,C:\Thực tập LUMI\model_BaiToan\Deepleaning\data\dataset\raw\clear\01a0b2c7-1678-7860-8148-fee3c09ff506_nvr-llWGaUl9M9E771xokkJUiNr5fMyJBigI_1789705786997_img_face1.jpg
01a0b3b9-84f8-78b0-b816-1234cdd33125_nvr-llWGaUl9M9E771xokkJUiNr5fMyJBigI_1789721675627_img_face.jpg,train,clear,121,121,1.0,True,large,single_01a0b3b9-84f8-78b0-b816-1234cdd33125_nvr-llWGaUl9M9E771xokkJUiNr5fMyJBigI_1789721675627_img_face.jpg,C:\Thực tập LUMI\model_BaiToan\Deepleaning\data\dataset\raw\clear\01a0b3b9-84f8-78b0-b816-1234cdd33125_nvr-llWGaUl9M9E771xokkJUiNr5fMyJBigI_1789721675627_img_face.jpg
19--Couple_19_Couple_Couple_19_871.jpg_b45504.jpg,train,clear,342,342,1.0,True,large,wider_19--Couple_19_Couple_Couple_19_871.jpg,C:\Thực tập LUMI\model_BaiToan\Deepleaning\data\dataset\raw\clear\19--Couple_19_Couple_Couple_19_871.jpg_b45504.jpg
17--Ceremony_17_Ceremony_Ceremony_17_1005.jpg_b10834.jpg,train,clear,279,279,1.0,True,large,wider_17--Ceremony_17_Ceremony_Ceremony_17_1005.jpg,C:\Thực tập LUMI\model_BaiToan\Deepleaning\data\dataset\raw\clear\17--Ceremony_17_Ceremony_Ceremony_17_1005.jpg_b10834.jpg
58--Hockey_58_Hockey_icehockey_puck_58_370.jpg_b141961.jpg,train,clear,190,190,1.0,True,large,wider_58--Hockey_58_Hockey_icehockey_puck_58_370.jpg,C:\Thực tập LUMI\model_BaiToan\Deepleaning\data\dataset\raw\clear\58--Hockey_58_Hockey_icehockey_puck_58_370.jpg_b141961.jpg
30--Surgeons_30_Surgeons_Surgeons_30_836.jpg_b98231.jpg,train,clear,311,311,1.0,True,large,wider_30--Surgeons_30_Surgeons_Surgeons_30_836.jpg,C:\Thực tập LUMI\model_BaiToan\Deepleaning\data\dataset\raw\clear\30--Surgeons_30_Surgeons_Surgeons_30_836.jpg_b98231.jpg
19--Couple_19_Couple_Couple_19_735.jpg_b45500.jpg,train,clear,655,655,1.0,True,large,wider_19--Couple_19_Couple_Couple_19_735.jpg,C:\Thực tập LUMI\model_BaiToan\Deepleaning\data\dataset\raw\clear\19--Couple_19_Couple_Couple_19_735.jpg_b45500.jpg
51--Dresses_51_Dresses_wearingdress_51_910.jpg_b134547.jpg,train,clear,165,165,1.0,True,large,wider_51--Dresses_51_Dresses_wearingdress_51_910.jpg,C:\Thực tập LUMI\model_BaiToan\Deepleaning\data\dataset\raw\clear\51--Dresses_51_Dresses_wearingdress_51_910.jpg_b134547.jpg
6--Funeral_6_Funeral_Funeral_6_719.jpg_b145477.jpg,train,clear,148,148,1.0,True,large,wider_6--Funeral_6_Funeral_Funeral_6_719.jpg,C:\Thực tập LUMI\model_BaiToan\Deepleaning\data\dataset\raw\clear\6--Funeral_6_Funeral_Funeral_6_719.jpg_b145477.jpg
000491_face.jpg,train,clear,133,133,1.0,True,large,single_000491_face.jpg,C:\Thực tập LUMI\model_BaiToan\Deepleaning\data\dataset\raw\clear\000491_face.jpg
TrangNH_20260414_151436_944.jpg,train,clear,112,112,1.0,True,large,person_session_TrangNH_20260414_1514,C:\Thực tập LUMI\model_BaiToan\Deepleaning\data\dataset\raw\clear\TrangNH_20260414_151436_944.jpg
13--Interview_13_Interview_Interview_On_Location_13_56.jpg_b9631.jpg,train,clear,146,146,1.0,True,large,wider_13--Interview_13_Interview_Interview_On_Location_13_56.jpg,C:\Thực tập LUMI\model_BaiToan\Deepleaning\data\dataset\raw\clear\13--Interview_13_Interview_Interview_On_Location_13_56.jpg_b9631.jpg
51--Dresses_51_Dresses_wearingdress_51_268.jpg_b34405.jpg,train,clear,116,116,1.0,True,large,wider_51--Dresses_51_Dresses_wearingdress_51_268.jpg,C:\Thực tập LUMI\model_BaiToan\Deepleaning\data\dataset\raw\clear\51--Dresses_51_Dresses_wearingdress_51_268.jpg_b34405.jpg
35--Basketball_35_Basketball_basketballgame_ball_35_137.jpg_b102025.jpg,train,clear,120,120,1.0,True,large,wider_35--Basketball_35_Basketball_basketballgame_ball_35_137.jpg,C:\Thực tập LUMI\model_BaiToan\Deepleaning\data\dataset\raw\clear\35--Basketball_35_Basketball_basketballgame_ball_35_137.jpg_b102025.jpg
52--Photographers_52_Photographers_taketouristphotos_52_15.jpg_b34546.jpg,train,clear,221,221,1.0,True,large,wider_52--Photographers_52_Photographers_taketouristphotos_52_15.jpg,C:\Thực tập LUMI\model_BaiToan\Deepleaning\data\dataset\raw\clear\52--Photographers_52_Photographers_taketouristphotos_52_15.jpg_b34546.jpg
12--Group_12_Group_Team_Organized_Group_12_Group_Team_Organized_Group_12_759.jpg_b7933.jpg,train,clear,122,122,1.0,True,large,wider_12--Group_12_Group_Team_Organized_Group_12_Group_Team_Organized_Group_12_759.jpg,C:\Thực tập LUMI\model_BaiToan\Deepleaning\data\dataset\raw\clear\12--Group_12_Group_Team_Organized_Group_12_Group_Team_Organized_Group_12_759.jpg_b7933.jpg
002600_face.jpg,train,clear,121,121,1.0,True,large,single_002600_face.jpg,C:\Thực tập LUMI\model_BaiToan\Deepleaning\data\dataset\raw\clear\002600_face.jpg
KhanhDD_20260415_085445_434.jpg,train,clear,112,112,1.0,True,large,person_session_KhanhDD_20260415_0854,C:\Thực tập LUMI\model_BaiToan\Deepleaning\data\dataset\raw\clear\KhanhDD_20260415_085445_434.jpg
GiangNDM_20260414_162000_526.jpg,train,clear,112,112,1.0,True,large,person_session_GiangNDM_20260414_1620,C:\Thực tập LUMI\model_BaiToan\Deepleaning\data\dataset\raw\clear\GiangNDM_20260414_162000_526.jpg
GiangNDM_20260414_162019_762.jpg,train,clear,112,112,1.0,True,large,person_session_GiangNDM_20260414_1620,C:\Thực tập LUMI\model_BaiToan\Deepleaning\data\dataset\raw\clear\GiangNDM_20260414_162019_762.jpg
GiangNDM_20260414_162021_928.jpg,train,clear,112,112,1.0,True,large,person_session_GiangNDM_20260414_1620,C:\Thực tập LUMI\model_BaiToan\Deepleaning\data\dataset\raw\clear\GiangNDM_20260414_162021_928.jpg
61--Street_Battle_61_Street_Battle_streetfight_61_710.jpg_b147226.jpg,train,clear,194,194,1.0,True,large,wider_61--Street_Battle_61_Street_Battle_streetfight_61_710.jpg,C:\Thực tập LUMI\model_BaiToan\Deepleaning\data\dataset\raw\clear\61--Street_Battle_61_Street_Battle_streetfight_61_710.jpg_b147226.jpg
13--Interview_13_Interview_Interview_2_People_Visible_13_108.jpg_b37551.jpg,train,clear,137,137,1.0,True,large,wider_13--Interview_13_Interview_Interview_2_People_Visible_13_108.jpg,C:\Thực tập LUMI\model_BaiToan\Deepleaning\data\dataset\raw\clear\13--Interview_13_Interview_Interview_2_People_Visible_13_108.jpg_b37551.jpg
26--Soldier_Drilling_26_Soldier_Drilling_Soldiers_Drilling_26_58.jpg_b92216.jpg,train,clear,511,511,1.0,True,large,wider_26--Soldier_Drilling_26_Soldier_Drilling_Soldiers_Drilling_26_58.jpg,C:\Thực tập LUMI\model_BaiToan\Deepleaning\data\dataset\raw\clear\26--Soldier_Drilling_26_Soldier_Drilling_Soldiers_Drilling_26_58.jpg_b92216.jpg
11--Meeting_11_Meeting_Meeting_11_Meeting_Meeting_11_607.jpg_b22862.jpg,train,clear,224,224,1.0,True,large,wider_11--Meeting_11_Meeting_Meeting_11_Meeting_Meeting_11_607.jpg,C:\Thực tập LUMI\model_BaiToan\Deepleaning\data\dataset\raw\clear\11--Meeting_11_Meeting_Meeting_11_Meeting_Meeting_11_607.jpg_b22862.jpg
32--Worker_Laborer_32_Worker_Laborer_Worker_Laborer_32_93.jpg_b99488.jpg,train,clear,424,424,1.0,True,large,wider_32--Worker_Laborer_32_Worker_Laborer_Worker_Laborer_32_93.jpg,C:\Thực tập LUMI\model_BaiToan\Deepleaning\data\dataset\raw\clear\32--Worker_Laborer_32_Worker_Laborer_Worker_Laborer_32_93.jpg_b99488.jpg
47--Matador_Bullfighter_47_Matador_Bullfighter_Matador_Bullfighter_47_551.jpg_b127608.jpg,train,clear,128,128,1.0,True,large,wider_47--Matador_Bullfighter_47_Matador_Bullfighter_Matador_Bullfighter_47_551.jpg,C:\Thực tập LUMI\model_BaiToan\Deepleaning\data\dataset\raw\clear\47--Matador_Bullfighter_47_Matador_Bullfighter_Matador_Bullfighter_47_551.jpg_b127608.jpg
2--Demonstration_2_Demonstration_Political_Rally_2_186.jpg_b71083.jpg,train,clear,485,485,1.0,True,large,wider_2--Demonstration_2_Demonstration_Political_Rally_2_186.jpg,C:\Thực tập LUMI\model_BaiToan\Deepleaning\data\dataset\raw\clear\2--Demonstration_2_Demonstration_Political_Rally_2_186.jpg_b71083.jpg
51--Dresses_51_Dresses_wearingdress_51_240.jpg_b134841.jpg,train,clear,522,522,1.0,True,large,wider_51--Dresses_51_Dresses_wearingdress_51_240.jpg,C:\Thực tập LUMI\model_BaiToan\Deepleaning\data\dataset\raw\clear\51--Dresses_51_Dresses_wearingdress_51_240.jpg_b134841.jpg
59--people--driving--car_59_peopledrivingcar_peopledrivingcar_59_4.jpg_b144121.jpg,train,clear,228,228,1.0,True,large,wider_59--people--driving--car_59_peopledrivingcar_peopledrivingcar_59_4.jpg,C:\Thực tập LUMI\model_BaiToan\Deepleaning\data\dataset\raw\clear\59--people--driving--car_59_peopledrivingcar_peopledrivingcar_59_4.jpg_b144121.jpg
13--Interview_13_Interview_Interview_2_People_Visible_13_464.jpg_b37009.jpg,train,clear,198,198,1.0,True,large,wider_13--Interview_13_Interview_Interview_2_People_Visible_13_464.jpg,C:\Thực tập LUMI\model_BaiToan\Deepleaning\data\dataset\raw\clear\13--Interview_13_Interview_Interview_2_People_Visible_13_464.jpg_b37009.jpg
01a0b34a-f830-70f0-a0d5-35a178238867_nvr-llWGaUl9M9E771xokkJUiNr5fMyJBigI_1789714430450_img_face7.jpg,train,clear,139,139,1.0,True,large,single_01a0b34a-f830-70f0-a0d5-35a178238867_nvr-llWGaUl9M9E771xokkJUiNr5fMyJBigI_1789714430450_img_face7.jpg,C:\Thực tập LUMI\model_BaiToan\Deepleaning\data\dataset\raw\clear\01a0b34a-f830-70f0-a0d5-35a178238867_nvr-llWGaUl9M9E771xokkJUiNr5fMyJBigI_1789714430450_img_face7.jpg
45--Balloonist_45_Balloonist_Balloonist_45_346.jpg_b124691.jpg,train,clear,154,154,1.0,True,large,wider_45--Balloonist_45_Balloonist_Balloonist_45_346.jpg,C:\Thực tập LUMI\model_BaiToan\Deepleaning\data\dataset\raw\clear\45--Balloonist_45_Balloonist_Balloonist_45_346.jpg_b124691.jpg
18--Concerts_18_Concerts_Concerts_18_933.jpg_b44681.jpg,train,clear,148,148,1.0,True,large,wider_18--Concerts_18_Concerts_Concerts_18_933.jpg,C:\Thực tập LUMI\model_BaiToan\Deepleaning\data\dataset\raw\clear\18--Concerts_18_Concerts_Concerts_18_933.jpg_b44681.jpg
006486_face.jpg,train,clear,127,127,1.0,True,large,single_006486_face.jpg,C:\Thực tập LUMI\model_BaiToan\Deepleaning\data\dataset\raw\clear\006486_face.jpg
01a0b348-9ab8-7bf0-a13b-de297a36c068_nvr-llWGaUl9M9E771xokkJUiNr5fMyJBigI_1789714275835_img_face6.jpg,train,clear,115,115,1.0,True,large,single_01a0b348-9ab8-7bf0-a13b-de297a36c068_nvr-llWGaUl9M9E771xokkJUiNr5fMyJBigI_1789714275835_img_face6.jpg,C:\Thực tập LUMI\model_BaiToan\Deepleaning\data\dataset\raw\clear\01a0b348-9ab8-7bf0-a13b-de297a36c068_nvr-llWGaUl9M9E771xokkJUiNr5fMyJBigI_1789714275835_img_face6.jpg
GiangNDM_20260414_155202_90.jpg,train,clear,112,112,1.0,True,large,person_session_GiangNDM_20260414_1552,C:\Thực tập LUMI\model_BaiToan\Deepleaning\data\dataset\raw\clear\GiangNDM_20260414_155202_90.jpg
41--Swimming_41_Swimming_Swimmer_41_728.jpg_b121647.jpg,train,clear,376,376,1.0,True,large,wider_41--Swimming_41_Swimming_Swimmer_41_728.jpg,C:\Thực tập LUMI\model_BaiToan\Deepleaning\data\dataset\raw\clear\41--Swimming_41_Swimming_Swimmer_41_728.jpg_b121647.jpg
19--Couple_19_Couple_Couple_19_49.jpg_b45555.jpg,train,clear,158,158,1.0,True,large,wider_19--Couple_19_Couple_Couple_19_49.jpg,C:\Thực tập LUMI\model_BaiToan\Deepleaning\data\dataset\raw\clear\19--Couple_19_Couple_Couple_19_49.jpg_b45555.jpg
32--Worker_Laborer_32_Worker_Laborer_Worker_Laborer_32_676.jpg_b99647.jpg,train,clear,124,124,1.0,True,large,wider_32--Worker_Laborer_32_Worker_Laborer_Worker_Laborer_32_676.jpg,C:\Thực tập LUMI\model_BaiToan\Deepleaning\data\dataset\raw\clear\32--Worker_Laborer_32_Worker_Laborer_Worker_Laborer_32_676.jpg_b99647.jpg
54--Rescue_54_Rescue_rescuepeople_54_860.jpg_b35036.jpg,train,clear,243,243,1.0,True,large,wider_54--Rescue_54_Rescue_rescuepeople_54_860.jpg,C:\Thực tập LUMI\model_BaiToan\Deepleaning\data\dataset\raw\clear\54--Rescue_54_Rescue_rescuepeople_54_860.jpg_b35036.jpg
19--Couple_19_Couple_Couple_19_936.jpg_b11432.jpg,train,clear,128,128,1.0,True,large,wider_19--Couple_19_Couple_Couple_19_936.jpg,C:\Thực tập LUMI\model_BaiToan\Deepleaning\data\dataset\raw\clear\19--Couple_19_Couple_Couple_19_936.jpg_b11432.jpg
8--Election_Campain_8_Election_Campain_Election_Campaign_8_357.jpg_b38784.jpg,train,clear,170,170,1.0,True,large,wider_8--Election_Campain_8_Election_Campain_Election_Campaign_8_357.jpg,C:\Thực tập LUMI\model_BaiToan\Deepleaning\data\dataset\raw\clear\8--Election_Campain_8_Election_Campain_Election_Campaign_8_357.jpg_b38784.jpg
01a0b346-f0f0-7182-91fb-e71e396e81c0_nvr-llWGaUl9M9E771xokkJUiNr5fMyJBigI_1789714166711_img_face6.jpg,train,clear,116,116,1.0,True,large,single_01a0b346-f0f0-7182-91fb-e71e396e81c0_nvr-llWGaUl9M9E771xokkJUiNr5fMyJBigI_1789714166711_img_face6.jpg,C:\Thực tập LUMI\model_BaiToan\Deepleaning\data\dataset\raw\clear\01a0b346-f0f0-7182-91fb-e71e396e81c0_nvr-llWGaUl9M9E771xokkJUiNr5fMyJBigI_1789714166711_img_face6.jpg
12--Group_12_Group_Group_12_Group_Group_12_183.jpg_b35664.jpg,train,clear,160,160,1.0,True,large,wider_12--Group_12_Group_Group_12_Group_Group_12_183.jpg,C:\Thực tập LUMI\model_BaiToan\Deepleaning\data\dataset\raw\clear\12--Group_12_Group_Group_12_Group_Group_12_183.jpg_b35664.jpg
19--Couple_19_Couple_Couple_19_231.jpg_b45329.jpg,train,clear,156,156,1.0,True,large,wider_19--Couple_19_Couple_Couple_19_231.jpg,C:\Thực tập LUMI\model_BaiToan\Deepleaning\data\dataset\raw\clear\19--Couple_19_Couple_Couple_19_231.jpg_b45329.jpg
29--Students_Schoolkids_29_Students_Schoolkids_Students_Schoolkids_29_463.jpg_b23850.jpg,train,clear,213,213,1.0,True,large,wider_29--Students_Schoolkids_29_Students_Schoolkids_Students_Schoolkids_29_463.jpg,C:\Thực tập LUMI\model_BaiToan\Deepleaning\data\dataset\raw\clear\29--Students_Schoolkids_29_Students_Schoolkids_Students_Schoolkids_29_463.jpg_b23850.jpg
13--Interview_13_Interview_Interview_2_People_Visible_13_406.jpg_b9793.jpg,train,clear,536,536,1.0,True,large,wider_13--Interview_13_Interview_Interview_2_People_Visible_13_406.jpg,C:\Thực tập LUMI\model_BaiToan\Deepleaning\data\dataset\raw\clear\13--Interview_13_Interview_Interview_2_People_Visible_13_406.jpg_b9793.jpg
20--Family_Group_20_Family_Group_Family_Group_20_445.jpg_b81989.jpg,train,clear,220,220,1.0,True,large,wider_20--Family_Group_20_Family_Group_Family_Group_20_445.jpg,C:\Thực tập LUMI\model_BaiToan\Deepleaning\data\dataset\raw\clear\20--Family_Group_20_Family_Group_Family_Group_20_445.jpg_b81989.jpg
01a0b95e-2530-79b2-94da-5d9dfec03aab_nvr-llWGaUl9M9E771xokkJUiNr5fMyJBigI_1789816350245_img_face.jpg,train,clear,146,146,1.0,True,large,single_01a0b95e-2530-79b2-94da-5d9dfec03aab_nvr-llWGaUl9M9E771xokkJUiNr5fMyJBigI_1789816350245_img_face.jpg,C:\Thực tập LUMI\model_BaiToan\Deepleaning\data\dataset\raw\clear\01a0b95e-2530-79b2-94da-5d9dfec03aab_nvr-llWGaUl9M9E771xokkJUiNr5fMyJBigI_1789816350245_img_face.jpg
38--Tennis_38_Tennis_Tennis_38_774.jpg_b115793.jpg,train,clear,229,229,1.0,True,large,wider_38--Tennis_38_Tennis_Tennis_38_774.jpg,C:\Thực tập LUMI\model_BaiToan\Deepleaning\data\dataset\raw\clear\38--Tennis_38_Tennis_Tennis_38_774.jpg_b115793.jpg
12--Group_12_Group_Team_Organized_Group_12_Group_Team_Organized_Group_12_50.jpg_b9535.jpg,train,clear,220,220,1.0,True,large,wider_12--Group_12_Group_Team_Organized_Group_12_Group_Team_Organized_Group_12_50.jpg,C:\Thực tập LUMI\model_BaiToan\Deepleaning\data\dataset\raw\clear\12--Group_12_Group_Team_Organized_Group_12_Group_Team_Organized_Group_12_50.jpg_b9535.jpg
35--Basketball_35_Basketball_basketballgame_ball_35_42.jpg_b104945.jpg,train,clear,114,114,1.0,True,large,wider_35--Basketball_35_Basketball_basketballgame_ball_35_42.jpg,C:\Thực tập LUMI\model_BaiToan\Deepleaning\data\dataset\raw\clear\35--Basketball_35_Basketball_basketballgame_ball_35_42.jpg_b104945.jpg
35--Basketball_35_Basketball_basketballgame_ball_35_42.jpg_b104946.jpg,train,occluded,85,85,1.0,True,medium,wider_35--Basketball_35_Basketball_basketballgame_ball_35_42.jpg,C:\Thực tập LUMI\model_BaiToan\Deepleaning\data\dataset\raw\occluded\35--Basketball_35_Basketball_basketballgame_ball_35_42.jpg_b104946.jpg
56--Voter_56_Voter_peoplevoting_56_106.jpg_b140847.jpg,train,clear,132,132,1.0,True,large,wider_56--Voter_56_Voter_peoplevoting_56_106.jpg,C:\Thực tập LUMI\model_BaiToan\Deepleaning\data\dataset\raw\clear\56--Voter_56_Voter_peoplevoting_56_106.jpg_b140847.jpg
13--Interview_13_Interview_Interview_2_People_Visible_13_244.jpg_b37209.jpg,train,clear,143,143,1.0,True,large,wider_13--Interview_13_Interview_Interview_2_People_Visible_13_244.jpg,C:\Thực tập LUMI\model_BaiToan\Deepleaning\data\dataset\raw\clear\13--Interview_13_Interview_Interview_2_People_Visible_13_244.jpg_b37209.jpg
13--Interview_13_Interview_Interview_2_People_Visible_13_244.jpg_b37211.jpg,train,clear,156,156,1.0,True,large,wider_13--Interview_13_Interview_Interview_2_People_Visible_13_244.jpg,C:\Thực tập LUMI\model_BaiToan\Deepleaning\data\dataset\raw\clear\13--Interview_13_Interview_Interview_2_People_Visible_13_244.jpg_b37211.jpg
28--Sports_Fan_28_Sports_Fan_Sports_Fan_28_165.jpg_b23785.jpg,train,clear,192,192,1.0,True,large,wider_28--Sports_Fan_28_Sports_Fan_Sports_Fan_28_165.jpg,C:\Thực tập LUMI\model_BaiToan\Deepleaning\data\dataset\raw\clear\28--Sports_Fan_28_Sports_Fan_Sports_Fan_28_165.jpg_b23785.jpg
30--Surgeons_30_Surgeons_Surgeons_30_678.jpg_b98518.jpg,train,clear,308,308,1.0,True,large,wider_30--Surgeons_30_Surgeons_Surgeons_30_678.jpg,C:\Thực tập LUMI\model_BaiToan\Deepleaning\data\dataset\raw\clear\30--Surgeons_30_Surgeons_Surgeons_30_678.jpg_b98518.jpg
14--Traffic_14_Traffic_Traffic_14_539.jpg_b38250.jpg,train,clear,139,139,1.0,True,large,wider_14--Traffic_14_Traffic_Traffic_14_539.jpg,C:\Thực tập LUMI\model_BaiToan\Deepleaning\data\dataset\raw\clear\14--Traffic_14_Traffic_Traffic_14_539.jpg_b38250.jpg
51--Dresses_51_Dresses_wearingdress_51_1035.jpg_b34444.jpg,train,clear,119,119,1.0,True,large,wider_51--Dresses_51_Dresses_wearingdress_51_1035.jpg,C:\Thực tập LUMI\model_BaiToan\Deepleaning\data\dataset\raw\clear\51--Dresses_51_Dresses_wearingdress_51_1035.jpg_b34444.jpg
006900_face.jpg,train,clear,124,124,1.0,True,large,single_006900_face.jpg,C:\Thực tập LUMI\model_BaiToan\Deepleaning\data\dataset\raw\clear\006900_face.jpg
31--Waiter_Waitress_31_Waiter_Waitress_Waiter_Waitress_31_227.jpg_b24787.jpg,train,clear,204,204,1.0,True,large,wider_31--Waiter_Waitress_31_Waiter_Waitress_Waiter_Waitress_31_227.jpg,C:\Thực tập LUMI\model_BaiToan\Deepleaning\data\dataset\raw\clear\31--Waiter_Waitress_31_Waiter_Waitress_Waiter_Waitress_31_227.jpg_b24787.jpg
HienNV_20260414_160254_172.jpg,train,clear,112,112,1.0,True,large,person_session_HienNV_20260414_1602,C:\Thực tập LUMI\model_BaiToan\Deepleaning\data\dataset\raw\clear\HienNV_20260414_160254_172.jpg
54--Rescue_54_Rescue_firemanrescue_54_167.jpg_b138221.jpg,train,clear,172,172,1.0,True,large,wider_54--Rescue_54_Rescue_firemanrescue_54_167.jpg,C:\Thực tập LUMI\model_BaiToan\Deepleaning\data\dataset\raw\clear\54--Rescue_54_Rescue_firemanrescue_54_167.jpg_b138221.jpg
9--Press_Conference_9_Press_Conference_Press_Conference_9_821.jpg_b156143.jpg,train,clear,204,204,1.0,True,large,wider_9--Press_Conference_9_Press_Conference_Press_Conference_9_821.jpg,C:\Thực tập LUMI\model_BaiToan\Deepleaning\data\dataset\raw\clear\9--Press_Conference_9_Press_Conference_Press_Conference_9_821.jpg_b156143.jpg
9--Press_Conference_9_Press_Conference_Press_Conference_9_821.jpg_b156145.jpg,train,clear,206,206,1.0,True,large,wider_9--Press_Conference_9_Press_Conference_Press_Conference_9_821.jpg,C:\Thực tập LUMI\model_BaiToan\Deepleaning\data\dataset\raw\clear\9--Press_Conference_9_Press_Conference_Press_Conference_9_821.jpg_b156145.jpg
44--Aerobics_44_Aerobics_Aerobics_44_886.jpg_b123612.jpg,train,clear,419,419,1.0,True,large,wider_44--Aerobics_44_Aerobics_Aerobics_44_886.jpg,C:\Thực tập LUMI\model_BaiToan\Deepleaning\data\dataset\raw\clear\44--Aerobics_44_Aerobics_Aerobics_44_886.jpg_b123612.jpg
51--Dresses_51_Dresses_wearingdress_51_120.jpg_b134241.jpg,train,clear,259,259,1.0,True,large,wider_51--Dresses_51_Dresses_wearingdress_51_120.jpg,C:\Thực tập LUMI\model_BaiToan\Deepleaning\data\dataset\raw\clear\51--Dresses_51_Dresses_wearingdress_51_120.jpg_b134241.jpg
41--Swimming_41_Swimming_Swimmer_41_175.jpg_b121913.jpg,train,clear,310,310,1.0,True,large,wider_41--Swimming_41_Swimming_Swimmer_41_175.jpg,C:\Thực tập LUMI\model_BaiToan\Deepleaning\data\dataset\raw\clear\41--Swimming_41_Swimming_Swimmer_41_175.jpg_b121913.jpg
000314_face.jpg,train,clear,117,117,1.0,True,large,single_000314_face.jpg,C:\Thực tập LUMI\model_BaiToan\Deepleaning\data\dataset\raw\clear\000314_face.jpg
15--Stock_Market_15_Stock_Market_Stock_Market_15_445.jpg_b39264.jpg,train,clear,995,995,1.0,True,large,wider_15--Stock_Market_15_Stock_Market_Stock_Market_15_445.jpg,C:\Thực tập LUMI\model_BaiToan\Deepleaning\data\dataset\raw\clear\15--Stock_Market_15_Stock_Market_Stock_Market_15_445.jpg_b39264.jpg
41--Swimming_41_Swimming_Swimming_41_387.jpg_b121900.jpg,train,clear,202,202,1.0,True,large,wider_41--Swimming_41_Swimming_Swimming_41_387.jpg,C:\Thực tập LUMI\model_BaiToan\Deepleaning\data\dataset\raw\clear\41--Swimming_41_Swimming_Swimming_41_387.jpg_b121900.jpg
12--Group_12_Group_Team_Organized_Group_12_Group_Team_Organized_Group_12_839.jpg_b35281.jpg,train,clear,660,660,1.0,True,large,wider_12--Group_12_Group_Team_Organized_Group_12_Group_Team_Organized_Group_12_839.jpg,C:\Thực tập LUMI\model_BaiToan\Deepleaning\data\dataset\raw\clear\12--Group_12_Group_Team_Organized_Group_12_Group_Team_Organized_Group_12_839.jpg_b35281.jpg
47--Matador_Bullfighter_47_Matador_Bullfighter_Matador_Bullfighter_47_28.jpg_b128674.jpg,train,clear,137,137,1.0,True,large,wider_47--Matador_Bullfighter_47_Matador_Bullfighter_Matador_Bullfighter_47_28.jpg,C:\Thực tập LUMI\model_BaiToan\Deepleaning\data\dataset\raw\clear\47--Matador_Bullfighter_47_Matador_Bullfighter_Matador_Bullfighter_47_28.jpg_b128674.jpg
01a0b4e2-6cc8-7ac1-893a-da3130c01590_nvr-llWGaUl9M9E771xokkJUiNr5fMyJBigI_1789741133089_img_face.jpg,train,clear,168,168,1.0,True,large,single_01a0b4e2-6cc8-7ac1-893a-da3130c01590_nvr-llWGaUl9M9E771xokkJUiNr5fMyJBigI_1789741133089_img_face.jpg,C:\Thực tập LUMI\model_BaiToan\Deepleaning\data\dataset\raw\clear\01a0b4e2-6cc8-7ac1-893a-da3130c01590_nvr-llWGaUl9M9E771xokkJUiNr5fMyJBigI_1789741133089_img_face.jpg
2--Demonstration_2_Demonstration_Political_Rally_2_855.jpg_b74027.jpg,train,clear,145,145,1.0,True,large,wider_2--Demonstration_2_Demonstration_Political_Rally_2_855.jpg,C:\Thực tập LUMI\model_BaiToan\Deepleaning\data\dataset\raw\clear\2--Demonstration_2_Demonstration_Political_Rally_2_855.jpg_b74027.jpg
28--Sports_Fan_28_Sports_Fan_Sports_Fan_28_204.jpg_b94646.jpg,train,clear,342,342,1.0,True,large,wider_28--Sports_Fan_28_Sports_Fan_Sports_Fan_28_204.jpg,C:\Thực tập LUMI\model_BaiToan\Deepleaning\data\dataset\raw\clear\28--Sports_Fan_28_Sports_Fan_Sports_Fan_28_204.jpg_b94646.jpg
2--Demonstration_2_Demonstration_Demonstrators_2_435.jpg_b81254.jpg,train,clear,152,152,1.0,True,large,wider_2--Demonstration_2_Demonstration_Demonstrators_2_435.jpg,C:\Thực tập LUMI\model_BaiToan\Deepleaning\data\dataset\raw\clear\2--Demonstration_2_Demonstration_Demonstrators_2_435.jpg_b81254.jpg
36--Football_36_Football_americanfootball_ball_36_853.jpg_b28995.jpg,train,clear,148,148,1.0,True,large,wider_36--Football_36_Football_americanfootball_ball_36_853.jpg,C:\Thực tập LUMI\model_BaiToan\Deepleaning\data\dataset\raw\clear\36--Football_36_Football_americanfootball_ball_36_853.jpg_b28995.jpg
45--Balloonist_45_Balloonist_Balloonist_45_1029.jpg_b124636.jpg,train,clear,422,422,1.0,True,large,wider_45--Balloonist_45_Balloonist_Balloonist_45_1029.jpg,C:\Thực tập LUMI\model_BaiToan\Deepleaning\data\dataset\raw\clear\45--Balloonist_45_Balloonist_Balloonist_45_1029.jpg_b124636.jpg
13--Interview_13_Interview_Interview_Sequences_13_455.jpg_b37236.jpg,train,clear,928,928,1.0,True,large,wider_13--Interview_13_Interview_Interview_Sequences_13_455.jpg,C:\Thực tập LUMI\model_BaiToan\Deepleaning\data\dataset\raw\clear\13--Interview_13_Interview_Interview_Sequences_13_455.jpg_b37236.jpg
12--Group_12_Group_Group_12_Group_Group_12_627.jpg_b24298.jpg,train,clear,170,170,1.0,True,large,wider_12--Group_12_Group_Group_12_Group_Group_12_627.jpg,C:\Thực tập LUMI\model_BaiToan\Deepleaning\data\dataset\raw\clear\12--Group_12_Group_Group_12_Group_Group_12_627.jpg_b24298.jpg
36--Football_36_Football_americanfootball_ball_36_731.jpg_b112862.jpg,train,clear,210,210,1.0,True,large,wider_36--Football_36_Football_americanfootball_ball_36_731.jpg,C:\Thực tập LUMI\model_BaiToan\Deepleaning\data\dataset\raw\clear\36--Football_36_Football_americanfootball_ball_36_731.jpg_b112862.jpg
49--Greeting_49_Greeting_peoplegreeting_49_316.jpg_b130369.jpg,train,clear,319,319,1.0,True,large,wider_49--Greeting_49_Greeting_peoplegreeting_49_316.jpg,C:\Thực tập LUMI\model_BaiToan\Deepleaning\data\dataset\raw\clear\49--Greeting_49_Greeting_peoplegreeting_49_316.jpg_b130369.jpg
42--Car_Racing_42_Car_Racing_Nascar_42_945.jpg_b122569.jpg,train,clear,585,585,1.0,True,large,wider_42--Car_Racing_42_Car_Racing_Nascar_42_945.jpg,C:\Thực tập LUMI\model_BaiToan\Deepleaning\data\dataset\raw\clear\42--Car_Racing_42_Car_Racing_Nascar_42_945.jpg_b122569.jpg
32--Worker_Laborer_32_Worker_Laborer_Worker_Laborer_32_134.jpg_b24949.jpg,train,clear,138,138,1.0,True,large,wider_32--Worker_Laborer_32_Worker_Laborer_Worker_Laborer_32_134.jpg,C:\Thực tập LUMI\model_BaiToan\Deepleaning\data\dataset\raw\clear\32--Worker_Laborer_32_Worker_Laborer_Worker_Laborer_32_134.jpg_b24949.jpg
41--Swimming_41_Swimming_Swimmer_41_663.jpg_b121943.jpg,train,clear,164,164,1.0,True,large,wider_41--Swimming_41_Swimming_Swimmer_41_663.jpg,C:\Thực tập LUMI\model_BaiToan\Deepleaning\data\dataset\raw\clear\41--Swimming_41_Swimming_Swimmer_41_663.jpg_b121943.jpg
47--Matador_Bullfighter_47_Matador_Bullfighter_matadorbullfighting_47_777.jpg_b32218.jpg,train,clear,240,240,1.0,True,large,wider_47--Matador_Bullfighter_47_Matador_Bullfighter_matadorbullfighting_47_777.jpg,C:\Thực tập LUMI\model_BaiToan\Deepleaning\data\dataset\raw\clear\47--Matador_Bullfighter_47_Matador_Bullfighter_matadorbullfighting_47_777.jpg_b32218.jpg
10--People_Marching_10_People_Marching_People_Marching_2_65.jpg_b21795.jpg,train,clear,112,112,1.0,True,large,wider_10--People_Marching_10_People_Marching_People_Marching_2_65.jpg,C:\Thực tập LUMI\model_BaiToan\Deepleaning\data\dataset\raw\clear\10--People_Marching_10_People_Marching_People_Marching_2_65.jpg_b21795.jpg
TanDT_20260415_085647_698.jpg,train,clear,112,112,1.0,True,large,person_session_TanDT_20260415_0856,C:\Thực tập LUMI\model_BaiToan\Deepleaning\data\dataset\raw\clear\TanDT_20260415_085647_698.jpg
20--Family_Group_20_Family_Group_Family_Group_20_648.jpg_b20686.jpg,train,clear,142,142,1.0,True,large,wider_20--Family_Group_20_Family_Group_Family_Group_20_648.jpg,C:\Thực tập LUMI\model_BaiToan\Deepleaning\data\dataset\raw\clear\20--Family_Group_20_Family_Group_Family_Group_20_648.jpg_b20686.jpg
01a0b7d6-0278-7c20-8d88-4e6598295d1b_nvr-llWGaUl9M9E771xokkJUiNr5fMyJBigI_1789790651692_img_face.jpg,train,clear,117,117,1.0,True,large,single_01a0b7d6-0278-7c20-8d88-4e6598295d1b_nvr-llWGaUl9M9E771xokkJUiNr5fMyJBigI_1789790651692_img_face.jpg,C:\Thực tập LUMI\model_BaiToan\Deepleaning\data\dataset\raw\clear\01a0b7d6-0278-7c20-8d88-4e6598295d1b_nvr-llWGaUl9M9E771xokkJUiNr5fMyJBigI_1789790651692_img_face.jpg
01a0b7a3-6958-7e90-bcbe-7111969db563_nvr-llWGaUl9M9E771xokkJUiNr5fMyJBigI_1789787335746_img_face.jpg,train,clear,112,112,1.0,True,large,single_01a0b7a3-6958-7e90-bcbe-7111969db563_nvr-llWGaUl9M9E771xokkJUiNr5fMyJBigI_1789787335746_img_face.jpg,C:\Thực tập LUMI\model_BaiToan\Deepleaning\data\dataset\raw\clear\01a0b7a3-6958-7e90-bcbe-7111969db563_nvr-llWGaUl9M9E771xokkJUiNr5fMyJBigI_1789787335746_img_face.jpg
28--Sports_Fan_28_Sports_Fan_Sports_Fan_28_857.jpg_b93495.jpg,train,clear,139,139,1.0,True,large,wider_28--Sports_Fan_28_Sports_Fan_Sports_Fan_28_857.jpg,C:\Thực tập LUMI\model_BaiToan\Deepleaning\data\dataset\raw\clear\28--Sports_Fan_28_Sports_Fan_Sports_Fan_28_857.jpg_b93495.jpg
28--Sports_Fan_28_Sports_Fan_Sports_Fan_28_857.jpg_b93500.jpg,train,occluded,139,139,1.0,True,large,wider_28--Sports_Fan_28_Sports_Fan_Sports_Fan_28_857.jpg,C:\Thực tập LUMI\model_BaiToan\Deepleaning\data\dataset\raw\occluded\28--Sports_Fan_28_Sports_Fan_Sports_Fan_28_857.jpg_b93500.jpg
58--Hockey_58_Hockey_icehockey_puck_58_73.jpg_b141962.jpg,train,clear,138,138,1.0,True,large,wider_58--Hockey_58_Hockey_icehockey_puck_58_73.jpg,C:\Thực tập LUMI\model_BaiToan\Deepleaning\data\dataset\raw\clear\58--Hockey_58_Hockey_icehockey_puck_58_73.jpg_b141962.jpg
21--Festival_21_Festival_Festival_21_62.jpg_b87228.jpg,train,clear,165,165,1.0,True,large,wider_21--Festival_21_Festival_Festival_21_62.jpg,C:\Thực tập LUMI\model_BaiToan\Deepleaning\data\dataset\raw\clear\21--Festival_21_Festival_Festival_21_62.jpg_b87228.jpg
01a0b33c-0fc8-7ae1-af51-8a214a052798_nvr-llWGaUl9M9E771xokkJUiNr5fMyJBigI_1789713453087_img_face1.jpg,train,clear,139,139,1.0,True,large,single_01a0b33c-0fc8-7ae1-af51-8a214a052798_nvr-llWGaUl9M9E771xokkJUiNr5fMyJBigI_1789713453087_img_face1.jpg,C:\Thực tập LUMI\model_BaiToan\Deepleaning\data\dataset\raw\clear\01a0b33c-0fc8-7ae1-af51-8a214a052798_nvr-llWGaUl9M9E771xokkJUiNr5fMyJBigI_1789713453087_img_face1.jpg
56--Voter_56_Voter_peoplevoting_56_894.jpg_b140976.jpg,train,clear,170,170,1.0,True,large,wider_56--Voter_56_Voter_peoplevoting_56_894.jpg,C:\Thực tập LUMI\model_BaiToan\Deepleaning\data\dataset\raw\clear\56--Voter_56_Voter_peoplevoting_56_894.jpg_b140976.jpg
50--Celebration_Or_Party_50_Celebration_Or_Party_houseparty_50_595.jpg_b34143.jpg,train,clear,192,192,1.0,True,large,wider_50--Celebration_Or_Party_50_Celebration_Or_Party_houseparty_50_595.jpg,C:\Thực tập LUMI\model_BaiToan\Deepleaning\data\dataset\raw\clear\50--Celebration_Or_Party_50_Celebration_Or_Party_houseparty_50_595.jpg_b34143.jpg
13--Interview_13_Interview_Interview_2_People_Visible_13_398.jpg_b36700.jpg,train,clear,307,307,1.0,True,large,wider_13--Interview_13_Interview_Interview_2_People_Visible_13_398.jpg,C:\Thực tập LUMI\model_BaiToan\Deepleaning\data\dataset\raw\clear\13--Interview_13_Interview_Interview_2_People_Visible_13_398.jpg_b36700.jpg
005581_face.jpg,train,clear,132,132,1.0,True,large,single_005581_face.jpg,C:\Thực tập LUMI\model_BaiToan\Deepleaning\data\dataset\raw\clear\005581_face.jpg
13--Interview_13_Interview_Interview_2_People_Visible_13_366.jpg_b36407.jpg,train,clear,310,310,1.0,True,large,wider_13--Interview_13_Interview_Interview_2_People_Visible_13_366.jpg,C:\Thực tập LUMI\model_BaiToan\Deepleaning\data\dataset\raw\clear\13--Interview_13_Interview_Interview_2_People_Visible_13_366.jpg_b36407.jpg
13--Interview_13_Interview_Interview_Sequences_13_252.jpg_b36674.jpg,train,clear,536,536,1.0,True,large,wider_13--Interview_13_Interview_Interview_Sequences_13_252.jpg,C:\Thực tập LUMI\model_BaiToan\Deepleaning\data\dataset\raw\clear\13--Interview_13_Interview_Interview_Sequences_13_252.jpg_b36674.jpg
9--Press_Conference_9_Press_Conference_Press_Conference_9_323.jpg_b156816.jpg,train,clear,287,287,1.0,True,large,wider_9--Press_Conference_9_Press_Conference_Press_Conference_9_323.jpg,C:\Thực tập LUMI\model_BaiToan\Deepleaning\data\dataset\raw\clear\9--Press_Conference_9_Press_Conference_Press_Conference_9_323.jpg_b156816.jpg
59--people--driving--car_59_peopledrivingcar_peopledrivingcar_59_229.jpg_b36545.jpg,train,clear,252,252,1.0,True,large,wider_59--people--driving--car_59_peopledrivingcar_peopledrivingcar_59_229.jpg,C:\Thực tập LUMI\model_BaiToan\Deepleaning\data\dataset\raw\clear\59--people--driving--car_59_peopledrivingcar_peopledrivingcar_59_229.jpg_b36545.jpg
000300_face.jpg,train,clear,148,148,1.0,True,large,single_000300_face.jpg,C:\Thực tập LUMI\model_BaiToan\Deepleaning\data\dataset\raw\clear\000300_face.jpg
TanDT_20260414_160117_515.jpg,train,clear,112,112,1.0,True,large,person_session_TanDT_20260414_1601,C:\Thực tập LUMI\model_BaiToan\Deepleaning\data\dataset\raw\clear\TanDT_20260414_160117_515.jpg
13--Interview_13_Interview_Interview_Sequences_13_935.jpg_b36636.jpg,train,clear,120,120,1.0,True,large,wider_13--Interview_13_Interview_Interview_Sequences_13_935.jpg,C:\Thực tập LUMI\model_BaiToan\Deepleaning\data\dataset\raw\clear\13--Interview_13_Interview_Interview_Sequences_13_935.jpg_b36636.jpg
31--Waiter_Waitress_31_Waiter_Waitress_Waiter_Waitress_31_810.jpg_b99346.jpg,train,clear,114,114,1.0,True,large,wider_31--Waiter_Waitress_31_Waiter_Waitress_Waiter_Waitress_31_810.jpg,C:\Thực tập LUMI\model_BaiToan\Deepleaning\data\dataset\raw\clear\31--Waiter_Waitress_31_Waiter_Waitress_Waiter_Waitress_31_810.jpg_b99346.jpg
0--Parade_0_Parade_marchingband_1_251.jpg_b9710.jpg,train,clear,147,147,1.0,True,large,wider_0--Parade_0_Parade_marchingband_1_251.jpg,C:\Thực tập LUMI\model_BaiToan\Deepleaning\data\dataset\raw\clear\0--Parade_0_Parade_marchingband_1_251.jpg_b9710.jpg
28--Sports_Fan_28_Sports_Fan_Sports_Fan_28_72.jpg_b93660.jpg,train,clear,587,587,1.0,True,large,wider_28--Sports_Fan_28_Sports_Fan_Sports_Fan_28_72.jpg,C:\Thực tập LUMI\model_BaiToan\Deepleaning\data\dataset\raw\clear\28--Sports_Fan_28_Sports_Fan_Sports_Fan_28_72.jpg_b93660.jpg
29--Students_Schoolkids_29_Students_Schoolkids_Students_Schoolkids_29_282.jpg_b96404.jpg,train,clear,140,140,1.0,True,large,wider_29--Students_Schoolkids_29_Students_Schoolkids_Students_Schoolkids_29_282.jpg,C:\Thực tập LUMI\model_BaiToan\Deepleaning\data\dataset\raw\clear\29--Students_Schoolkids_29_Students_Schoolkids_Students_Schoolkids_29_282.jpg_b96404.jpg
10--People_Marching_10_People_Marching_People_Marching_10_People_Marching_People_Marching_10_People_Marching_People_Marching_10_445.jpg_b18347.jpg,train,clear,135,135,1.0,True,large,wider_10--People_Marching_10_People_Marching_People_Marching_10_People_Marching_People_Marching_10_People_Marching_People_Marching_10_445.jpg,C:\Thực tập LUMI\model_BaiToan\Deepleaning\data\dataset\raw\clear\10--People_Marching_10_People_Marching_People_Marching_10_People_Marching_People_Marching_10_People_Marching_People_Marching_10_445.jpg_b18347.jpg
16--Award_Ceremony_16_Award_Ceremony_Awards_Ceremony_16_557.jpg_b40132.jpg,train,clear,207,207,1.0,True,large,wider_16--Award_Ceremony_16_Award_Ceremony_Awards_Ceremony_16_557.jpg,C:\Thực tập LUMI\model_BaiToan\Deepleaning\data\dataset\raw\clear\16--Award_Ceremony_16_Award_Ceremony_Awards_Ceremony_16_557.jpg_b40132.jpg
56--Voter_56_Voter_peoplevoting_56_97.jpg_b140003.jpg,train,clear,142,142,1.0,True,large,wider_56--Voter_56_Voter_peoplevoting_56_97.jpg,C:\Thực tập LUMI\model_BaiToan\Deepleaning\data\dataset\raw\clear\56--Voter_56_Voter_peoplevoting_56_97.jpg_b140003.jpg
12--Group_12_Group_Group_12_Group_Group_12_384.jpg_b25366.jpg,train,clear,122,122,1.0,True,large,wider_12--Group_12_Group_Group_12_Group_Group_12_384.jpg,C:\Thực tập LUMI\model_BaiToan\Deepleaning\data\dataset\raw\clear\12--Group_12_Group_Group_12_Group_Group_12_384.jpg_b25366.jpg
53--Raid_53_Raid_policeraid_53_373.jpg_b136848.jpg,train,clear,126,126,1.0,True,large,wider_53--Raid_53_Raid_policeraid_53_373.jpg,C:\Thực tập LUMI\model_BaiToan\Deepleaning\data\dataset\raw\clear\53--Raid_53_Raid_policeraid_53_373.jpg_b136848.jpg
39--Ice_Skating_39_Ice_Skating_Ice_Skating_39_778.jpg_b116265.jpg,train,clear,112,112,1.0,True,large,wider_39--Ice_Skating_39_Ice_Skating_Ice_Skating_39_778.jpg,C:\Thực tập LUMI\model_BaiToan\Deepleaning\data\dataset\raw\clear\39--Ice_Skating_39_Ice_Skating_Ice_Skating_39_778.jpg_b116265.jpg
9--Press_Conference_9_Press_Conference_Press_Conference_9_946.jpg_b156219.jpg,train,clear,519,519,1.0,True,large,wider_9--Press_Conference_9_Press_Conference_Press_Conference_9_946.jpg,C:\Thực tập LUMI\model_BaiToan\Deepleaning\data\dataset\raw\clear\9--Press_Conference_9_Press_Conference_Press_Conference_9_946.jpg_b156219.jpg
13--Interview_13_Interview_Interview_Sequences_13_131.jpg_b37072.jpg,train,clear,420,420,1.0,True,large,wider_13--Interview_13_Interview_Interview_Sequences_13_131.jpg,C:\Thực tập LUMI\model_BaiToan\Deepleaning\data\dataset\raw\clear\13--Interview_13_Interview_Interview_Sequences_13_131.jpg_b37072.jpg
35--Basketball_35_Basketball_Basketball_35_107.jpg_b26703.jpg,train,clear,117,117,1.0,True,large,wider_35--Basketball_35_Basketball_Basketball_35_107.jpg,C:\Thực tập LUMI\model_BaiToan\Deepleaning\data\dataset\raw\clear\35--Basketball_35_Basketball_Basketball_35_107.jpg_b26703.jpg
01a0b34a-f448-7c30-8d1b-4b0392614c63_nvr-llWGaUl9M9E771xokkJUiNr5fMyJBigI_1789714429314_img_face9.jpg,train,clear,191,191,1.0,True,large,single_01a0b34a-f448-7c30-8d1b-4b0392614c63_nvr-llWGaUl9M9E771xokkJUiNr5fMyJBigI_1789714429314_img_face9.jpg,C:\Thực tập LUMI\model_BaiToan\Deepleaning\data\dataset\raw\clear\01a0b34a-f448-7c30-8d1b-4b0392614c63_nvr-llWGaUl9M9E771xokkJUiNr5fMyJBigI_1789714429314_img_face9.jpg
26--Soldier_Drilling_26_Soldier_Drilling_Soldiers_Drilling_26_710.jpg_b22932.jpg,train,clear,746,746,1.0,True,large,wider_26--Soldier_Drilling_26_Soldier_Drilling_Soldiers_Drilling_26_710.jpg,C:\Thực tập LUMI\model_BaiToan\Deepleaning\data\dataset\raw\clear\26--Soldier_Drilling_26_Soldier_Drilling_Soldiers_Drilling_26_710.jpg_b22932.jpg
11--Meeting_11_Meeting_Meeting_11_Meeting_Meeting_11_513.jpg_b22506.jpg,train,clear,215,215,1.0,True,large,wider_11--Meeting_11_Meeting_Meeting_11_Meeting_Meeting_11_513.jpg,C:\Thực tập LUMI\model_BaiToan\Deepleaning\data\dataset\raw\clear\11--Meeting_11_Meeting_Meeting_11_Meeting_Meeting_11_513.jpg_b22506.jpg
26--Soldier_Drilling_26_Soldier_Drilling_Soldiers_Drilling_26_437.jpg_b91811.jpg,train,clear,284,284,1.0,True,large,wider_26--Soldier_Drilling_26_Soldier_Drilling_Soldiers_Drilling_26_437.jpg,C:\Thực tập LUMI\model_BaiToan\Deepleaning\data\dataset\raw\clear\26--Soldier_Drilling_26_Soldier_Drilling_Soldiers_Drilling_26_437.jpg_b91811.jpg
45--Balloonist_45_Balloonist_Balloonist_45_574.jpg_b124790.jpg,train,clear,152,152,1.0,True,large,wider_45--Balloonist_45_Balloonist_Balloonist_45_574.jpg,C:\Thực tập LUMI\model_BaiToan\Deepleaning\data\dataset\raw\clear\45--Balloonist_45_Balloonist_Balloonist_45_574.jpg_b124790.jpg
0--Parade_0_Parade_marchingband_1_285.jpg_b7194.jpg,train,clear,140,140,1.0,True,large,wider_0--Parade_0_Parade_marchingband_1_285.jpg,C:\Thực tập LUMI\model_BaiToan\Deepleaning\data\dataset\raw\clear\0--Parade_0_Parade_marchingband_1_285.jpg_b7194.jpg
61--Street_Battle_61_Street_Battle_streetfight_61_1008.jpg_b147374.jpg,train,clear,225,225,1.0,True,large,wider_61--Street_Battle_61_Street_Battle_streetfight_61_1008.jpg,C:\Thực tập LUMI\model_BaiToan\Deepleaning\data\dataset\raw\clear\61--Street_Battle_61_Street_Battle_streetfight_61_1008.jpg_b147374.jpg
10--People_Marching_10_People_Marching_People_Marching_10_People_Marching_People_Marching_10_947.jpg_b19000.jpg,train,clear,278,278,1.0,True,large,wider_10--People_Marching_10_People_Marching_People_Marching_10_People_Marching_People_Marching_10_947.jpg,C:\Thực tập LUMI\model_BaiToan\Deepleaning\data\dataset\raw\clear\10--People_Marching_10_People_Marching_People_Marching_10_People_Marching_People_Marching_10_947.jpg_b19000.jpg
2--Demonstration_2_Demonstration_Demonstration_Or_Protest_2_487.jpg_b18442.jpg,train,clear,163,163,1.0,True,large,wider_2--Demonstration_2_Demonstration_Demonstration_Or_Protest_2_487.jpg,C:\Thực tập LUMI\model_BaiToan\Deepleaning\data\dataset\raw\clear\2--Demonstration_2_Demonstration_Demonstration_Or_Protest_2_487.jpg_b18442.jpg
2--Demonstration_2_Demonstration_Demonstration_Or_Protest_2_487.jpg_b18441.jpg,train,occluded,133,133,1.0,True,large,wider_2--Demonstration_2_Demonstration_Demonstration_Or_Protest_2_487.jpg,C:\Thực tập LUMI\model_BaiToan\Deepleaning\data\dataset\raw\occluded\2--Demonstration_2_Demonstration_Demonstration_Or_Protest_2_487.jpg_b18441.jpg
6--Funeral_6_Funeral_Funeral_6_873.jpg_b144929.jpg,train,clear,244,244,1.0,True,large,wider_6--Funeral_6_Funeral_Funeral_6_873.jpg,C:\Thực tập LUMI\model_BaiToan\Deepleaning\data\dataset\raw\clear\6--Funeral_6_Funeral_Funeral_6_873.jpg_b144929.jpg
01a0b350-d048-7ce2-974b-0c1333ef1eec_nvr-llWGaUl9M9E771xokkJUiNr5fMyJBigI_1789714813044_img_face1.jpg,train,clear,113,113,1.0,True,large,single_01a0b350-d048-7ce2-974b-0c1333ef1eec_nvr-llWGaUl9M9E771xokkJUiNr5fMyJBigI_1789714813044_img_face1.jpg,C:\Thực tập LUMI\model_BaiToan\Deepleaning\data\dataset\raw\clear\01a0b350-d048-7ce2-974b-0c1333ef1eec_nvr-llWGaUl9M9E771xokkJUiNr5fMyJBigI_1789714813044_img_face1.jpg
9--Press_Conference_9_Press_Conference_Press_Conference_9_588.jpg_b156484.jpg,train,clear,349,349,1.0,True,large,wider_9--Press_Conference_9_Press_Conference_Press_Conference_9_588.jpg,C:\Thực tập LUMI\model_BaiToan\Deepleaning\data\dataset\raw\clear\9--Press_Conference_9_Press_Conference_Press_Conference_9_588.jpg_b156484.jpg
35--Basketball_35_Basketball_basketballgame_ball_35_80.jpg_b26128.jpg,train,clear,119,119,1.0,True,large,wider_35--Basketball_35_Basketball_basketballgame_ball_35_80.jpg,C:\Thực tập LUMI\model_BaiToan\Deepleaning\data\dataset\raw\clear\35--Basketball_35_Basketball_basketballgame_ball_35_80.jpg_b26128.jpg
54--Rescue_54_Rescue_rescuepeople_54_29.jpg_b137677.jpg,train,clear,169,169,1.0,True,large,wider_54--Rescue_54_Rescue_rescuepeople_54_29.jpg,C:\Thực tập LUMI\model_BaiToan\Deepleaning\data\dataset\raw\clear\54--Rescue_54_Rescue_rescuepeople_54_29.jpg_b137677.jpg
54--Rescue_54_Rescue_rescuepeople_54_29.jpg_b137684.jpg,train,occluded,70,70,1.0,True,small,wider_54--Rescue_54_Rescue_rescuepeople_54_29.jpg,C:\Thực tập LUMI\model_BaiToan\Deepleaning\data\dataset\raw\occluded\54--Rescue_54_Rescue_rescuepeople_54_29.jpg_b137684.jpg
61--Street_Battle_61_Street_Battle_streetfight_61_868.jpg_b147062.jpg,train,clear,290,290,1.0,True,large,wider_61--Street_Battle_61_Street_Battle_streetfight_61_868.jpg,C:\Thực tập LUMI\model_BaiToan\Deepleaning\data\dataset\raw\clear\61--Street_Battle_61_Street_Battle_streetfight_61_868.jpg_b147062.jpg
54--Rescue_54_Rescue_firemanrescue_54_338.jpg_b137435.jpg,train,clear,160,160,1.0,True,large,wider_54--Rescue_54_Rescue_firemanrescue_54_338.jpg,C:\Thực tập LUMI\model_BaiToan\Deepleaning\data\dataset\raw\clear\54--Rescue_54_Rescue_firemanrescue_54_338.jpg_b137435.jpg
01a0b356-bbe8-7833-86a5-38691fb3d192_nvr-llWGaUl9M9E771xokkJUiNr5fMyJBigI_1789715201741_img_face3.jpg,train,clear,140,140,1.0,True,large,single_01a0b356-bbe8-7833-86a5-38691fb3d192_nvr-llWGaUl9M9E771xokkJUiNr5fMyJBigI_1789715201741_img_face3.jpg,C:\Thực tập LUMI\model_BaiToan\Deepleaning\data\dataset\raw\clear\01a0b356-bbe8-7833-86a5-38691fb3d192_nvr-llWGaUl9M9E771xokkJUiNr5fMyJBigI_1789715201741_img_face3.jpg
43--Row_Boat_43_Row_Boat_Rowboat_43_423.jpg_b122756.jpg,train,clear,216,216,1.0,True,large,wider_43--Row_Boat_43_Row_Boat_Rowboat_43_423.jpg,C:\Thực tập LUMI\model_BaiToan\Deepleaning\data\dataset\raw\clear\43--Row_Boat_43_Row_Boat_Rowboat_43_423.jpg_b122756.jpg
0--Parade_0_Parade_Parade_0_616.jpg_b1817.jpg,train,clear,112,112,1.0,True,large,wider_0--Parade_0_Parade_Parade_0_616.jpg,C:\Thực tập LUMI\model_BaiToan\Deepleaning\data\dataset\raw\clear\0--Parade_0_Parade_Parade_0_616.jpg_b1817.jpg
29--Students_Schoolkids_29_Students_Schoolkids_Students_Schoolkids_29_759.jpg_b95437.jpg,train,clear,154,154,1.0,True,large,wider_29--Students_Schoolkids_29_Students_Schoolkids_Students_Schoolkids_29_759.jpg,C:\Thực tập LUMI\model_BaiToan\Deepleaning\data\dataset\raw\clear\29--Students_Schoolkids_29_Students_Schoolkids_Students_Schoolkids_29_759.jpg_b95437.jpg
13--Interview_13_Interview_Interview_2_People_Visible_13_473.jpg_b36707.jpg,train,clear,165,165,1.0,True,large,wider_13--Interview_13_Interview_Interview_2_People_Visible_13_473.jpg,C:\Thực tập LUMI\model_BaiToan\Deepleaning\data\dataset\raw\clear\13--Interview_13_Interview_Interview_2_People_Visible_13_473.jpg_b36707.jpg
28--Sports_Fan_28_Sports_Fan_Sports_Fan_28_656.jpg_b23272.jpg,train,clear,517,517,1.0,True,large,wider_28--Sports_Fan_28_Sports_Fan_Sports_Fan_28_656.jpg,C:\Thực tập LUMI\model_BaiToan\Deepleaning\data\dataset\raw\clear\28--Sports_Fan_28_Sports_Fan_Sports_Fan_28_656.jpg_b23272.jpg
20--Family_Group_20_Family_Group_Family_Group_20_1009.jpg_b82675.jpg,train,clear,244,244,1.0,True,large,wider_20--Family_Group_20_Family_Group_Family_Group_20_1009.jpg,C:\Thực tập LUMI\model_BaiToan\Deepleaning\data\dataset\raw\clear\20--Family_Group_20_Family_Group_Family_Group_20_1009.jpg_b82675.jpg
42--Car_Racing_42_Car_Racing_Car_Racing_42_839.jpg_b122472.jpg,train,clear,199,199,1.0,True,large,wider_42--Car_Racing_42_Car_Racing_Car_Racing_42_839.jpg,C:\Thực tập LUMI\model_BaiToan\Deepleaning\data\dataset\raw\clear\42--Car_Racing_42_Car_Racing_Car_Racing_42_839.jpg_b122472.jpg
17--Ceremony_17_Ceremony_Ceremony_17_399.jpg_b41551.jpg,train,clear,166,166,1.0,True,large,wider_17--Ceremony_17_Ceremony_Ceremony_17_399.jpg,C:\Thực tập LUMI\model_BaiToan\Deepleaning\data\dataset\raw\clear\17--Ceremony_17_Ceremony_Ceremony_17_399.jpg_b41551.jpg
17--Ceremony_17_Ceremony_Ceremony_17_573.jpg_b42809.jpg,train,clear,196,196,1.0,True,large,wider_17--Ceremony_17_Ceremony_Ceremony_17_573.jpg,C:\Thực tập LUMI\model_BaiToan\Deepleaning\data\dataset\raw\clear\17--Ceremony_17_Ceremony_Ceremony_17_573.jpg_b42809.jpg
HieuNM_20260414_153700_498.jpg,train,clear,112,112,1.0,True,large,person_session_HieuNM_20260414_1537,C:\Thực tập LUMI\model_BaiToan\Deepleaning\data\dataset\raw\clear\HieuNM_20260414_153700_498.jpg
31--Waiter_Waitress_31_Waiter_Waitress_Waiter_Waitress_31_804.jpg_b99067.jpg,train,clear,226,226,1.0,True,large,wider_31--Waiter_Waitress_31_Waiter_Waitress_Waiter_Waitress_31_804.jpg,C:\Thực tập LUMI\model_BaiToan\Deepleaning\data\dataset\raw\clear\31--Waiter_Waitress_31_Waiter_Waitress_Waiter_Waitress_31_804.jpg_b99067.jpg
9--Press_Conference_9_Press_Conference_Press_Conference_9_608.jpg_b156905.jpg,train,clear,553,553,1.0,True,large,wider_9--Press_Conference_9_Press_Conference_Press_Conference_9_608.jpg,C:\Thực tập LUMI\model_BaiToan\Deepleaning\data\dataset\raw\clear\9--Press_Conference_9_Press_Conference_Press_Conference_9_608.jpg_b156905.jpg
39--Ice_Skating_39_Ice_Skating_Ice_Skating_39_219.jpg_b117131.jpg,train,clear,117,117,1.0,True,large,wider_39--Ice_Skating_39_Ice_Skating_Ice_Skating_39_219.jpg,C:\Thực tập LUMI\model_BaiToan\Deepleaning\data\dataset\raw\clear\39--Ice_Skating_39_Ice_Skating_Ice_Skating_39_219.jpg_b117131.jpg
9--Press_Conference_9_Press_Conference_Press_Conference_9_637.jpg_b156352.jpg,train,clear,579,579,1.0,True,large,wider_9--Press_Conference_9_Press_Conference_Press_Conference_9_637.jpg,C:\Thực tập LUMI\model_BaiToan\Deepleaning\data\dataset\raw\clear\9--Press_Conference_9_Press_Conference_Press_Conference_9_637.jpg_b156352.jpg
6--Funeral_6_Funeral_Funeral_6_672.jpg_b146599.jpg,train,clear,428,428,1.0,True,large,wider_6--Funeral_6_Funeral_Funeral_6_672.jpg,C:\Thực tập LUMI\model_BaiToan\Deepleaning\data\dataset\raw\clear\6--Funeral_6_Funeral_Funeral_6_672.jpg_b146599.jpg
1--Handshaking_1_Handshaking_Handshaking_1_716.jpg_b16923.jpg,train,clear,135,135,1.0,True,large,wider_1--Handshaking_1_Handshaking_Handshaking_1_716.jpg,C:\Thực tập LUMI\model_BaiToan\Deepleaning\data\dataset\raw\clear\1--Handshaking_1_Handshaking_Handshaking_1_716.jpg_b16923.jpg
01a0b34c-3c68-77d2-ba97-d9d57a0ee9fd_nvr-llWGaUl9M9E771xokkJUiNr5fMyJBigI_1789714513231_img_face3.jpg,train,clear,135,135,1.0,True,large,single_01a0b34c-3c68-77d2-ba97-d9d57a0ee9fd_nvr-llWGaUl9M9E771xokkJUiNr5fMyJBigI_1789714513231_img_face3.jpg,C:\Thực tập LUMI\model_BaiToan\Deepleaning\data\dataset\raw\clear\01a0b34c-3c68-77d2-ba97-d9d57a0ee9fd_nvr-llWGaUl9M9E771xokkJUiNr5fMyJBigI_1789714513231_img_face3.jpg
003090_face.jpg,train,clear,143,143,1.0,True,large,single_003090_face.jpg,C:\Thực tập LUMI\model_BaiToan\Deepleaning\data\dataset\raw\clear\003090_face.jpg
01a0b345-1078-7a52-b9f7-d6ac6e3c21e5_nvr-llWGaUl9M9E771xokkJUiNr5fMyJBigI_1789714043912_img_face3.jpg,train,clear,142,142,1.0,True,large,single_01a0b345-1078-7a52-b9f7-d6ac6e3c21e5_nvr-llWGaUl9M9E771xokkJUiNr5fMyJBigI_1789714043912_img_face3.jpg,C:\Thực tập LUMI\model_BaiToan\Deepleaning\data\dataset\raw\clear\01a0b345-1078-7a52-b9f7-d6ac6e3c21e5_nvr-llWGaUl9M9E771xokkJUiNr5fMyJBigI_1789714043912_img_face3.jpg
24--Soldier_Firing_24_Soldier_Firing_Soldier_Firing_24_678.jpg_b90863.jpg,train,clear,138,138,1.0,True,large,wider_24--Soldier_Firing_24_Soldier_Firing_Soldier_Firing_24_678.jpg,C:\Thực tập LUMI\model_BaiToan\Deepleaning\data\dataset\raw\clear\24--Soldier_Firing_24_Soldier_Firing_Soldier_Firing_24_678.jpg_b90863.jpg
26--Soldier_Drilling_26_Soldier_Drilling_Soldiers_Drilling_26_732.jpg_b91619.jpg,train,clear,312,312,1.0,True,large,wider_26--Soldier_Drilling_26_Soldier_Drilling_Soldiers_Drilling_26_732.jpg,C:\Thực tập LUMI\model_BaiToan\Deepleaning\data\dataset\raw\clear\26--Soldier_Drilling_26_Soldier_Drilling_Soldiers_Drilling_26_732.jpg_b91619.jpg
1--Handshaking_1_Handshaking_Handshaking_1_404.jpg_b16658.jpg,train,clear,190,190,1.0,True,large,wider_1--Handshaking_1_Handshaking_Handshaking_1_404.jpg,C:\Thực tập LUMI\model_BaiToan\Deepleaning\data\dataset\raw\clear\1--Handshaking_1_Handshaking_Handshaking_1_404.jpg_b16658.jpg
51--Dresses_51_Dresses_wearingdress_51_520.jpg_b134786.jpg,train,clear,196,196,1.0,True,large,wider_51--Dresses_51_Dresses_wearingdress_51_520.jpg,C:\Thực tập LUMI\model_BaiToan\Deepleaning\data\dataset\raw\clear\51--Dresses_51_Dresses_wearingdress_51_520.jpg_b134786.jpg
59--people--driving--car_59_peopledrivingcar_peopledrivingcar_59_57.jpg_b144114.jpg,train,clear,252,252,1.0,True,large,wider_59--people--driving--car_59_peopledrivingcar_peopledrivingcar_59_57.jpg,C:\Thực tập LUMI\model_BaiToan\Deepleaning\data\dataset\raw\clear\59--people--driving--car_59_peopledrivingcar_peopledrivingcar_59_57.jpg_b144114.jpg
18--Concerts_18_Concerts_Concerts_18_859.jpg_b44212.jpg,train,clear,307,307,1.0,True,large,wider_18--Concerts_18_Concerts_Concerts_18_859.jpg,C:\Thực tập LUMI\model_BaiToan\Deepleaning\data\dataset\raw\clear\18--Concerts_18_Concerts_Concerts_18_859.jpg_b44212.jpg
31--Waiter_Waitress_31_Waiter_Waitress_Waiter_Waitress_31_303.jpg_b98915.jpg,train,clear,342,342,1.0,True,large,wider_31--Waiter_Waitress_31_Waiter_Waitress_Waiter_Waitress_31_303.jpg,C:\Thực tập LUMI\model_BaiToan\Deepleaning\data\dataset\raw\clear\31--Waiter_Waitress_31_Waiter_Waitress_Waiter_Waitress_31_303.jpg_b98915.jpg
19--Couple_19_Couple_Couple_19_913.jpg_b45515.jpg,train,clear,166,166,1.0,True,large,wider_19--Couple_19_Couple_Couple_19_913.jpg,C:\Thực tập LUMI\model_BaiToan\Deepleaning\data\dataset\raw\clear\19--Couple_19_Couple_Couple_19_913.jpg_b45515.jpg
31--Waiter_Waitress_31_Waiter_Waitress_Waiter_Waitress_31_304.jpg_b24758.jpg,train,clear,282,282,1.0,True,large,wider_31--Waiter_Waitress_31_Waiter_Waitress_Waiter_Waitress_31_304.jpg,C:\Thực tập LUMI\model_BaiToan\Deepleaning\data\dataset\raw\clear\31--Waiter_Waitress_31_Waiter_Waitress_Waiter_Waitress_31_304.jpg_b24758.jpg
44--Aerobics_44_Aerobics_Aerobics_44_337.jpg_b31560.jpg,train,clear,145,145,1.0,True,large,wider_44--Aerobics_44_Aerobics_Aerobics_44_337.jpg,C:\Thực tập LUMI\model_BaiToan\Deepleaning\data\dataset\raw\clear\44--Aerobics_44_Aerobics_Aerobics_44_337.jpg_b31560.jpg
13--Interview_13_Interview_Interview_On_Location_13_338.jpg_b37116.jpg,train,clear,140,140,1.0,True,large,wider_13--Interview_13_Interview_Interview_On_Location_13_338.jpg,C:\Thực tập LUMI\model_BaiToan\Deepleaning\data\dataset\raw\clear\13--Interview_13_Interview_Interview_On_Location_13_338.jpg_b37116.jpg
29--Students_Schoolkids_29_Students_Schoolkids_Students_Schoolkids_29_175.jpg_b95745.jpg,train,clear,316,316,1.0,True,large,wider_29--Students_Schoolkids_29_Students_Schoolkids_Students_Schoolkids_29_175.jpg,C:\Thực tập LUMI\model_BaiToan\Deepleaning\data\dataset\raw\clear\29--Students_Schoolkids_29_Students_Schoolkids_Students_Schoolkids_29_175.jpg_b95745.jpg
29--Students_Schoolkids_29_Students_Schoolkids_Students_Schoolkids_29_175.jpg_b95752.jpg,train,clear,154,154,1.0,True,large,wider_29--Students_Schoolkids_29_Students_Schoolkids_Students_Schoolkids_29_175.jpg,C:\Thực tập LUMI\model_BaiToan\Deepleaning\data\dataset\raw\clear\29--Students_Schoolkids_29_Students_Schoolkids_Students_Schoolkids_29_175.jpg_b95752.jpg
3--Riot_3_Riot_Riot_3_348.jpg_b97867.jpg,train,clear,136,136,1.0,True,large,wider_3--Riot_3_Riot_Riot_3_348.jpg,C:\Thực tập LUMI\model_BaiToan\Deepleaning\data\dataset\raw\clear\3--Riot_3_Riot_Riot_3_348.jpg_b97867.jpg
43--Row_Boat_43_Row_Boat_Rowboat_43_877.jpg_b123045.jpg,train,clear,301,301,1.0,True,large,wider_43--Row_Boat_43_Row_Boat_Rowboat_43_877.jpg,C:\Thực tập LUMI\model_BaiToan\Deepleaning\data\dataset\raw\clear\43--Row_Boat_43_Row_Boat_Rowboat_43_877.jpg_b123045.jpg
13--Interview_13_Interview_Interview_2_People_Visible_13_427.jpg_b36628.jpg,train,clear,256,256,1.0,True,large,wider_13--Interview_13_Interview_Interview_2_People_Visible_13_427.jpg,C:\Thực tập LUMI\model_BaiToan\Deepleaning\data\dataset\raw\clear\13--Interview_13_Interview_Interview_2_People_Visible_13_427.jpg_b36628.jpg
1--Handshaking_1_Handshaking_Handshaking_1_457.jpg_b4037.jpg,train,clear,664,664,1.0,True,large,wider_1--Handshaking_1_Handshaking_Handshaking_1_457.jpg,C:\Thực tập LUMI\model_BaiToan\Deepleaning\data\dataset\raw\clear\1--Handshaking_1_Handshaking_Handshaking_1_457.jpg_b4037.jpg
7--Cheering_7_Cheering_Cheering_7_532.jpg_b151024.jpg,train,clear,144,144,1.0,True,large,wider_7--Cheering_7_Cheering_Cheering_7_532.jpg,C:\Thực tập LUMI\model_BaiToan\Deepleaning\data\dataset\raw\clear\7--Cheering_7_Cheering_Cheering_7_532.jpg_b151024.jpg
1--Handshaking_1_Handshaking_Handshaking_1_483.jpg_b16965.jpg,train,clear,126,126,1.0,True,large,wider_1--Handshaking_1_Handshaking_Handshaking_1_483.jpg,C:\Thực tập LUMI\model_BaiToan\Deepleaning\data\dataset\raw\clear\1--Handshaking_1_Handshaking_Handshaking_1_483.jpg_b16965.jpg
2--Demonstration_2_Demonstration_Protesters_2_459.jpg_b70884.jpg,train,clear,158,158,1.0,True,large,wider_2--Demonstration_2_Demonstration_Protesters_2_459.jpg,C:\Thực tập LUMI\model_BaiToan\Deepleaning\data\dataset\raw\clear\2--Demonstration_2_Demonstration_Protesters_2_459.jpg_b70884.jpg
35--Basketball_35_Basketball_basketballgame_ball_35_93.jpg_b111841.jpg,train,clear,112,112,1.0,True,large,wider_35--Basketball_35_Basketball_basketballgame_ball_35_93.jpg,C:\Thực tập LUMI\model_BaiToan\Deepleaning\data\dataset\raw\clear\35--Basketball_35_Basketball_basketballgame_ball_35_93.jpg_b111841.jpg
18--Concerts_18_Concerts_Concerts_18_664.jpg_b44905.jpg,train,clear,477,477,1.0,True,large,wider_18--Concerts_18_Concerts_Concerts_18_664.jpg,C:\Thực tập LUMI\model_BaiToan\Deepleaning\data\dataset\raw\clear\18--Concerts_18_Concerts_Concerts_18_664.jpg_b44905.jpg
26--Soldier_Drilling_26_Soldier_Drilling_Soldiers_Drilling_26_147.jpg_b92317.jpg,train,clear,122,122,1.0,True,large,wider_26--Soldier_Drilling_26_Soldier_Drilling_Soldiers_Drilling_26_147.jpg,C:\Thực tập LUMI\model_BaiToan\Deepleaning\data\dataset\raw\clear\26--Soldier_Drilling_26_Soldier_Drilling_Soldiers_Drilling_26_147.jpg_b92317.jpg
35--Basketball_35_Basketball_playingbasketball_35_449.jpg_b28599.jpg,train,clear,135,135,1.0,True,large,wider_35--Basketball_35_Basketball_playingbasketball_35_449.jpg,C:\Thực tập LUMI\model_BaiToan\Deepleaning\data\dataset\raw\clear\35--Basketball_35_Basketball_playingbasketball_35_449.jpg_b28599.jpg
7--Cheering_7_Cheering_Cheering_7_286.jpg_b149355.jpg,train,clear,155,155,1.0,True,large,wider_7--Cheering_7_Cheering_Cheering_7_286.jpg,C:\Thực tập LUMI\model_BaiToan\Deepleaning\data\dataset\raw\clear\7--Cheering_7_Cheering_Cheering_7_286.jpg_b149355.jpg
50--Celebration_Or_Party_50_Celebration_Or_Party_houseparty_50_334.jpg_b133155.jpg,train,clear,315,315,1.0,True,large,wider_50--Celebration_Or_Party_50_Celebration_Or_Party_houseparty_50_334.jpg,C:\Thực tập LUMI\model_BaiToan\Deepleaning\data\dataset\raw\clear\50--Celebration_Or_Party_50_Celebration_Or_Party_houseparty_50_334.jpg_b133155.jpg
40--Gymnastics_40_Gymnastics_Gymnastics_40_952.jpg_b120313.jpg,train,clear,144,144,1.0,True,large,wider_40--Gymnastics_40_Gymnastics_Gymnastics_40_952.jpg,C:\Thực tập LUMI\model_BaiToan\Deepleaning\data\dataset\raw\clear\40--Gymnastics_40_Gymnastics_Gymnastics_40_952.jpg_b120313.jpg
3--Riot_3_Riot_Riot_3_898.jpg_b97831.jpg,train,clear,140,140,1.0,True,large,wider_3--Riot_3_Riot_Riot_3_898.jpg,C:\Thực tập LUMI\model_BaiToan\Deepleaning\data\dataset\raw\clear\3--Riot_3_Riot_Riot_3_898.jpg_b97831.jpg
12--Group_12_Group_Team_Organized_Group_12_Group_Team_Organized_Group_12_192.jpg_b30665.jpg,train,clear,208,208,1.0,True,large,wider_12--Group_12_Group_Team_Organized_Group_12_Group_Team_Organized_Group_12_192.jpg,C:\Thực tập LUMI\model_BaiToan\Deepleaning\data\dataset\raw\clear\12--Group_12_Group_Team_Organized_Group_12_Group_Team_Organized_Group_12_192.jpg_b30665.jpg
006862_face.jpg,train,clear,134,134,1.0,True,large,single_006862_face.jpg,C:\Thực tập LUMI\model_BaiToan\Deepleaning\data\dataset\raw\clear\006862_face.jpg
13--Interview_13_Interview_Interview_On_Location_13_498.jpg_b37105.jpg,train,clear,132,132,1.0,True,large,wider_13--Interview_13_Interview_Interview_On_Location_13_498.jpg,C:\Thực tập LUMI\model_BaiToan\Deepleaning\data\dataset\raw\clear\13--Interview_13_Interview_Interview_On_Location_13_498.jpg_b37105.jpg
18--Concerts_18_Concerts_Concerts_18_905.jpg_b44648.jpg,train,clear,294,294,1.0,True,large,wider_18--Concerts_18_Concerts_Concerts_18_905.jpg,C:\Thực tập LUMI\model_BaiToan\Deepleaning\data\dataset\raw\clear\18--Concerts_18_Concerts_Concerts_18_905.jpg_b44648.jpg
13--Interview_13_Interview_Interview_Sequences_13_603.jpg_b36626.jpg,train,clear,230,230,1.0,True,large,wider_13--Interview_13_Interview_Interview_Sequences_13_603.jpg,C:\Thực tập LUMI\model_BaiToan\Deepleaning\data\dataset\raw\clear\13--Interview_13_Interview_Interview_Sequences_13_603.jpg_b36626.jpg
9--Press_Conference_9_Press_Conference_Press_Conference_9_770.jpg_b156678.jpg,train,clear,631,631,1.0,True,large,wider_9--Press_Conference_9_Press_Conference_Press_Conference_9_770.jpg,C:\Thực tập LUMI\model_BaiToan\Deepleaning\data\dataset\raw\clear\9--Press_Conference_9_Press_Conference_Press_Conference_9_770.jpg_b156678.jpg
001785_face.jpg,train,clear,134,134,1.0,True,large,single_001785_face.jpg,C:\Thực tập LUMI\model_BaiToan\Deepleaning\data\dataset\raw\clear\001785_face.jpg
13--Interview_13_Interview_Interview_2_People_Visible_13_107.jpg_b9847.jpg,train,clear,168,168,1.0,True,large,wider_13--Interview_13_Interview_Interview_2_People_Visible_13_107.jpg,C:\Thực tập LUMI\model_BaiToan\Deepleaning\data\dataset\raw\clear\13--Interview_13_Interview_Interview_2_People_Visible_13_107.jpg_b9847.jpg
004691_face1.jpg,train,clear,148,148,1.0,True,large,single_004691_face1.jpg,C:\Thực tập LUMI\model_BaiToan\Deepleaning\data\dataset\raw\clear\004691_face1.jpg
45--Balloonist_45_Balloonist_Balloonist_45_939.jpg_b31963.jpg,train,clear,254,254,1.0,True,large,wider_45--Balloonist_45_Balloonist_Balloonist_45_939.jpg,C:\Thực tập LUMI\model_BaiToan\Deepleaning\data\dataset\raw\clear\45--Balloonist_45_Balloonist_Balloonist_45_939.jpg_b31963.jpg
45--Balloonist_45_Balloonist_Balloonist_45_317.jpg_b124639.jpg,train,clear,153,153,1.0,True,large,wider_45--Balloonist_45_Balloonist_Balloonist_45_317.jpg,C:\Thực tập LUMI\model_BaiToan\Deepleaning\data\dataset\raw\clear\45--Balloonist_45_Balloonist_Balloonist_45_317.jpg_b124639.jpg
14--Traffic_14_Traffic_Traffic_14_1004.jpg_b38038.jpg,train,clear,625,625,1.0,True,large,wider_14--Traffic_14_Traffic_Traffic_14_1004.jpg,C:\Thực tập LUMI\model_BaiToan\Deepleaning\data\dataset\raw\clear\14--Traffic_14_Traffic_Traffic_14_1004.jpg_b38038.jpg
39--Ice_Skating_39_Ice_Skating_Ice_Skating_39_746.jpg_b117304.jpg,train,clear,115,115,1.0,True,large,wider_39--Ice_Skating_39_Ice_Skating_Ice_Skating_39_746.jpg,C:\Thực tập LUMI\model_BaiToan\Deepleaning\data\dataset\raw\clear\39--Ice_Skating_39_Ice_Skating_Ice_Skating_39_746.jpg_b117304.jpg
12--Group_12_Group_Team_Organized_Group_12_Group_Team_Organized_Group_12_650.jpg_b30040.jpg,train,clear,320,320,1.0,True,large,wider_12--Group_12_Group_Team_Organized_Group_12_Group_Team_Organized_Group_12_650.jpg,C:\Thực tập LUMI\model_BaiToan\Deepleaning\data\dataset\raw\clear\12--Group_12_Group_Team_Organized_Group_12_Group_Team_Organized_Group_12_650.jpg_b30040.jpg
29--Students_Schoolkids_29_Students_Schoolkids_Students_Schoolkids_29_902.jpg_b24070.jpg,train,clear,144,144,1.0,True,large,wider_29--Students_Schoolkids_29_Students_Schoolkids_Students_Schoolkids_29_902.jpg,C:\Thực tập LUMI\model_BaiToan\Deepleaning\data\dataset\raw\clear\29--Students_Schoolkids_29_Students_Schoolkids_Students_Schoolkids_29_902.jpg_b24070.jpg
39--Ice_Skating_39_Ice_Skating_Ice_Skating_39_886.jpg_b117280.jpg,train,clear,298,298,1.0,True,large,wider_39--Ice_Skating_39_Ice_Skating_Ice_Skating_39_886.jpg,C:\Thực tập LUMI\model_BaiToan\Deepleaning\data\dataset\raw\clear\39--Ice_Skating_39_Ice_Skating_Ice_Skating_39_886.jpg_b117280.jpg
35--Basketball_35_Basketball_basketballgame_ball_35_681.jpg_b26592.jpg,train,clear,126,126,1.0,True,large,wider_35--Basketball_35_Basketball_basketballgame_ball_35_681.jpg,C:\Thực tập LUMI\model_BaiToan\Deepleaning\data\dataset\raw\clear\35--Basketball_35_Basketball_basketballgame_ball_35_681.jpg_b26592.jpg
13--Interview_13_Interview_Interview_On_Location_13_511.jpg_b36988.jpg,train,clear,224,224,1.0,True,large,wider_13--Interview_13_Interview_Interview_On_Location_13_511.jpg,C:\Thực tập LUMI\model_BaiToan\Deepleaning\data\dataset\raw\clear\13--Interview_13_Interview_Interview_On_Location_13_511.jpg_b36988.jpg
56--Voter_56_Voter_peoplevoting_56_284.jpg_b140670.jpg,train,clear,114,114,1.0,True,large,wider_56--Voter_56_Voter_peoplevoting_56_284.jpg,C:\Thực tập LUMI\model_BaiToan\Deepleaning\data\dataset\raw\clear\56--Voter_56_Voter_peoplevoting_56_284.jpg_b140670.jpg
2--Demonstration_2_Demonstration_Protesters_2_688.jpg_b47677.jpg,train,clear,118,118,1.0,True,large,wider_2--Demonstration_2_Demonstration_Protesters_2_688.jpg,C:\Thực tập LUMI\model_BaiToan\Deepleaning\data\dataset\raw\clear\2--Demonstration_2_Demonstration_Protesters_2_688.jpg_b47677.jpg
55--Sports_Coach_Trainer_55_Sports_Coach_Trainer_sportcoaching_55_1043.jpg_b138424.jpg,train,clear,182,182,1.0,True,large,wider_55--Sports_Coach_Trainer_55_Sports_Coach_Trainer_sportcoaching_55_1043.jpg,C:\Thực tập LUMI\model_BaiToan\Deepleaning\data\dataset\raw\clear\55--Sports_Coach_Trainer_55_Sports_Coach_Trainer_sportcoaching_55_1043.jpg_b138424.jpg
13--Interview_13_Interview_Interview_2_People_Visible_13_411.jpg_b36871.jpg,train,clear,135,135,1.0,True,large,wider_13--Interview_13_Interview_Interview_2_People_Visible_13_411.jpg,C:\Thực tập LUMI\model_BaiToan\Deepleaning\data\dataset\raw\clear\13--Interview_13_Interview_Interview_2_People_Visible_13_411.jpg_b36871.jpg
7--Cheering_7_Cheering_Cheering_7_130.jpg_b150929.jpg,train,clear,168,168,1.0,True,large,wider_7--Cheering_7_Cheering_Cheering_7_130.jpg,C:\Thực tập LUMI\model_BaiToan\Deepleaning\data\dataset\raw\clear\7--Cheering_7_Cheering_Cheering_7_130.jpg_b150929.jpg
28--Sports_Fan_28_Sports_Fan_Sports_Fan_28_923.jpg_b94164.jpg,train,clear,396,396,1.0,True,large,wider_28--Sports_Fan_28_Sports_Fan_Sports_Fan_28_923.jpg,C:\Thực tập LUMI\model_BaiToan\Deepleaning\data\dataset\raw\clear\28--Sports_Fan_28_Sports_Fan_Sports_Fan_28_923.jpg_b94164.jpg
11--Meeting_11_Meeting_Meeting_11_Meeting_Meeting_11_307.jpg_b23157.jpg,train,clear,184,184,1.0,True,large,wider_11--Meeting_11_Meeting_Meeting_11_Meeting_Meeting_11_307.jpg,C:\Thực tập LUMI\model_BaiToan\Deepleaning\data\dataset\raw\clear\11--Meeting_11_Meeting_Meeting_11_Meeting_Meeting_11_307.jpg_b23157.jpg
55--Sports_Coach_Trainer_55_Sports_Coach_Trainer_sportcoaching_55_801.jpg_b35212.jpg,train,clear,115,115,1.0,True,large,wider_55--Sports_Coach_Trainer_55_Sports_Coach_Trainer_sportcoaching_55_801.jpg,C:\Thực tập LUMI\model_BaiToan\Deepleaning\data\dataset\raw\clear\55--Sports_Coach_Trainer_55_Sports_Coach_Trainer_sportcoaching_55_801.jpg_b35212.jpg
32--Worker_Laborer_32_Worker_Laborer_Worker_Laborer_32_15.jpg_b99687.jpg,train,clear,146,146,1.0,True,large,wider_32--Worker_Laborer_32_Worker_Laborer_Worker_Laborer_32_15.jpg,C:\Thực tập LUMI\model_BaiToan\Deepleaning\data\dataset\raw\clear\32--Worker_Laborer_32_Worker_Laborer_Worker_Laborer_32_15.jpg_b99687.jpg
008080_face.jpg,train,clear,133,133,1.0,True,large,single_008080_face.jpg,C:\Thực tập LUMI\model_BaiToan\Deepleaning\data\dataset\raw\clear\008080_face.jpg
35--Basketball_35_Basketball_playingbasketball_35_295.jpg_b107619.jpg,train,clear,142,142,1.0,True,large,wider_35--Basketball_35_Basketball_playingbasketball_35_295.jpg,C:\Thực tập LUMI\model_BaiToan\Deepleaning\data\dataset\raw\clear\35--Basketball_35_Basketball_playingbasketball_35_295.jpg_b107619.jpg
39--Ice_Skating_39_Ice_Skating_Ice_Skating_39_296.jpg_b117205.jpg,train,clear,207,207,1.0,True,large,wider_39--Ice_Skating_39_Ice_Skating_Ice_Skating_39_296.jpg,C:\Thực tập LUMI\model_BaiToan\Deepleaning\data\dataset\raw\clear\39--Ice_Skating_39_Ice_Skating_Ice_Skating_39_296.jpg_b117205.jpg
40--Gymnastics_40_Gymnastics_Gymnastics_40_172.jpg_b120459.jpg,train,clear,160,160,1.0,True,large,wider_40--Gymnastics_40_Gymnastics_Gymnastics_40_172.jpg,C:\Thực tập LUMI\model_BaiToan\Deepleaning\data\dataset\raw\clear\40--Gymnastics_40_Gymnastics_Gymnastics_40_172.jpg_b120459.jpg
13--Interview_13_Interview_Interview_On_Location_13_406.jpg_b37242.jpg,train,clear,201,201,1.0,True,large,wider_13--Interview_13_Interview_Interview_On_Location_13_406.jpg,C:\Thực tập LUMI\model_BaiToan\Deepleaning\data\dataset\raw\clear\13--Interview_13_Interview_Interview_On_Location_13_406.jpg_b37242.jpg
37--Soccer_37_Soccer_soccer_ball_37_673.jpg_b114635.jpg,train,clear,146,146,1.0,True,large,wider_37--Soccer_37_Soccer_soccer_ball_37_673.jpg,C:\Thực tập LUMI\model_BaiToan\Deepleaning\data\dataset\raw\clear\37--Soccer_37_Soccer_soccer_ball_37_673.jpg_b114635.jpg
12--Group_12_Group_Team_Organized_Group_12_Group_Team_Organized_Group_12_151.jpg_b32454.jpg,train,clear,124,124,1.0,True,large,wider_12--Group_12_Group_Team_Organized_Group_12_Group_Team_Organized_Group_12_151.jpg,C:\Thực tập LUMI\model_BaiToan\Deepleaning\data\dataset\raw\clear\12--Group_12_Group_Team_Organized_Group_12_Group_Team_Organized_Group_12_151.jpg_b32454.jpg
16--Award_Ceremony_16_Award_Ceremony_Awards_Ceremony_16_309.jpg_b10460.jpg,train,clear,385,385,1.0,True,large,wider_16--Award_Ceremony_16_Award_Ceremony_Awards_Ceremony_16_309.jpg,C:\Thực tập LUMI\model_BaiToan\Deepleaning\data\dataset\raw\clear\16--Award_Ceremony_16_Award_Ceremony_Awards_Ceremony_16_309.jpg_b10460.jpg
16--Award_Ceremony_16_Award_Ceremony_Awards_Ceremony_16_484.jpg_b39401.jpg,train,clear,358,358,1.0,True,large,wider_16--Award_Ceremony_16_Award_Ceremony_Awards_Ceremony_16_484.jpg,C:\Thực tập LUMI\model_BaiToan\Deepleaning\data\dataset\raw\clear\16--Award_Ceremony_16_Award_Ceremony_Awards_Ceremony_16_484.jpg_b39401.jpg
10--People_Marching_10_People_Marching_People_Marching_2_631.jpg_b18887.jpg,train,clear,122,122,1.0,True,large,wider_10--People_Marching_10_People_Marching_People_Marching_2_631.jpg,C:\Thực tập LUMI\model_BaiToan\Deepleaning\data\dataset\raw\clear\10--People_Marching_10_People_Marching_People_Marching_2_631.jpg_b18887.jpg
16--Award_Ceremony_16_Award_Ceremony_Awards_Ceremony_16_447.jpg_b10489.jpg,train,clear,404,404,1.0,True,large,wider_16--Award_Ceremony_16_Award_Ceremony_Awards_Ceremony_16_447.jpg,C:\Thực tập LUMI\model_BaiToan\Deepleaning\data\dataset\raw\clear\16--Award_Ceremony_16_Award_Ceremony_Awards_Ceremony_16_447.jpg_b10489.jpg
51--Dresses_51_Dresses_wearingdress_51_536.jpg_b34312.jpg,train,clear,163,163,1.0,True,large,wider_51--Dresses_51_Dresses_wearingdress_51_536.jpg,C:\Thực tập LUMI\model_BaiToan\Deepleaning\data\dataset\raw\clear\51--Dresses_51_Dresses_wearingdress_51_536.jpg_b34312.jpg
35--Basketball_35_Basketball_basketballgame_ball_35_57.jpg_b111477.jpg,train,clear,184,184,1.0,True,large,wider_35--Basketball_35_Basketball_basketballgame_ball_35_57.jpg,C:\Thực tập LUMI\model_BaiToan\Deepleaning\data\dataset\raw\clear\35--Basketball_35_Basketball_basketballgame_ball_35_57.jpg_b111477.jpg
2--Demonstration_2_Demonstration_Political_Rally_2_874.jpg_b74513.jpg,train,clear,130,130,1.0,True,large,wider_2--Demonstration_2_Demonstration_Political_Rally_2_874.jpg,C:\Thực tập LUMI\model_BaiToan\Deepleaning\data\dataset\raw\clear\2--Demonstration_2_Demonstration_Political_Rally_2_874.jpg_b74513.jpg
9--Press_Conference_9_Press_Conference_Press_Conference_9_579.jpg_b156404.jpg,train,clear,162,162,1.0,True,large,wider_9--Press_Conference_9_Press_Conference_Press_Conference_9_579.jpg,C:\Thực tập LUMI\model_BaiToan\Deepleaning\data\dataset\raw\clear\9--Press_Conference_9_Press_Conference_Press_Conference_9_579.jpg_b156404.jpg
8--Election_Campain_8_Election_Campain_Election_Campaign_8_36.jpg_b155593.jpg,train,clear,624,624,1.0,True,large,wider_8--Election_Campain_8_Election_Campain_Election_Campaign_8_36.jpg,C:\Thực tập LUMI\model_BaiToan\Deepleaning\data\dataset\raw\clear\8--Election_Campain_8_Election_Campain_Election_Campaign_8_36.jpg_b155593.jpg
01a0b349-d338-7b70-8fda-7638f42f4508_nvr-llWGaUl9M9E771xokkJUiNr5fMyJBigI_1789714355848_img_face7.jpg,train,clear,146,146,1.0,True,large,single_01a0b349-d338-7b70-8fda-7638f42f4508_nvr-llWGaUl9M9E771xokkJUiNr5fMyJBigI_1789714355848_img_face7.jpg,C:\Thực tập LUMI\model_BaiToan\Deepleaning\data\dataset\raw\clear\01a0b349-d338-7b70-8fda-7638f42f4508_nvr-llWGaUl9M9E771xokkJUiNr5fMyJBigI_1789714355848_img_face7.jpg
54--Rescue_54_Rescue_rescuepeople_54_258.jpg_b137975.jpg,train,clear,124,124,1.0,True,large,wider_54--Rescue_54_Rescue_rescuepeople_54_258.jpg,C:\Thực tập LUMI\model_BaiToan\Deepleaning\data\dataset\raw\clear\54--Rescue_54_Rescue_rescuepeople_54_258.jpg_b137975.jpg
13--Interview_13_Interview_Interview_2_People_Visible_13_116.jpg_b37573.jpg,train,clear,135,135,1.0,True,large,wider_13--Interview_13_Interview_Interview_2_People_Visible_13_116.jpg,C:\Thực tập LUMI\model_BaiToan\Deepleaning\data\dataset\raw\clear\13--Interview_13_Interview_Interview_2_People_Visible_13_116.jpg_b37573.jpg
52--Photographers_52_Photographers_taketouristphotos_52_59.jpg_b135451.jpg,train,clear,120,120,1.0,True,large,wider_52--Photographers_52_Photographers_taketouristphotos_52_59.jpg,C:\Thực tập LUMI\model_BaiToan\Deepleaning\data\dataset\raw\clear\52--Photographers_52_Photographers_taketouristphotos_52_59.jpg_b135451.jpg
6--Funeral_6_Funeral_Funeral_6_915.jpg_b144452.jpg,train,clear,468,468,1.0,True,large,wider_6--Funeral_6_Funeral_Funeral_6_915.jpg,C:\Thực tập LUMI\model_BaiToan\Deepleaning\data\dataset\raw\clear\6--Funeral_6_Funeral_Funeral_6_915.jpg_b144452.jpg
13--Interview_13_Interview_Interview_On_Location_13_889.jpg_b36981.jpg,train,clear,153,153,1.0,True,large,wider_13--Interview_13_Interview_Interview_On_Location_13_889.jpg,C:\Thực tập LUMI\model_BaiToan\Deepleaning\data\dataset\raw\clear\13--Interview_13_Interview_Interview_On_Location_13_889.jpg_b36981.jpg
45--Balloonist_45_Balloonist_Balloonist_45_467.jpg_b124667.jpg,train,clear,210,210,1.0,True,large,wider_45--Balloonist_45_Balloonist_Balloonist_45_467.jpg,C:\Thực tập LUMI\model_BaiToan\Deepleaning\data\dataset\raw\clear\45--Balloonist_45_Balloonist_Balloonist_45_467.jpg_b124667.jpg
13--Interview_13_Interview_Interview_2_People_Visible_13_1013.jpg_b36956.jpg,train,clear,208,208,1.0,True,large,wider_13--Interview_13_Interview_Interview_2_People_Visible_13_1013.jpg,C:\Thực tập LUMI\model_BaiToan\Deepleaning\data\dataset\raw\clear\13--Interview_13_Interview_Interview_2_People_Visible_13_1013.jpg_b36956.jpg
35--Basketball_35_Basketball_playingbasketball_35_587.jpg_b108531.jpg,train,clear,196,196,1.0,True,large,wider_35--Basketball_35_Basketball_playingbasketball_35_587.jpg,C:\Thực tập LUMI\model_BaiToan\Deepleaning\data\dataset\raw\clear\35--Basketball_35_Basketball_playingbasketball_35_587.jpg_b108531.jpg
003083_face.jpg,train,clear,127,127,1.0,True,large,single_003083_face.jpg,C:\Thực tập LUMI\model_BaiToan\Deepleaning\data\dataset\raw\clear\003083_face.jpg
007988_face.jpg,train,clear,134,134,1.0,True,large,single_007988_face.jpg,C:\Thực tập LUMI\model_BaiToan\Deepleaning\data\dataset\raw\clear\007988_face.jpg
40--Gymnastics_40_Gymnastics_Gymnastics_40_179.jpg_b120175.jpg,train,clear,162,162,1.0,True,large,wider_40--Gymnastics_40_Gymnastics_Gymnastics_40_179.jpg,C:\Thực tập LUMI\model_BaiToan\Deepleaning\data\dataset\raw\clear\40--Gymnastics_40_Gymnastics_Gymnastics_40_179.jpg_b120175.jpg
12--Group_12_Group_Group_12_Group_Group_12_238.jpg_b33332.jpg,train,clear,190,190,1.0,True,large,wider_12--Group_12_Group_Group_12_Group_Group_12_238.jpg,C:\Thực tập LUMI\model_BaiToan\Deepleaning\data\dataset\raw\clear\12--Group_12_Group_Group_12_Group_Group_12_238.jpg_b33332.jpg
30--Surgeons_30_Surgeons_Surgeons_30_90.jpg_b98657.jpg,train,clear,152,152,1.0,True,large,wider_30--Surgeons_30_Surgeons_Surgeons_30_90.jpg,C:\Thực tập LUMI\model_BaiToan\Deepleaning\data\dataset\raw\clear\30--Surgeons_30_Surgeons_Surgeons_30_90.jpg_b98657.jpg
16--Award_Ceremony_16_Award_Ceremony_Awards_Ceremony_16_445.jpg_b39336.jpg,train,clear,142,142,1.0,True,large,wider_16--Award_Ceremony_16_Award_Ceremony_Awards_Ceremony_16_445.jpg,C:\Thực tập LUMI\model_BaiToan\Deepleaning\data\dataset\raw\clear\16--Award_Ceremony_16_Award_Ceremony_Awards_Ceremony_16_445.jpg_b39336.jpg
54--Rescue_54_Rescue_firemanrescue_54_327.jpg_b34966.jpg,train,clear,458,458,1.0,True,large,wider_54--Rescue_54_Rescue_firemanrescue_54_327.jpg,C:\Thực tập LUMI\model_BaiToan\Deepleaning\data\dataset\raw\clear\54--Rescue_54_Rescue_firemanrescue_54_327.jpg_b34966.jpg
55--Sports_Coach_Trainer_55_Sports_Coach_Trainer_sportcoaching_55_822.jpg_b138563.jpg,train,clear,126,126,1.0,True,large,wider_55--Sports_Coach_Trainer_55_Sports_Coach_Trainer_sportcoaching_55_822.jpg,C:\Thực tập LUMI\model_BaiToan\Deepleaning\data\dataset\raw\clear\55--Sports_Coach_Trainer_55_Sports_Coach_Trainer_sportcoaching_55_822.jpg_b138563.jpg
33--Running_33_Running_Running_33_244.jpg_b99899.jpg,train,clear,252,252,1.0,True,large,wider_33--Running_33_Running_Running_33_244.jpg,C:\Thực tập LUMI\model_BaiToan\Deepleaning\data\dataset\raw\clear\33--Running_33_Running_Running_33_244.jpg_b99899.jpg
35--Basketball_35_Basketball_basketballgame_ball_35_122.jpg_b105058.jpg,train,clear,145,145,1.0,True,large,wider_35--Basketball_35_Basketball_basketballgame_ball_35_122.jpg,C:\Thực tập LUMI\model_BaiToan\Deepleaning\data\dataset\raw\clear\35--Basketball_35_Basketball_basketballgame_ball_35_122.jpg_b105058.jpg
35--Basketball_35_Basketball_basketballgame_ball_35_122.jpg_b105059.jpg,train,occluded,153,153,1.0,True,large,wider_35--Basketball_35_Basketball_basketballgame_ball_35_122.jpg,C:\Thực tập LUMI\model_BaiToan\Deepleaning\data\dataset\raw\occluded\35--Basketball_35_Basketball_basketballgame_ball_35_122.jpg_b105059.jpg
51--Dresses_51_Dresses_wearingdress_51_377.jpg_b34332.jpg,train,clear,562,562,1.0,True,large,wider_51--Dresses_51_Dresses_wearingdress_51_377.jpg,C:\Thực tập LUMI\model_BaiToan\Deepleaning\data\dataset\raw\clear\51--Dresses_51_Dresses_wearingdress_51_377.jpg_b34332.jpg
51--Dresses_51_Dresses_wearingdress_51_377.jpg_b34333.jpg,train,clear,246,246,1.0,True,large,wider_51--Dresses_51_Dresses_wearingdress_51_377.jpg,C:\Thực tập LUMI\model_BaiToan\Deepleaning\data\dataset\raw\clear\51--Dresses_51_Dresses_wearingdress_51_377.jpg_b34333.jpg
13--Interview_13_Interview_Interview_On_Location_13_915.jpg_b36983.jpg,train,clear,304,304,1.0,True,large,wider_13--Interview_13_Interview_Interview_On_Location_13_915.jpg,C:\Thực tập LUMI\model_BaiToan\Deepleaning\data\dataset\raw\clear\13--Interview_13_Interview_Interview_On_Location_13_915.jpg_b36983.jpg
29--Students_Schoolkids_29_Students_Schoolkids_Students_Schoolkids_29_615.jpg_b95162.jpg,train,clear,120,120,1.0,True,large,wider_29--Students_Schoolkids_29_Students_Schoolkids_Students_Schoolkids_29_615.jpg,C:\Thực tập LUMI\model_BaiToan\Deepleaning\data\dataset\raw\clear\29--Students_Schoolkids_29_Students_Schoolkids_Students_Schoolkids_29_615.jpg_b95162.jpg
29--Students_Schoolkids_29_Students_Schoolkids_Students_Schoolkids_29_615.jpg_b95164.jpg,train,clear,116,116,1.0,True,large,wider_29--Students_Schoolkids_29_Students_Schoolkids_Students_Schoolkids_29_615.jpg,C:\Thực tập LUMI\model_BaiToan\Deepleaning\data\dataset\raw\clear\29--Students_Schoolkids_29_Students_Schoolkids_Students_Schoolkids_29_615.jpg_b95164.jpg
29--Students_Schoolkids_29_Students_Schoolkids_Students_Schoolkids_29_615.jpg_b95159.jpg,train,occluded,122,122,1.0,True,large,wider_29--Students_Schoolkids_29_Students_Schoolkids_Students_Schoolkids_29_615.jpg,C:\Thực tập LUMI\model_BaiToan\Deepleaning\data\dataset\raw\occluded\29--Students_Schoolkids_29_Students_Schoolkids_Students_Schoolkids_29_615.jpg_b95159.jpg
008401_face.jpg,train,clear,125,125,1.0,True,large,single_008401_face.jpg,C:\Thực tập LUMI\model_BaiToan\Deepleaning\data\dataset\raw\clear\008401_face.jpg
17--Ceremony_17_Ceremony_Ceremony_17_1020.jpg_b41629.jpg,train,clear,120,120,1.0,True,large,wider_17--Ceremony_17_Ceremony_Ceremony_17_1020.jpg,C:\Thực tập LUMI\model_BaiToan\Deepleaning\data\dataset\raw\clear\17--Ceremony_17_Ceremony_Ceremony_17_1020.jpg_b41629.jpg
59--people--driving--car_59_peopledrivingcar_peopledrivingcar_59_689.jpg_b144361.jpg,train,clear,162,162,1.0,True,large,wider_59--people--driving--car_59_peopledrivingcar_peopledrivingcar_59_689.jpg,C:\Thực tập LUMI\model_BaiToan\Deepleaning\data\dataset\raw\clear\59--people--driving--car_59_peopledrivingcar_peopledrivingcar_59_689.jpg_b144361.jpg
01a0b760-1310-7730-88b6-e1575af04ced_nvr-llWGaUl9M9E771xokkJUiNr5fMyJBigI_1789782922349_img_face1.jpg,train,clear,123,123,1.0,True,large,single_01a0b760-1310-7730-88b6-e1575af04ced_nvr-llWGaUl9M9E771xokkJUiNr5fMyJBigI_1789782922349_img_face1.jpg,C:\Thực tập LUMI\model_BaiToan\Deepleaning\data\dataset\raw\clear\01a0b760-1310-7730-88b6-e1575af04ced_nvr-llWGaUl9M9E771xokkJUiNr5fMyJBigI_1789782922349_img_face1.jpg
29--Students_Schoolkids_29_Students_Schoolkids_Students_Schoolkids_29_132.jpg_b24063.jpg,train,clear,192,192,1.0,True,large,wider_29--Students_Schoolkids_29_Students_Schoolkids_Students_Schoolkids_29_132.jpg,C:\Thực tập LUMI\model_BaiToan\Deepleaning\data\dataset\raw\clear\29--Students_Schoolkids_29_Students_Schoolkids_Students_Schoolkids_29_132.jpg_b24063.jpg
2--Demonstration_2_Demonstration_Protesters_2_486.jpg_b11824.jpg,train,clear,118,118,1.0,True,large,wider_2--Demonstration_2_Demonstration_Protesters_2_486.jpg,C:\Thực tập LUMI\model_BaiToan\Deepleaning\data\dataset\raw\clear\2--Demonstration_2_Demonstration_Protesters_2_486.jpg_b11824.jpg
41--Swimming_41_Swimming_Swimmer_41_777.jpg_b121733.jpg,train,clear,154,154,1.0,True,large,wider_41--Swimming_41_Swimming_Swimmer_41_777.jpg,C:\Thực tập LUMI\model_BaiToan\Deepleaning\data\dataset\raw\clear\41--Swimming_41_Swimming_Swimmer_41_777.jpg_b121733.jpg
002972_face.jpg,train,clear,127,127,1.0,True,large,single_002972_face.jpg,C:\Thực tập LUMI\model_BaiToan\Deepleaning\data\dataset\raw\clear\002972_face.jpg
5--Car_Accident_5_Car_Accident_Car_Crash_5_644.jpg_b33877.jpg,train,clear,316,316,1.0,True,large,wider_5--Car_Accident_5_Car_Accident_Car_Crash_5_644.jpg,C:\Thực tập LUMI\model_BaiToan\Deepleaning\data\dataset\raw\clear\5--Car_Accident_5_Car_Accident_Car_Crash_5_644.jpg_b33877.jpg
13--Interview_13_Interview_Interview_On_Location_13_382.jpg_b36558.jpg,train,clear,304,304,1.0,True,large,wider_13--Interview_13_Interview_Interview_On_Location_13_382.jpg,C:\Thực tập LUMI\model_BaiToan\Deepleaning\data\dataset\raw\clear\13--Interview_13_Interview_Interview_On_Location_13_382.jpg_b36558.jpg
31--Waiter_Waitress_31_Waiter_Waitress_Waiter_Waitress_31_890.jpg_b98939.jpg,train,clear,201,201,1.0,True,large,wider_31--Waiter_Waitress_31_Waiter_Waitress_Waiter_Waitress_31_890.jpg,C:\Thực tập LUMI\model_BaiToan\Deepleaning\data\dataset\raw\clear\31--Waiter_Waitress_31_Waiter_Waitress_Waiter_Waitress_31_890.jpg_b98939.jpg
15--Stock_Market_15_Stock_Market_Stock_Market_15_554.jpg_b10366.jpg,train,clear,132,132,1.0,True,large,wider_15--Stock_Market_15_Stock_Market_Stock_Market_15_554.jpg,C:\Thực tập LUMI\model_BaiToan\Deepleaning\data\dataset\raw\clear\15--Stock_Market_15_Stock_Market_Stock_Market_15_554.jpg_b10366.jpg
15--Stock_Market_15_Stock_Market_Stock_Market_15_554.jpg_b10365.jpg,train,occluded,208,208,1.0,True,large,wider_15--Stock_Market_15_Stock_Market_Stock_Market_15_554.jpg,C:\Thực tập LUMI\model_BaiToan\Deepleaning\data\dataset\raw\occluded\15--Stock_Market_15_Stock_Market_Stock_Market_15_554.jpg_b10365.jpg
52--Photographers_52_Photographers_photographertakingphoto_52_391.jpg_b135605.jpg,train,clear,174,174,1.0,True,large,wider_52--Photographers_52_Photographers_photographertakingphoto_52_391.jpg,C:\Thực tập LUMI\model_BaiToan\Deepleaning\data\dataset\raw\clear\52--Photographers_52_Photographers_photographertakingphoto_52_391.jpg_b135605.jpg
16--Award_Ceremony_16_Award_Ceremony_Awards_Ceremony_16_422.jpg_b10404.jpg,train,clear,510,510,1.0,True,large,wider_16--Award_Ceremony_16_Award_Ceremony_Awards_Ceremony_16_422.jpg,C:\Thực tập LUMI\model_BaiToan\Deepleaning\data\dataset\raw\clear\16--Award_Ceremony_16_Award_Ceremony_Awards_Ceremony_16_422.jpg_b10404.jpg
01a0b348-9ab8-73e3-9797-86234c0f24be_nvr-llWGaUl9M9E771xokkJUiNr5fMyJBigI_1789714275642_img_face6.jpg,train,clear,115,115,1.0,True,large,single_01a0b348-9ab8-73e3-9797-86234c0f24be_nvr-llWGaUl9M9E771xokkJUiNr5fMyJBigI_1789714275642_img_face6.jpg,C:\Thực tập LUMI\model_BaiToan\Deepleaning\data\dataset\raw\clear\01a0b348-9ab8-73e3-9797-86234c0f24be_nvr-llWGaUl9M9E771xokkJUiNr5fMyJBigI_1789714275642_img_face6.jpg
17--Ceremony_17_Ceremony_Ceremony_17_182.jpg_b43069.jpg,train,clear,116,116,1.0,True,large,wider_17--Ceremony_17_Ceremony_Ceremony_17_182.jpg,C:\Thực tập LUMI\model_BaiToan\Deepleaning\data\dataset\raw\clear\17--Ceremony_17_Ceremony_Ceremony_17_182.jpg_b43069.jpg
17--Ceremony_17_Ceremony_Ceremony_17_182.jpg_b43070.jpg,train,occluded,116,116,1.0,True,large,wider_17--Ceremony_17_Ceremony_Ceremony_17_182.jpg,C:\Thực tập LUMI\model_BaiToan\Deepleaning\data\dataset\raw\occluded\17--Ceremony_17_Ceremony_Ceremony_17_182.jpg_b43070.jpg
01a0b346-c5f8-72c1-8267-0fe7d32dd2a6_nvr-llWGaUl9M9E771xokkJUiNr5fMyJBigI_1789714155279_img_face5.jpg,train,clear,115,115,1.0,True,large,single_01a0b346-c5f8-72c1-8267-0fe7d32dd2a6_nvr-llWGaUl9M9E771xokkJUiNr5fMyJBigI_1789714155279_img_face5.jpg,C:\Thực tập LUMI\model_BaiToan\Deepleaning\data\dataset\raw\clear\01a0b346-c5f8-72c1-8267-0fe7d32dd2a6_nvr-llWGaUl9M9E771xokkJUiNr5fMyJBigI_1789714155279_img_face5.jpg
01a0b34a-86e8-7a62-888d-1a5a05c447e6_nvr-llWGaUl9M9E771xokkJUiNr5fMyJBigI_1789714401285_img_face7.jpg,train,clear,138,138,1.0,True,large,single_01a0b34a-86e8-7a62-888d-1a5a05c447e6_nvr-llWGaUl9M9E771xokkJUiNr5fMyJBigI_1789714401285_img_face7.jpg,C:\Thực tập LUMI\model_BaiToan\Deepleaning\data\dataset\raw\clear\01a0b34a-86e8-7a62-888d-1a5a05c447e6_nvr-llWGaUl9M9E771xokkJUiNr5fMyJBigI_1789714401285_img_face7.jpg
15--Stock_Market_15_Stock_Market_Stock_Market_15_292.jpg_b38747.jpg,train,clear,195,195,1.0,True,large,wider_15--Stock_Market_15_Stock_Market_Stock_Market_15_292.jpg,C:\Thực tập LUMI\model_BaiToan\Deepleaning\data\dataset\raw\clear\15--Stock_Market_15_Stock_Market_Stock_Market_15_292.jpg_b38747.jpg
44--Aerobics_44_Aerobics_Aerobics_44_973.jpg_b123538.jpg,train,clear,150,150,1.0,True,large,wider_44--Aerobics_44_Aerobics_Aerobics_44_973.jpg,C:\Thực tập LUMI\model_BaiToan\Deepleaning\data\dataset\raw\clear\44--Aerobics_44_Aerobics_Aerobics_44_973.jpg_b123538.jpg
7--Cheering_7_Cheering_Cheering_7_739.jpg_b38033.jpg,train,clear,546,546,1.0,True,large,wider_7--Cheering_7_Cheering_Cheering_7_739.jpg,C:\Thực tập LUMI\model_BaiToan\Deepleaning\data\dataset\raw\clear\7--Cheering_7_Cheering_Cheering_7_739.jpg_b38033.jpg
12--Group_12_Group_Team_Organized_Group_12_Group_Team_Organized_Group_12_537.jpg_b35089.jpg,train,clear,116,116,1.0,True,large,wider_12--Group_12_Group_Team_Organized_Group_12_Group_Team_Organized_Group_12_537.jpg,C:\Thực tập LUMI\model_BaiToan\Deepleaning\data\dataset\raw\clear\12--Group_12_Group_Team_Organized_Group_12_Group_Team_Organized_Group_12_537.jpg_b35089.jpg
1--Handshaking_1_Handshaking_Handshaking_1_766.jpg_b3758.jpg,train,clear,374,374,1.0,True,large,wider_1--Handshaking_1_Handshaking_Handshaking_1_766.jpg,C:\Thực tập LUMI\model_BaiToan\Deepleaning\data\dataset\raw\clear\1--Handshaking_1_Handshaking_Handshaking_1_766.jpg_b3758.jpg
PhongLT_20260415_085710_107.jpg,train,clear,112,112,1.0,True,large,person_session_PhongLT_20260415_0857,C:\Thực tập LUMI\model_BaiToan\Deepleaning\data\dataset\raw\clear\PhongLT_20260415_085710_107.jpg
PhongLT_20260415_085705_329.jpg,train,occluded,112,112,1.0,True,large,person_session_PhongLT_20260415_0857,C:\Thực tập LUMI\model_BaiToan\Deepleaning\data\dataset\raw\occluded\PhongLT_20260415_085705_329.jpg
15--Stock_Market_15_Stock_Market_Stock_Market_15_465.jpg_b39242.jpg,train,clear,167,167,1.0,True,large,wider_15--Stock_Market_15_Stock_Market_Stock_Market_15_465.jpg,C:\Thực tập LUMI\model_BaiToan\Deepleaning\data\dataset\raw\clear\15--Stock_Market_15_Stock_Market_Stock_Market_15_465.jpg_b39242.jpg
19--Couple_19_Couple_Couple_19_822.jpg_b11488.jpg,train,clear,364,364,1.0,True,large,wider_19--Couple_19_Couple_Couple_19_822.jpg,C:\Thực tập LUMI\model_BaiToan\Deepleaning\data\dataset\raw\clear\19--Couple_19_Couple_Couple_19_822.jpg_b11488.jpg
4--Dancing_4_Dancing_Dancing_4_922.jpg_b30759.jpg,train,clear,483,483,1.0,True,large,wider_4--Dancing_4_Dancing_Dancing_4_922.jpg,C:\Thực tập LUMI\model_BaiToan\Deepleaning\data\dataset\raw\clear\4--Dancing_4_Dancing_Dancing_4_922.jpg_b30759.jpg
10--People_Marching_10_People_Marching_People_Marching_10_People_Marching_People_Marching_10_People_Marching_People_Marching_10_101.jpg_b19016.jpg,train,clear,128,128,1.0,True,large,wider_10--People_Marching_10_People_Marching_People_Marching_10_People_Marching_People_Marching_10_People_Marching_People_Marching_10_101.jpg,C:\Thực tập LUMI\model_BaiToan\Deepleaning\data\dataset\raw\clear\10--People_Marching_10_People_Marching_People_Marching_10_People_Marching_People_Marching_10_People_Marching_People_Marching_10_101.jpg_b19016.jpg
10--People_Marching_10_People_Marching_People_Marching_10_People_Marching_People_Marching_10_People_Marching_People_Marching_10_101.jpg_b19022.jpg,train,occluded,142,142,1.0,True,large,wider_10--People_Marching_10_People_Marching_People_Marching_10_People_Marching_People_Marching_10_People_Marching_People_Marching_10_101.jpg,C:\Thực tập LUMI\model_BaiToan\Deepleaning\data\dataset\raw\occluded\10--People_Marching_10_People_Marching_People_Marching_10_People_Marching_People_Marching_10_People_Marching_People_Marching_10_101.jpg_b19022.jpg
49--Greeting_49_Greeting_peoplegreeting_49_88.jpg_b130902.jpg,train,clear,190,190,1.0,True,large,wider_49--Greeting_49_Greeting_peoplegreeting_49_88.jpg,C:\Thực tập LUMI\model_BaiToan\Deepleaning\data\dataset\raw\clear\49--Greeting_49_Greeting_peoplegreeting_49_88.jpg_b130902.jpg
44--Aerobics_44_Aerobics_Aerobics_44_755.jpg_b31680.jpg,train,clear,200,200,1.0,True,large,wider_44--Aerobics_44_Aerobics_Aerobics_44_755.jpg,C:\Thực tập LUMI\model_BaiToan\Deepleaning\data\dataset\raw\clear\44--Aerobics_44_Aerobics_Aerobics_44_755.jpg_b31680.jpg
0--Parade_0_Parade_Parade_0_600.jpg_b12148.jpg,train,clear,158,158,1.0,True,large,wider_0--Parade_0_Parade_Parade_0_600.jpg,C:\Thực tập LUMI\model_BaiToan\Deepleaning\data\dataset\raw\clear\0--Parade_0_Parade_Parade_0_600.jpg_b12148.jpg
54--Rescue_54_Rescue_rescuepeople_54_605.jpg_b137322.jpg,train,clear,196,196,1.0,True,large,wider_54--Rescue_54_Rescue_rescuepeople_54_605.jpg,C:\Thực tập LUMI\model_BaiToan\Deepleaning\data\dataset\raw\clear\54--Rescue_54_Rescue_rescuepeople_54_605.jpg_b137322.jpg
50--Celebration_Or_Party_50_Celebration_Or_Party_birthdayparty_50_179.jpg_b134146.jpg,train,clear,200,200,1.0,True,large,wider_50--Celebration_Or_Party_50_Celebration_Or_Party_birthdayparty_50_179.jpg,C:\Thực tập LUMI\model_BaiToan\Deepleaning\data\dataset\raw\clear\50--Celebration_Or_Party_50_Celebration_Or_Party_birthdayparty_50_179.jpg_b134146.jpg
29--Students_Schoolkids_29_Students_Schoolkids_Students_Schoolkids_29_802.jpg_b95135.jpg,train,clear,230,230,1.0,True,large,wider_29--Students_Schoolkids_29_Students_Schoolkids_Students_Schoolkids_29_802.jpg,C:\Thực tập LUMI\model_BaiToan\Deepleaning\data\dataset\raw\clear\29--Students_Schoolkids_29_Students_Schoolkids_Students_Schoolkids_29_802.jpg_b95135.jpg
56--Voter_56_Voter_peoplevoting_56_866.jpg_b140827.jpg,train,clear,590,590,1.0,True,large,wider_56--Voter_56_Voter_peoplevoting_56_866.jpg,C:\Thực tập LUMI\model_BaiToan\Deepleaning\data\dataset\raw\clear\56--Voter_56_Voter_peoplevoting_56_866.jpg_b140827.jpg
2--Demonstration_2_Demonstration_Demonstrators_2_470.jpg_b17657.jpg,train,clear,146,146,1.0,True,large,wider_2--Demonstration_2_Demonstration_Demonstrators_2_470.jpg,C:\Thực tập LUMI\model_BaiToan\Deepleaning\data\dataset\raw\clear\2--Demonstration_2_Demonstration_Demonstrators_2_470.jpg_b17657.jpg
51--Dresses_51_Dresses_wearingdress_51_823.jpg_b134382.jpg,train,clear,131,131,1.0,True,large,wider_51--Dresses_51_Dresses_wearingdress_51_823.jpg,C:\Thực tập LUMI\model_BaiToan\Deepleaning\data\dataset\raw\clear\51--Dresses_51_Dresses_wearingdress_51_823.jpg_b134382.jpg
18--Concerts_18_Concerts_Concerts_18_828.jpg_b11359.jpg,train,clear,154,154,1.0,True,large,wider_18--Concerts_18_Concerts_Concerts_18_828.jpg,C:\Thực tập LUMI\model_BaiToan\Deepleaning\data\dataset\raw\clear\18--Concerts_18_Concerts_Concerts_18_828.jpg_b11359.jpg
004260_face.jpg,train,clear,133,133,1.0,True,large,single_004260_face.jpg,C:\Thực tập LUMI\model_BaiToan\Deepleaning\data\dataset\raw\clear\004260_face.jpg
GiangNDM_20260414_160937_348.jpg,train,clear,112,112,1.0,True,large,person_session_GiangNDM_20260414_1609,C:\Thực tập LUMI\model_BaiToan\Deepleaning\data\dataset\raw\clear\GiangNDM_20260414_160937_348.jpg
20--Family_Group_20_Family_Group_Family_Group_20_1003.jpg_b20565.jpg,train,clear,152,152,1.0,True,large,wider_20--Family_Group_20_Family_Group_Family_Group_20_1003.jpg,C:\Thực tập LUMI\model_BaiToan\Deepleaning\data\dataset\raw\clear\20--Family_Group_20_Family_Group_Family_Group_20_1003.jpg_b20565.jpg
2--Demonstration_2_Demonstration_Demonstration_Or_Protest_2_557.jpg_b71142.jpg,train,clear,156,156,1.0,True,large,wider_2--Demonstration_2_Demonstration_Demonstration_Or_Protest_2_557.jpg,C:\Thực tập LUMI\model_BaiToan\Deepleaning\data\dataset\raw\clear\2--Demonstration_2_Demonstration_Demonstration_Or_Protest_2_557.jpg_b71142.jpg
12--Group_12_Group_Group_12_Group_Group_12_102.jpg_b32092.jpg,train,clear,180,180,1.0,True,large,wider_12--Group_12_Group_Group_12_Group_Group_12_102.jpg,C:\Thực tập LUMI\model_BaiToan\Deepleaning\data\dataset\raw\clear\12--Group_12_Group_Group_12_Group_Group_12_102.jpg_b32092.jpg
12--Group_12_Group_Group_12_Group_Group_12_102.jpg_b32093.jpg,train,clear,184,184,1.0,True,large,wider_12--Group_12_Group_Group_12_Group_Group_12_102.jpg,C:\Thực tập LUMI\model_BaiToan\Deepleaning\data\dataset\raw\clear\12--Group_12_Group_Group_12_Group_Group_12_102.jpg_b32093.jpg
005932_face.jpg,train,clear,128,128,1.0,True,large,single_005932_face.jpg,C:\Thực tập LUMI\model_BaiToan\Deepleaning\data\dataset\raw\clear\005932_face.jpg
006813_face.jpg,train,clear,151,151,1.0,True,large,single_006813_face.jpg,C:\Thực tập LUMI\model_BaiToan\Deepleaning\data\dataset\raw\clear\006813_face.jpg
52--Photographers_52_Photographers_photographertakingphoto_52_325.jpg_b135477.jpg,train,clear,518,518,1.0,True,large,wider_52--Photographers_52_Photographers_photographertakingphoto_52_325.jpg,C:\Thực tập LUMI\model_BaiToan\Deepleaning\data\dataset\raw\clear\52--Photographers_52_Photographers_photographertakingphoto_52_325.jpg_b135477.jpg
11--Meeting_11_Meeting_Meeting_11_Meeting_Meeting_11_44.jpg_b23091.jpg,train,clear,138,138,1.0,True,large,wider_11--Meeting_11_Meeting_Meeting_11_Meeting_Meeting_11_44.jpg,C:\Thực tập LUMI\model_BaiToan\Deepleaning\data\dataset\raw\clear\11--Meeting_11_Meeting_Meeting_11_Meeting_Meeting_11_44.jpg_b23091.jpg
12--Group_12_Group_Large_Group_12_Group_Large_Group_12_118.jpg_b33183.jpg,train,clear,190,190,1.0,True,large,wider_12--Group_12_Group_Large_Group_12_Group_Large_Group_12_118.jpg,C:\Thực tập LUMI\model_BaiToan\Deepleaning\data\dataset\raw\clear\12--Group_12_Group_Large_Group_12_Group_Large_Group_12_118.jpg_b33183.jpg
13--Interview_13_Interview_Interview_On_Location_13_647.jpg_b36316.jpg,train,clear,212,212,1.0,True,large,wider_13--Interview_13_Interview_Interview_On_Location_13_647.jpg,C:\Thực tập LUMI\model_BaiToan\Deepleaning\data\dataset\raw\clear\13--Interview_13_Interview_Interview_On_Location_13_647.jpg_b36316.jpg
2--Demonstration_2_Demonstration_Political_Rally_2_172.jpg_b20518.jpg,train,clear,522,522,1.0,True,large,wider_2--Demonstration_2_Demonstration_Political_Rally_2_172.jpg,C:\Thực tập LUMI\model_BaiToan\Deepleaning\data\dataset\raw\clear\2--Demonstration_2_Demonstration_Political_Rally_2_172.jpg_b20518.jpg
23--Shoppers_23_Shoppers_Shoppers_23_529.jpg_b90499.jpg,train,clear,126,126,1.0,True,large,wider_23--Shoppers_23_Shoppers_Shoppers_23_529.jpg,C:\Thực tập LUMI\model_BaiToan\Deepleaning\data\dataset\raw\clear\23--Shoppers_23_Shoppers_Shoppers_23_529.jpg_b90499.jpg
29--Students_Schoolkids_29_Students_Schoolkids_Students_Schoolkids_29_562.jpg_b96502.jpg,train,clear,310,310,1.0,True,large,wider_29--Students_Schoolkids_29_Students_Schoolkids_Students_Schoolkids_29_562.jpg,C:\Thực tập LUMI\model_BaiToan\Deepleaning\data\dataset\raw\clear\29--Students_Schoolkids_29_Students_Schoolkids_Students_Schoolkids_29_562.jpg_b96502.jpg
003109_face.jpg,train,clear,142,142,1.0,True,large,single_003109_face.jpg,C:\Thực tập LUMI\model_BaiToan\Deepleaning\data\dataset\raw\clear\003109_face.jpg
12--Group_12_Group_Team_Organized_Group_12_Group_Team_Organized_Group_12_828.jpg_b33300.jpg,train,clear,128,128,1.0,True,large,wider_12--Group_12_Group_Team_Organized_Group_12_Group_Team_Organized_Group_12_828.jpg,C:\Thực tập LUMI\model_BaiToan\Deepleaning\data\dataset\raw\clear\12--Group_12_Group_Team_Organized_Group_12_Group_Team_Organized_Group_12_828.jpg_b33300.jpg
01a0b433-8758-7130-8dc5-9f7c6a9f9f95_nvr-llWGaUl9M9E771xokkJUiNr5fMyJBigI_1789729671453_img_face1.jpg,train,clear,93,93,1.0,True,medium,single_01a0b433-8758-7130-8dc5-9f7c6a9f9f95_nvr-llWGaUl9M9E771xokkJUiNr5fMyJBigI_1789729671453_img_face1.jpg,C:\Thực tập LUMI\model_BaiToan\Deepleaning\data\dataset\raw\clear\01a0b433-8758-7130-8dc5-9f7c6a9f9f95_nvr-llWGaUl9M9E771xokkJUiNr5fMyJBigI_1789729671453_img_face1.jpg
01a0b344-1e48-7473-8893-db6a4715b078_nvr-llWGaUl9M9E771xokkJUiNr5fMyJBigI_1789713981911_img_face9.jpg,train,clear,100,100,1.0,True,medium,single_01a0b344-1e48-7473-8893-db6a4715b078_nvr-llWGaUl9M9E771xokkJUiNr5fMyJBigI_1789713981911_img_face9.jpg,C:\Thực tập LUMI\model_BaiToan\Deepleaning\data\dataset\raw\clear\01a0b344-1e48-7473-8893-db6a4715b078_nvr-llWGaUl9M9E771xokkJUiNr5fMyJBigI_1789713981911_img_face9.jpg
01a0b346-9330-70d0-ad21-5f49584e63d2_nvr-llWGaUl9M9E771xokkJUiNr5fMyJBigI_1789714142338_img_face5.jpg,train,clear,104,104,1.0,True,medium,single_01a0b346-9330-70d0-ad21-5f49584e63d2_nvr-llWGaUl9M9E771xokkJUiNr5fMyJBigI_1789714142338_img_face5.jpg,C:\Thực tập LUMI\model_BaiToan\Deepleaning\data\dataset\raw\clear\01a0b346-9330-70d0-ad21-5f49584e63d2_nvr-llWGaUl9M9E771xokkJUiNr5fMyJBigI_1789714142338_img_face5.jpg
29--Students_Schoolkids_29_Students_Schoolkids_Students_Schoolkids_29_865.jpg_b96227.jpg,train,clear,102,102,1.0,True,medium,wider_29--Students_Schoolkids_29_Students_Schoolkids_Students_Schoolkids_29_865.jpg,C:\Thực tập LUMI\model_BaiToan\Deepleaning\data\dataset\raw\clear\29--Students_Schoolkids_29_Students_Schoolkids_Students_Schoolkids_29_865.jpg_b96227.jpg
46--Jockey_46_Jockey_Jockey_46_393.jpg_b32084.jpg,train,clear,100,100,1.0,True,medium,wider_46--Jockey_46_Jockey_Jockey_46_393.jpg,C:\Thực tập LUMI\model_BaiToan\Deepleaning\data\dataset\raw\clear\46--Jockey_46_Jockey_Jockey_46_393.jpg_b32084.jpg
44--Aerobics_44_Aerobics_Aerobics_44_106.jpg_b123473.jpg,train,clear,77,77,1.0,True,medium,wider_44--Aerobics_44_Aerobics_Aerobics_44_106.jpg,C:\Thực tập LUMI\model_BaiToan\Deepleaning\data\dataset\raw\clear\44--Aerobics_44_Aerobics_Aerobics_44_106.jpg_b123473.jpg
44--Aerobics_44_Aerobics_Aerobics_44_106.jpg_b123472.jpg,train,occluded,72,72,1.0,True,small,wider_44--Aerobics_44_Aerobics_Aerobics_44_106.jpg,C:\Thực tập LUMI\model_BaiToan\Deepleaning\data\dataset\raw\occluded\44--Aerobics_44_Aerobics_Aerobics_44_106.jpg_b123472.jpg
56--Voter_56_Voter_peoplevoting_56_621.jpg_b140289.jpg,train,clear,100,100,1.0,True,medium,wider_56--Voter_56_Voter_peoplevoting_56_621.jpg,C:\Thực tập LUMI\model_BaiToan\Deepleaning\data\dataset\raw\clear\56--Voter_56_Voter_peoplevoting_56_621.jpg_b140289.jpg
13--Interview_13_Interview_Interview_On_Location_13_704.jpg_b37523.jpg,train,clear,78,78,1.0,True,medium,wider_13--Interview_13_Interview_Interview_On_Location_13_704.jpg,C:\Thực tập LUMI\model_BaiToan\Deepleaning\data\dataset\raw\clear\13--Interview_13_Interview_Interview_On_Location_13_704.jpg_b37523.jpg
01a0b405-7a48-7892-9213-9d9525e138e4_nvr-llWGaUl9M9E771xokkJUiNr5fMyJBigI_1789726653388_img_face1.jpg,train,clear,100,100,1.0,True,medium,single_01a0b405-7a48-7892-9213-9d9525e138e4_nvr-llWGaUl9M9E771xokkJUiNr5fMyJBigI_1789726653388_img_face1.jpg,C:\Thực tập LUMI\model_BaiToan\Deepleaning\data\dataset\raw\clear\01a0b405-7a48-7892-9213-9d9525e138e4_nvr-llWGaUl9M9E771xokkJUiNr5fMyJBigI_1789726653388_img_face1.jpg
49--Greeting_49_Greeting_peoplegreeting_49_218.jpg_b33370.jpg,train,clear,78,78,1.0,True,medium,wider_49--Greeting_49_Greeting_peoplegreeting_49_218.jpg,C:\Thực tập LUMI\model_BaiToan\Deepleaning\data\dataset\raw\clear\49--Greeting_49_Greeting_peoplegreeting_49_218.jpg_b33370.jpg
01a0b346-b658-70d1-b298-65546a3b7877_nvr-llWGaUl9M9E771xokkJUiNr5fMyJBigI_1789714151605_img_face5.jpg,train,clear,108,108,1.0,True,medium,single_01a0b346-b658-70d1-b298-65546a3b7877_nvr-llWGaUl9M9E771xokkJUiNr5fMyJBigI_1789714151605_img_face5.jpg,C:\Thực tập LUMI\model_BaiToan\Deepleaning\data\dataset\raw\clear\01a0b346-b658-70d1-b298-65546a3b7877_nvr-llWGaUl9M9E771xokkJUiNr5fMyJBigI_1789714151605_img_face5.jpg
01a0b348-e8d8-70c0-8948-73da6c43946f_nvr-llWGaUl9M9E771xokkJUiNr5fMyJBigI_1789714295796_img_face8.jpg,train,clear,86,86,1.0,True,medium,single_01a0b348-e8d8-70c0-8948-73da6c43946f_nvr-llWGaUl9M9E771xokkJUiNr5fMyJBigI_1789714295796_img_face8.jpg,C:\Thực tập LUMI\model_BaiToan\Deepleaning\data\dataset\raw\clear\01a0b348-e8d8-70c0-8948-73da6c43946f_nvr-llWGaUl9M9E771xokkJUiNr5fMyJBigI_1789714295796_img_face8.jpg
01a0b34a-f830-70f0-a0d5-35a178238867_nvr-llWGaUl9M9E771xokkJUiNr5fMyJBigI_1789714430450_img_face3.jpg,train,clear,86,86,1.0,True,medium,single_01a0b34a-f830-70f0-a0d5-35a178238867_nvr-llWGaUl9M9E771xokkJUiNr5fMyJBigI_1789714430450_img_face3.jpg,C:\Thực tập LUMI\model_BaiToan\Deepleaning\data\dataset\raw\clear\01a0b34a-f830-70f0-a0d5-35a178238867_nvr-llWGaUl9M9E771xokkJUiNr5fMyJBigI_1789714430450_img_face3.jpg
01a0b348-9ab8-73e3-9797-86234c0f24be_nvr-llWGaUl9M9E771xokkJUiNr5fMyJBigI_1789714275642_img_face20.jpg,train,clear,83,83,1.0,True,medium,single_01a0b348-9ab8-73e3-9797-86234c0f24be_nvr-llWGaUl9M9E771xokkJUiNr5fMyJBigI_1789714275642_img_face20.jpg,C:\Thực tập LUMI\model_BaiToan\Deepleaning\data\dataset\raw\clear\01a0b348-9ab8-73e3-9797-86234c0f24be_nvr-llWGaUl9M9E771xokkJUiNr5fMyJBigI_1789714275642_img_face20.jpg
39--Ice_Skating_39_Ice_Skating_iceskiing_39_845.jpg_b118665.jpg,train,clear,82,82,1.0,True,medium,wider_39--Ice_Skating_39_Ice_Skating_iceskiing_39_845.jpg,C:\Thực tập LUMI\model_BaiToan\Deepleaning\data\dataset\raw\clear\39--Ice_Skating_39_Ice_Skating_iceskiing_39_845.jpg_b118665.jpg
12--Group_12_Group_Team_Organized_Group_12_Group_Team_Organized_Group_12_115.jpg_b9119.jpg,train,clear,80,80,1.0,True,medium,wider_12--Group_12_Group_Team_Organized_Group_12_Group_Team_Organized_Group_12_115.jpg,C:\Thực tập LUMI\model_BaiToan\Deepleaning\data\dataset\raw\clear\12--Group_12_Group_Team_Organized_Group_12_Group_Team_Organized_Group_12_115.jpg_b9119.jpg
12--Group_12_Group_Group_12_Group_Group_12_51.jpg_b26332.jpg,train,clear,106,106,1.0,True,medium,wider_12--Group_12_Group_Group_12_Group_Group_12_51.jpg,C:\Thực tập LUMI\model_BaiToan\Deepleaning\data\dataset\raw\clear\12--Group_12_Group_Group_12_Group_Group_12_51.jpg_b26332.jpg
12--Group_12_Group_Group_12_Group_Group_12_51.jpg_b26335.jpg,train,clear,112,112,1.0,True,large,wider_12--Group_12_Group_Group_12_Group_Group_12_51.jpg,C:\Thực tập LUMI\model_BaiToan\Deepleaning\data\dataset\raw\clear\12--Group_12_Group_Group_12_Group_Group_12_51.jpg_b26335.jpg
8--Election_Campain_8_Election_Campain_Election_Campaign_8_397.jpg_b154447.jpg,train,clear,86,86,1.0,True,medium,wider_8--Election_Campain_8_Election_Campain_Election_Campaign_8_397.jpg,C:\Thực tập LUMI\model_BaiToan\Deepleaning\data\dataset\raw\clear\8--Election_Campain_8_Election_Campain_Election_Campaign_8_397.jpg_b154447.jpg
0--Parade_0_Parade_Parade_0_471.jpg_b5360.jpg,train,clear,97,97,1.0,True,medium,wider_0--Parade_0_Parade_Parade_0_471.jpg,C:\Thực tập LUMI\model_BaiToan\Deepleaning\data\dataset\raw\clear\0--Parade_0_Parade_Parade_0_471.jpg_b5360.jpg
01a0b344-1e48-7473-8893-db6a4715b078_nvr-llWGaUl9M9E771xokkJUiNr5fMyJBigI_1789713981911_img_face7.jpg,train,clear,89,89,1.0,True,medium,single_01a0b344-1e48-7473-8893-db6a4715b078_nvr-llWGaUl9M9E771xokkJUiNr5fMyJBigI_1789713981911_img_face7.jpg,C:\Thực tập LUMI\model_BaiToan\Deepleaning\data\dataset\raw\clear\01a0b344-1e48-7473-8893-db6a4715b078_nvr-llWGaUl9M9E771xokkJUiNr5fMyJBigI_1789713981911_img_face7.jpg
1--Handshaking_1_Handshaking_Handshaking_1_515.jpg_b16634.jpg,train,clear,109,109,1.0,True,medium,wider_1--Handshaking_1_Handshaking_Handshaking_1_515.jpg,C:\Thực tập LUMI\model_BaiToan\Deepleaning\data\dataset\raw\clear\1--Handshaking_1_Handshaking_Handshaking_1_515.jpg_b16634.jpg
01a0b787-d6c0-7821-ae9c-807777d4eaf7_nvr-llWGaUl9M9E771xokkJUiNr5fMyJBigI_1789785528252_img_face1.jpg,train,clear,87,87,1.0,True,medium,single_01a0b787-d6c0-7821-ae9c-807777d4eaf7_nvr-llWGaUl9M9E771xokkJUiNr5fMyJBigI_1789785528252_img_face1.jpg,C:\Thực tập LUMI\model_BaiToan\Deepleaning\data\dataset\raw\clear\01a0b787-d6c0-7821-ae9c-807777d4eaf7_nvr-llWGaUl9M9E771xokkJUiNr5fMyJBigI_1789785528252_img_face1.jpg
40--Gymnastics_40_Gymnastics_Gymnastics_40_463.jpg_b119706.jpg,train,clear,100,100,1.0,True,medium,wider_40--Gymnastics_40_Gymnastics_Gymnastics_40_463.jpg,C:\Thực tập LUMI\model_BaiToan\Deepleaning\data\dataset\raw\clear\40--Gymnastics_40_Gymnastics_Gymnastics_40_463.jpg_b119706.jpg
4--Dancing_4_Dancing_Dancing_4_774.jpg_b119086.jpg,train,clear,93,93,1.0,True,medium,wider_4--Dancing_4_Dancing_Dancing_4_774.jpg,C:\Thực tập LUMI\model_BaiToan\Deepleaning\data\dataset\raw\clear\4--Dancing_4_Dancing_Dancing_4_774.jpg_b119086.jpg
4--Dancing_4_Dancing_Dancing_4_774.jpg_b119088.jpg,train,clear,80,80,1.0,True,medium,wider_4--Dancing_4_Dancing_Dancing_4_774.jpg,C:\Thực tập LUMI\model_BaiToan\Deepleaning\data\dataset\raw\clear\4--Dancing_4_Dancing_Dancing_4_774.jpg_b119088.jpg
6--Funeral_6_Funeral_Funeral_6_292.jpg_b36755.jpg,train,clear,89,89,1.0,True,medium,wider_6--Funeral_6_Funeral_Funeral_6_292.jpg,C:\Thực tập LUMI\model_BaiToan\Deepleaning\data\dataset\raw\clear\6--Funeral_6_Funeral_Funeral_6_292.jpg_b36755.jpg
01a0b348-19d0-7cb0-9c11-1627d0471840_nvr-llWGaUl9M9E771xokkJUiNr5fMyJBigI_1789714242053_img_face4.jpg,train,clear,104,104,1.0,True,medium,single_01a0b348-19d0-7cb0-9c11-1627d0471840_nvr-llWGaUl9M9E771xokkJUiNr5fMyJBigI_1789714242053_img_face4.jpg,C:\Thực tập LUMI\model_BaiToan\Deepleaning\data\dataset\raw\clear\01a0b348-19d0-7cb0-9c11-1627d0471840_nvr-llWGaUl9M9E771xokkJUiNr5fMyJBigI_1789714242053_img_face4.jpg
12--Group_12_Group_Group_12_Group_Group_12_116.jpg_b30931.jpg,train,clear,77,77,1.0,True,medium,wider_12--Group_12_Group_Group_12_Group_Group_12_116.jpg,C:\Thực tập LUMI\model_BaiToan\Deepleaning\data\dataset\raw\clear\12--Group_12_Group_Group_12_Group_Group_12_116.jpg_b30931.jpg
12--Group_12_Group_Group_12_Group_Group_12_116.jpg_b30939.jpg,train,clear,70,70,1.0,True,small,wider_12--Group_12_Group_Group_12_Group_Group_12_116.jpg,C:\Thực tập LUMI\model_BaiToan\Deepleaning\data\dataset\raw\clear\12--Group_12_Group_Group_12_Group_Group_12_116.jpg_b30939.jpg
23--Shoppers_23_Shoppers_Shoppers_23_398.jpg_b90433.jpg,train,clear,93,93,1.0,True,medium,wider_23--Shoppers_23_Shoppers_Shoppers_23_398.jpg,C:\Thực tập LUMI\model_BaiToan\Deepleaning\data\dataset\raw\clear\23--Shoppers_23_Shoppers_Shoppers_23_398.jpg_b90433.jpg
37--Soccer_37_Soccer_soccer_ball_37_818.jpg_b29935.jpg,train,clear,76,76,1.0,True,medium,wider_37--Soccer_37_Soccer_soccer_ball_37_818.jpg,C:\Thực tập LUMI\model_BaiToan\Deepleaning\data\dataset\raw\clear\37--Soccer_37_Soccer_soccer_ball_37_818.jpg_b29935.jpg
54--Rescue_54_Rescue_rescuepeople_54_32.jpg_b138085.jpg,train,clear,77,77,1.0,True,medium,wider_54--Rescue_54_Rescue_rescuepeople_54_32.jpg,C:\Thực tập LUMI\model_BaiToan\Deepleaning\data\dataset\raw\clear\54--Rescue_54_Rescue_rescuepeople_54_32.jpg_b138085.jpg
26--Soldier_Drilling_26_Soldier_Drilling_Soldiers_Drilling_26_760.jpg_b91806.jpg,train,clear,83,83,1.0,True,medium,wider_26--Soldier_Drilling_26_Soldier_Drilling_Soldiers_Drilling_26_760.jpg,C:\Thực tập LUMI\model_BaiToan\Deepleaning\data\dataset\raw\clear\26--Soldier_Drilling_26_Soldier_Drilling_Soldiers_Drilling_26_760.jpg_b91806.jpg
2--Demonstration_2_Demonstration_Demonstrators_2_174.jpg_b55942.jpg,train,clear,104,104,1.0,True,medium,wider_2--Demonstration_2_Demonstration_Demonstrators_2_174.jpg,C:\Thực tập LUMI\model_BaiToan\Deepleaning\data\dataset\raw\clear\2--Demonstration_2_Demonstration_Demonstrators_2_174.jpg_b55942.jpg
12--Group_12_Group_Team_Organized_Group_12_Group_Team_Organized_Group_12_358.jpg_b26145.jpg,train,clear,78,78,1.0,True,medium,wider_12--Group_12_Group_Team_Organized_Group_12_Group_Team_Organized_Group_12_358.jpg,C:\Thực tập LUMI\model_BaiToan\Deepleaning\data\dataset\raw\clear\12--Group_12_Group_Team_Organized_Group_12_Group_Team_Organized_Group_12_358.jpg_b26145.jpg
13--Interview_13_Interview_Interview_2_People_Visible_13_46.jpg_b36236.jpg,train,clear,84,84,1.0,True,medium,wider_13--Interview_13_Interview_Interview_2_People_Visible_13_46.jpg,C:\Thực tập LUMI\model_BaiToan\Deepleaning\data\dataset\raw\clear\13--Interview_13_Interview_Interview_2_People_Visible_13_46.jpg_b36236.jpg
01a0b34a-86e8-7a62-888d-1a5a05c447e6_nvr-llWGaUl9M9E771xokkJUiNr5fMyJBigI_1789714401285_img_face1.jpg,train,clear,92,92,1.0,True,medium,single_01a0b34a-86e8-7a62-888d-1a5a05c447e6_nvr-llWGaUl9M9E771xokkJUiNr5fMyJBigI_1789714401285_img_face1.jpg,C:\Thực tập LUMI\model_BaiToan\Deepleaning\data\dataset\raw\clear\01a0b34a-86e8-7a62-888d-1a5a05c447e6_nvr-llWGaUl9M9E771xokkJUiNr5fMyJBigI_1789714401285_img_face1.jpg
01a0b343-b4d0-7350-9150-b776cae4b19e_nvr-llWGaUl9M9E771xokkJUiNr5fMyJBigI_1789713954728_img_face15.jpg,train,clear,86,86,1.0,True,medium,single_01a0b343-b4d0-7350-9150-b776cae4b19e_nvr-llWGaUl9M9E771xokkJUiNr5fMyJBigI_1789713954728_img_face15.jpg,C:\Thực tập LUMI\model_BaiToan\Deepleaning\data\dataset\raw\clear\01a0b343-b4d0-7350-9150-b776cae4b19e_nvr-llWGaUl9M9E771xokkJUiNr5fMyJBigI_1789713954728_img_face15.jpg
01a0b3d2-c5d0-7332-b0c0-c4dd0cff7c98_nvr-llWGaUl9M9E771xokkJUiNr5fMyJBigI_1789723330380_img_face1.jpg,train,clear,84,84,1.0,True,medium,single_01a0b3d2-c5d0-7332-b0c0-c4dd0cff7c98_nvr-llWGaUl9M9E771xokkJUiNr5fMyJBigI_1789723330380_img_face1.jpg,C:\Thực tập LUMI\model_BaiToan\Deepleaning\data\dataset\raw\clear\01a0b3d2-c5d0-7332-b0c0-c4dd0cff7c98_nvr-llWGaUl9M9E771xokkJUiNr5fMyJBigI_1789723330380_img_face1.jpg
3--Riot_3_Riot_Riot_3_587.jpg_b97126.jpg,train,clear,86,86,1.0,True,medium,wider_3--Riot_3_Riot_Riot_3_587.jpg,C:\Thực tập LUMI\model_BaiToan\Deepleaning\data\dataset\raw\clear\3--Riot_3_Riot_Riot_3_587.jpg_b97126.jpg
38--Tennis_38_Tennis_Tennis_38_729.jpg_b116046.jpg,train,clear,101,101,1.0,True,medium,wider_38--Tennis_38_Tennis_Tennis_38_729.jpg,C:\Thực tập LUMI\model_BaiToan\Deepleaning\data\dataset\raw\clear\38--Tennis_38_Tennis_Tennis_38_729.jpg_b116046.jpg
38--Tennis_38_Tennis_Tennis_38_729.jpg_b116045.jpg,train,occluded,101,101,1.0,True,medium,wider_38--Tennis_38_Tennis_Tennis_38_729.jpg,C:\Thực tập LUMI\model_BaiToan\Deepleaning\data\dataset\raw\occluded\38--Tennis_38_Tennis_Tennis_38_729.jpg_b116045.jpg
01a0b348-19d0-7cb0-9c11-1627d0471840_nvr-llWGaUl9M9E771xokkJUiNr5fMyJBigI_1789714242053_img_face3.jpg,train,clear,80,80,1.0,True,medium,single_01a0b348-19d0-7cb0-9c11-1627d0471840_nvr-llWGaUl9M9E771xokkJUiNr5fMyJBigI_1789714242053_img_face3.jpg,C:\Thực tập LUMI\model_BaiToan\Deepleaning\data\dataset\raw\clear\01a0b348-19d0-7cb0-9c11-1627d0471840_nvr-llWGaUl9M9E771xokkJUiNr5fMyJBigI_1789714242053_img_face3.jpg
21--Festival_21_Festival_Festival_21_767.jpg_b85075.jpg,train,clear,78,78,1.0,True,medium,wider_21--Festival_21_Festival_Festival_21_767.jpg,C:\Thực tập LUMI\model_BaiToan\Deepleaning\data\dataset\raw\clear\21--Festival_21_Festival_Festival_21_767.jpg_b85075.jpg
21--Festival_21_Festival_Festival_21_767.jpg_b85078.jpg,train,occluded,67,67,1.0,True,small,wider_21--Festival_21_Festival_Festival_21_767.jpg,C:\Thực tập LUMI\model_BaiToan\Deepleaning\data\dataset\raw\occluded\21--Festival_21_Festival_Festival_21_767.jpg_b85078.jpg
01a0b34c-3c68-77d2-ba97-d9d57a0ee9fd_nvr-llWGaUl9M9E771xokkJUiNr5fMyJBigI_1789714513231_img_face2.jpg,train,clear,101,101,1.0,True,medium,single_01a0b34c-3c68-77d2-ba97-d9d57a0ee9fd_nvr-llWGaUl9M9E771xokkJUiNr5fMyJBigI_1789714513231_img_face2.jpg,C:\Thực tập LUMI\model_BaiToan\Deepleaning\data\dataset\raw\clear\01a0b34c-3c68-77d2-ba97-d9d57a0ee9fd_nvr-llWGaUl9M9E771xokkJUiNr5fMyJBigI_1789714513231_img_face2.jpg
35--Basketball_35_Basketball_basketballgame_ball_35_14.jpg_b107539.jpg,train,clear,83,83,1.0,True,medium,wider_35--Basketball_35_Basketball_basketballgame_ball_35_14.jpg,C:\Thực tập LUMI\model_BaiToan\Deepleaning\data\dataset\raw\clear\35--Basketball_35_Basketball_basketballgame_ball_35_14.jpg_b107539.jpg
13--Interview_13_Interview_Interview_On_Location_13_501.jpg_b36569.jpg,train,clear,84,84,1.0,True,medium,wider_13--Interview_13_Interview_Interview_On_Location_13_501.jpg,C:\Thực tập LUMI\model_BaiToan\Deepleaning\data\dataset\raw\clear\13--Interview_13_Interview_Interview_On_Location_13_501.jpg_b36569.jpg
2--Demonstration_2_Demonstration_Protesters_2_100.jpg_b67926.jpg,train,clear,109,109,1.0,True,medium,wider_2--Demonstration_2_Demonstration_Protesters_2_100.jpg,C:\Thực tập LUMI\model_BaiToan\Deepleaning\data\dataset\raw\clear\2--Demonstration_2_Demonstration_Protesters_2_100.jpg_b67926.jpg
8--Election_Campain_8_Election_Campain_Election_Campaign_8_236.jpg_b38414.jpg,train,clear,81,81,1.0,True,medium,wider_8--Election_Campain_8_Election_Campain_Election_Campaign_8_236.jpg,C:\Thực tập LUMI\model_BaiToan\Deepleaning\data\dataset\raw\clear\8--Election_Campain_8_Election_Campain_Election_Campaign_8_236.jpg_b38414.jpg
12--Group_12_Group_Group_12_Group_Group_12_86.jpg_b30111.jpg,train,clear,96,96,1.0,True,medium,wider_12--Group_12_Group_Group_12_Group_Group_12_86.jpg,C:\Thực tập LUMI\model_BaiToan\Deepleaning\data\dataset\raw\clear\12--Group_12_Group_Group_12_Group_Group_12_86.jpg_b30111.jpg
2--Demonstration_2_Demonstration_Demonstration_Or_Protest_2_50.jpg_b55334.jpg,train,clear,95,95,1.0,True,medium,wider_2--Demonstration_2_Demonstration_Demonstration_Or_Protest_2_50.jpg,C:\Thực tập LUMI\model_BaiToan\Deepleaning\data\dataset\raw\clear\2--Demonstration_2_Demonstration_Demonstration_Or_Protest_2_50.jpg_b55334.jpg
01a0b34a-f448-7c30-8d1b-4b0392614c63_nvr-llWGaUl9M9E771xokkJUiNr5fMyJBigI_1789714429314_img_face8.jpg,train,clear,85,85,1.0,True,medium,single_01a0b34a-f448-7c30-8d1b-4b0392614c63_nvr-llWGaUl9M9E771xokkJUiNr5fMyJBigI_1789714429314_img_face8.jpg,C:\Thực tập LUMI\model_BaiToan\Deepleaning\data\dataset\raw\clear\01a0b34a-f448-7c30-8d1b-4b0392614c63_nvr-llWGaUl9M9E771xokkJUiNr5fMyJBigI_1789714429314_img_face8.jpg
34--Baseball_34_Baseball_Baseball_34_880.jpg_b100631.jpg,train,clear,82,82,1.0,True,medium,wider_34--Baseball_34_Baseball_Baseball_34_880.jpg,C:\Thực tập LUMI\model_BaiToan\Deepleaning\data\dataset\raw\clear\34--Baseball_34_Baseball_Baseball_34_880.jpg_b100631.jpg
0--Parade_0_Parade_marchingband_1_847.jpg_b4916.jpg,train,clear,92,92,1.0,True,medium,wider_0--Parade_0_Parade_marchingband_1_847.jpg,C:\Thực tập LUMI\model_BaiToan\Deepleaning\data\dataset\raw\clear\0--Parade_0_Parade_marchingband_1_847.jpg_b4916.jpg
01a0b349-d338-7b70-8fda-7638f42f4508_nvr-llWGaUl9M9E771xokkJUiNr5fMyJBigI_1789714355848_img_face3.jpg,train,clear,91,91,1.0,True,medium,single_01a0b349-d338-7b70-8fda-7638f42f4508_nvr-llWGaUl9M9E771xokkJUiNr5fMyJBigI_1789714355848_img_face3.jpg,C:\Thực tập LUMI\model_BaiToan\Deepleaning\data\dataset\raw\clear\01a0b349-d338-7b70-8fda-7638f42f4508_nvr-llWGaUl9M9E771xokkJUiNr5fMyJBigI_1789714355848_img_face3.jpg
01a0b427-8908-7f13-b948-86f806cce5ad_nvr-llWGaUl9M9E771xokkJUiNr5fMyJBigI_1789728885270_img_face.jpg,train,clear,79,79,1.0,True,medium,single_01a0b427-8908-7f13-b948-86f806cce5ad_nvr-llWGaUl9M9E771xokkJUiNr5fMyJBigI_1789728885270_img_face.jpg,C:\Thực tập LUMI\model_BaiToan\Deepleaning\data\dataset\raw\clear\01a0b427-8908-7f13-b948-86f806cce5ad_nvr-llWGaUl9M9E771xokkJUiNr5fMyJBigI_1789728885270_img_face.jpg
12--Group_12_Group_Group_12_Group_Group_12_469.jpg_b34680.jpg,train,clear,94,94,1.0,True,medium,wider_12--Group_12_Group_Group_12_Group_Group_12_469.jpg,C:\Thực tập LUMI\model_BaiToan\Deepleaning\data\dataset\raw\clear\12--Group_12_Group_Group_12_Group_Group_12_469.jpg_b34680.jpg
13--Interview_13_Interview_Interview_Sequences_13_503.jpg_b36226.jpg,train,clear,86,86,1.0,True,medium,wider_13--Interview_13_Interview_Interview_Sequences_13_503.jpg,C:\Thực tập LUMI\model_BaiToan\Deepleaning\data\dataset\raw\clear\13--Interview_13_Interview_Interview_Sequences_13_503.jpg_b36226.jpg
20--Family_Group_20_Family_Group_Family_Group_20_494.jpg_b83922.jpg,train,clear,106,106,1.0,True,medium,wider_20--Family_Group_20_Family_Group_Family_Group_20_494.jpg,C:\Thực tập LUMI\model_BaiToan\Deepleaning\data\dataset\raw\clear\20--Family_Group_20_Family_Group_Family_Group_20_494.jpg_b83922.jpg
01a0b349-d338-7b70-8fda-7638f42f4508_nvr-llWGaUl9M9E771xokkJUiNr5fMyJBigI_1789714355848_img_face4.jpg,train,clear,83,83,1.0,True,medium,single_01a0b349-d338-7b70-8fda-7638f42f4508_nvr-llWGaUl9M9E771xokkJUiNr5fMyJBigI_1789714355848_img_face4.jpg,C:\Thực tập LUMI\model_BaiToan\Deepleaning\data\dataset\raw\clear\01a0b349-d338-7b70-8fda-7638f42f4508_nvr-llWGaUl9M9E771xokkJUiNr5fMyJBigI_1789714355848_img_face4.jpg
57--Angler_57_Angler_peoplefishing_57_736.jpg_b141280.jpg,train,clear,97,97,1.0,True,medium,wider_57--Angler_57_Angler_peoplefishing_57_736.jpg,C:\Thực tập LUMI\model_BaiToan\Deepleaning\data\dataset\raw\clear\57--Angler_57_Angler_peoplefishing_57_736.jpg_b141280.jpg
01a0b344-1e48-7473-8893-db6a4715b078_nvr-llWGaUl9M9E771xokkJUiNr5fMyJBigI_1789713981911_img_face10.jpg,train,clear,78,78,1.0,True,medium,single_01a0b344-1e48-7473-8893-db6a4715b078_nvr-llWGaUl9M9E771xokkJUiNr5fMyJBigI_1789713981911_img_face10.jpg,C:\Thực tập LUMI\model_BaiToan\Deepleaning\data\dataset\raw\clear\01a0b344-1e48-7473-8893-db6a4715b078_nvr-llWGaUl9M9E771xokkJUiNr5fMyJBigI_1789713981911_img_face10.jpg
47--Matador_Bullfighter_47_Matador_Bullfighter_Matador_Bullfighter_47_620.jpg_b127883.jpg,train,clear,92,92,1.0,True,medium,wider_47--Matador_Bullfighter_47_Matador_Bullfighter_Matador_Bullfighter_47_620.jpg,C:\Thực tập LUMI\model_BaiToan\Deepleaning\data\dataset\raw\clear\47--Matador_Bullfighter_47_Matador_Bullfighter_Matador_Bullfighter_47_620.jpg_b127883.jpg
01a0b343-e798-70e0-8849-7089effaff9c_nvr-llWGaUl9M9E771xokkJUiNr5fMyJBigI_1789713967381_img_face13.jpg,train,clear,90,90,1.0,True,medium,single_01a0b343-e798-70e0-8849-7089effaff9c_nvr-llWGaUl9M9E771xokkJUiNr5fMyJBigI_1789713967381_img_face13.jpg,C:\Thực tập LUMI\model_BaiToan\Deepleaning\data\dataset\raw\clear\01a0b343-e798-70e0-8849-7089effaff9c_nvr-llWGaUl9M9E771xokkJUiNr5fMyJBigI_1789713967381_img_face13.jpg
40--Gymnastics_40_Gymnastics_Gymnastics_40_781.jpg_b120544.jpg,train,clear,96,96,1.0,True,medium,wider_40--Gymnastics_40_Gymnastics_Gymnastics_40_781.jpg,C:\Thực tập LUMI\model_BaiToan\Deepleaning\data\dataset\raw\clear\40--Gymnastics_40_Gymnastics_Gymnastics_40_781.jpg_b120544.jpg
01a0b343-0120-7a70-9a63-752303a165c5_nvr-llWGaUl9M9E771xokkJUiNr5fMyJBigI_1789713908259_img_face5.jpg,train,clear,100,100,1.0,True,medium,single_01a0b343-0120-7a70-9a63-752303a165c5_nvr-llWGaUl9M9E771xokkJUiNr5fMyJBigI_1789713908259_img_face5.jpg,C:\Thực tập LUMI\model_BaiToan\Deepleaning\data\dataset\raw\clear\01a0b343-0120-7a70-9a63-752303a165c5_nvr-llWGaUl9M9E771xokkJUiNr5fMyJBigI_1789713908259_img_face5.jpg
01a0b348-0260-76d0-907d-12dfdef5de4d_nvr-llWGaUl9M9E771xokkJUiNr5fMyJBigI_1789714236439_img_face12.jpg,train,clear,85,85,1.0,True,medium,single_01a0b348-0260-76d0-907d-12dfdef5de4d_nvr-llWGaUl9M9E771xokkJUiNr5fMyJBigI_1789714236439_img_face12.jpg,C:\Thực tập LUMI\model_BaiToan\Deepleaning\data\dataset\raw\clear\01a0b348-0260-76d0-907d-12dfdef5de4d_nvr-llWGaUl9M9E771xokkJUiNr5fMyJBigI_1789714236439_img_face12.jpg
44--Aerobics_44_Aerobics_Aerobics_44_543.jpg_b123603.jpg,train,clear,105,105,1.0,True,medium,wider_44--Aerobics_44_Aerobics_Aerobics_44_543.jpg,C:\Thực tập LUMI\model_BaiToan\Deepleaning\data\dataset\raw\clear\44--Aerobics_44_Aerobics_Aerobics_44_543.jpg_b123603.jpg
01a0b34a-86e8-7a62-888d-1a5a05c447e6_nvr-llWGaUl9M9E771xokkJUiNr5fMyJBigI_1789714401285_img_face4.jpg,train,clear,84,84,1.0,True,medium,single_01a0b34a-86e8-7a62-888d-1a5a05c447e6_nvr-llWGaUl9M9E771xokkJUiNr5fMyJBigI_1789714401285_img_face4.jpg,C:\Thực tập LUMI\model_BaiToan\Deepleaning\data\dataset\raw\clear\01a0b34a-86e8-7a62-888d-1a5a05c447e6_nvr-llWGaUl9M9E771xokkJUiNr5fMyJBigI_1789714401285_img_face4.jpg
8--Election_Campain_8_Election_Campain_Election_Campaign_8_534.jpg_b154229.jpg,train,clear,103,103,1.0,True,medium,wider_8--Election_Campain_8_Election_Campain_Election_Campaign_8_534.jpg,C:\Thực tập LUMI\model_BaiToan\Deepleaning\data\dataset\raw\clear\8--Election_Campain_8_Election_Campain_Election_Campaign_8_534.jpg_b154229.jpg
8--Election_Campain_8_Election_Campain_Election_Campaign_8_534.jpg_b154235.jpg,train,clear,78,78,1.0,True,medium,wider_8--Election_Campain_8_Election_Campain_Election_Campaign_8_534.jpg,C:\Thực tập LUMI\model_BaiToan\Deepleaning\data\dataset\raw\clear\8--Election_Campain_8_Election_Campain_Election_Campaign_8_534.jpg_b154235.jpg
51--Dresses_51_Dresses_wearingdress_51_186.jpg_b134947.jpg,train,clear,94,94,1.0,True,medium,wider_51--Dresses_51_Dresses_wearingdress_51_186.jpg,C:\Thực tập LUMI\model_BaiToan\Deepleaning\data\dataset\raw\clear\51--Dresses_51_Dresses_wearingdress_51_186.jpg_b134947.jpg
01a0b343-e798-70e0-8849-7089effaff9c_nvr-llWGaUl9M9E771xokkJUiNr5fMyJBigI_1789713967381_img_face7.jpg,train,clear,109,109,1.0,True,medium,single_01a0b343-e798-70e0-8849-7089effaff9c_nvr-llWGaUl9M9E771xokkJUiNr5fMyJBigI_1789713967381_img_face7.jpg,C:\Thực tập LUMI\model_BaiToan\Deepleaning\data\dataset\raw\clear\01a0b343-e798-70e0-8849-7089effaff9c_nvr-llWGaUl9M9E771xokkJUiNr5fMyJBigI_1789713967381_img_face7.jpg
01a0b348-9ab8-7bf0-a13b-de297a36c068_nvr-llWGaUl9M9E771xokkJUiNr5fMyJBigI_1789714275835_img_face3.jpg,train,clear,106,106,1.0,True,medium,single_01a0b348-9ab8-7bf0-a13b-de297a36c068_nvr-llWGaUl9M9E771xokkJUiNr5fMyJBigI_1789714275835_img_face3.jpg,C:\Thực tập LUMI\model_BaiToan\Deepleaning\data\dataset\raw\clear\01a0b348-9ab8-7bf0-a13b-de297a36c068_nvr-llWGaUl9M9E771xokkJUiNr5fMyJBigI_1789714275835_img_face3.jpg
4--Dancing_4_Dancing_Dancing_4_369.jpg_b119397.jpg,train,clear,94,94,1.0,True,medium,wider_4--Dancing_4_Dancing_Dancing_4_369.jpg,C:\Thực tập LUMI\model_BaiToan\Deepleaning\data\dataset\raw\clear\4--Dancing_4_Dancing_Dancing_4_369.jpg_b119397.jpg
11--Meeting_11_Meeting_Meeting_11_Meeting_Meeting_11_105.jpg_b23387.jpg,train,clear,90,90,1.0,True,medium,wider_11--Meeting_11_Meeting_Meeting_11_Meeting_Meeting_11_105.jpg,C:\Thực tập LUMI\model_BaiToan\Deepleaning\data\dataset\raw\clear\11--Meeting_11_Meeting_Meeting_11_Meeting_Meeting_11_105.jpg_b23387.jpg
13--Interview_13_Interview_Interview_Sequences_13_884.jpg_b9626.jpg,train,clear,82,82,1.0,True,medium,wider_13--Interview_13_Interview_Interview_Sequences_13_884.jpg,C:\Thực tập LUMI\model_BaiToan\Deepleaning\data\dataset\raw\clear\13--Interview_13_Interview_Interview_Sequences_13_884.jpg_b9626.jpg
01a0b34a-86e8-7a62-888d-1a5a05c447e6_nvr-llWGaUl9M9E771xokkJUiNr5fMyJBigI_1789714401285_img_face2.jpg,train,clear,82,82,1.0,True,medium,single_01a0b34a-86e8-7a62-888d-1a5a05c447e6_nvr-llWGaUl9M9E771xokkJUiNr5fMyJBigI_1789714401285_img_face2.jpg,C:\Thực tập LUMI\model_BaiToan\Deepleaning\data\dataset\raw\clear\01a0b34a-86e8-7a62-888d-1a5a05c447e6_nvr-llWGaUl9M9E771xokkJUiNr5fMyJBigI_1789714401285_img_face2.jpg
56--Voter_56_Voter_peoplevoting_56_717.jpg_b35529.jpg,train,clear,106,106,1.0,True,medium,wider_56--Voter_56_Voter_peoplevoting_56_717.jpg,C:\Thực tập LUMI\model_BaiToan\Deepleaning\data\dataset\raw\clear\56--Voter_56_Voter_peoplevoting_56_717.jpg_b35529.jpg
22--Picnic_22_Picnic_Picnic_22_771.jpg_b88948.jpg,train,clear,95,95,1.0,True,medium,wider_22--Picnic_22_Picnic_Picnic_22_771.jpg,C:\Thực tập LUMI\model_BaiToan\Deepleaning\data\dataset\raw\clear\22--Picnic_22_Picnic_Picnic_22_771.jpg_b88948.jpg
01a0b348-0260-76d0-907d-12dfdef5de4d_nvr-llWGaUl9M9E771xokkJUiNr5fMyJBigI_1789714236439_img_face9.jpg,train,clear,86,86,1.0,True,medium,single_01a0b348-0260-76d0-907d-12dfdef5de4d_nvr-llWGaUl9M9E771xokkJUiNr5fMyJBigI_1789714236439_img_face9.jpg,C:\Thực tập LUMI\model_BaiToan\Deepleaning\data\dataset\raw\clear\01a0b348-0260-76d0-907d-12dfdef5de4d_nvr-llWGaUl9M9E771xokkJUiNr5fMyJBigI_1789714236439_img_face9.jpg
20--Family_Group_20_Family_Group_Family_Group_20_465.jpg_b83912.jpg,train,clear,110,110,1.0,True,medium,wider_20--Family_Group_20_Family_Group_Family_Group_20_465.jpg,C:\Thực tập LUMI\model_BaiToan\Deepleaning\data\dataset\raw\clear\20--Family_Group_20_Family_Group_Family_Group_20_465.jpg_b83912.jpg
01a0b343-f738-70a2-abb5-079eda7e998f_nvr-llWGaUl9M9E771xokkJUiNr5fMyJBigI_1789713971230_img_face1.jpg,train,clear,91,91,1.0,True,medium,single_01a0b343-f738-70a2-abb5-079eda7e998f_nvr-llWGaUl9M9E771xokkJUiNr5fMyJBigI_1789713971230_img_face1.jpg,C:\Thực tập LUMI\model_BaiToan\Deepleaning\data\dataset\raw\clear\01a0b343-f738-70a2-abb5-079eda7e998f_nvr-llWGaUl9M9E771xokkJUiNr5fMyJBigI_1789713971230_img_face1.jpg
01a0b3c8-2af8-7e52-bb50-6f55a295b5b0_nvr-llWGaUl9M9E771xokkJUiNr5fMyJBigI_1789722635818_img_face.jpg,train,clear,83,83,1.0,True,medium,single_01a0b3c8-2af8-7e52-bb50-6f55a295b5b0_nvr-llWGaUl9M9E771xokkJUiNr5fMyJBigI_1789722635818_img_face.jpg,C:\Thực tập LUMI\model_BaiToan\Deepleaning\data\dataset\raw\clear\01a0b3c8-2af8-7e52-bb50-6f55a295b5b0_nvr-llWGaUl9M9E771xokkJUiNr5fMyJBigI_1789722635818_img_face.jpg
13--Interview_13_Interview_Interview_Sequences_13_83.jpg_b37186.jpg,train,clear,97,97,1.0,True,medium,wider_13--Interview_13_Interview_Interview_Sequences_13_83.jpg,C:\Thực tập LUMI\model_BaiToan\Deepleaning\data\dataset\raw\clear\13--Interview_13_Interview_Interview_Sequences_13_83.jpg_b37186.jpg
01a0b348-19d0-7cb0-9c11-1627d0471840_nvr-llWGaUl9M9E771xokkJUiNr5fMyJBigI_1789714242053_img_face7.jpg,train,clear,81,81,1.0,True,medium,single_01a0b348-19d0-7cb0-9c11-1627d0471840_nvr-llWGaUl9M9E771xokkJUiNr5fMyJBigI_1789714242053_img_face7.jpg,C:\Thực tập LUMI\model_BaiToan\Deepleaning\data\dataset\raw\clear\01a0b348-19d0-7cb0-9c11-1627d0471840_nvr-llWGaUl9M9E771xokkJUiNr5fMyJBigI_1789714242053_img_face7.jpg
36--Football_36_Football_Football_36_173.jpg_b112884.jpg,train,clear,90,90,1.0,True,medium,wider_36--Football_36_Football_Football_36_173.jpg,C:\Thực tập LUMI\model_BaiToan\Deepleaning\data\dataset\raw\clear\36--Football_36_Football_Football_36_173.jpg_b112884.jpg
13--Interview_13_Interview_Interview_Sequences_13_82.jpg_b36534.jpg,train,clear,108,108,1.0,True,medium,wider_13--Interview_13_Interview_Interview_Sequences_13_82.jpg,C:\Thực tập LUMI\model_BaiToan\Deepleaning\data\dataset\raw\clear\13--Interview_13_Interview_Interview_Sequences_13_82.jpg_b36534.jpg
20--Family_Group_20_Family_Group_Family_Group_20_11.jpg_b83277.jpg,train,clear,106,106,1.0,True,medium,wider_20--Family_Group_20_Family_Group_Family_Group_20_11.jpg,C:\Thực tập LUMI\model_BaiToan\Deepleaning\data\dataset\raw\clear\20--Family_Group_20_Family_Group_Family_Group_20_11.jpg_b83277.jpg
01a0b348-0260-76d0-907d-12dfdef5de4d_nvr-llWGaUl9M9E771xokkJUiNr5fMyJBigI_1789714236439_img_face13.jpg,train,clear,77,77,1.0,True,medium,single_01a0b348-0260-76d0-907d-12dfdef5de4d_nvr-llWGaUl9M9E771xokkJUiNr5fMyJBigI_1789714236439_img_face13.jpg,C:\Thực tập LUMI\model_BaiToan\Deepleaning\data\dataset\raw\clear\01a0b348-0260-76d0-907d-12dfdef5de4d_nvr-llWGaUl9M9E771xokkJUiNr5fMyJBigI_1789714236439_img_face13.jpg
6--Funeral_6_Funeral_Funeral_6_528.jpg_b144924.jpg,train,clear,82,82,1.0,True,medium,wider_6--Funeral_6_Funeral_Funeral_6_528.jpg,C:\Thực tập LUMI\model_BaiToan\Deepleaning\data\dataset\raw\clear\6--Funeral_6_Funeral_Funeral_6_528.jpg_b144924.jpg
2--Demonstration_2_Demonstration_Demonstrators_2_595.jpg_b19563.jpg,train,clear,92,92,1.0,True,medium,wider_2--Demonstration_2_Demonstration_Demonstrators_2_595.jpg,C:\Thực tập LUMI\model_BaiToan\Deepleaning\data\dataset\raw\clear\2--Demonstration_2_Demonstration_Demonstrators_2_595.jpg_b19563.jpg
0--Parade_0_Parade_Parade_0_470.jpg_b273.jpg,train,clear,87,87,1.0,True,medium,wider_0--Parade_0_Parade_Parade_0_470.jpg,C:\Thực tập LUMI\model_BaiToan\Deepleaning\data\dataset\raw\clear\0--Parade_0_Parade_Parade_0_470.jpg_b273.jpg
49--Greeting_49_Greeting_peoplegreeting_49_693.jpg_b131220.jpg,train,clear,78,78,1.0,True,medium,wider_49--Greeting_49_Greeting_peoplegreeting_49_693.jpg,C:\Thực tập LUMI\model_BaiToan\Deepleaning\data\dataset\raw\clear\49--Greeting_49_Greeting_peoplegreeting_49_693.jpg_b131220.jpg
01a0b341-efb0-7bc1-bf1e-8e84b3f7f0bb_nvr-llWGaUl9M9E771xokkJUiNr5fMyJBigI_1789713838187_img_face2.jpg,train,clear,80,80,1.0,True,medium,single_01a0b341-efb0-7bc1-bf1e-8e84b3f7f0bb_nvr-llWGaUl9M9E771xokkJUiNr5fMyJBigI_1789713838187_img_face2.jpg,C:\Thực tập LUMI\model_BaiToan\Deepleaning\data\dataset\raw\clear\01a0b341-efb0-7bc1-bf1e-8e84b3f7f0bb_nvr-llWGaUl9M9E771xokkJUiNr5fMyJBigI_1789713838187_img_face2.jpg
12--Group_12_Group_Group_12_Group_Group_12_35.jpg_b35273.jpg,train,clear,98,98,1.0,True,medium,wider_12--Group_12_Group_Group_12_Group_Group_12_35.jpg,C:\Thực tập LUMI\model_BaiToan\Deepleaning\data\dataset\raw\clear\12--Group_12_Group_Group_12_Group_Group_12_35.jpg_b35273.jpg
12--Group_12_Group_Group_12_Group_Group_12_35.jpg_b35275.jpg,train,clear,82,82,1.0,True,medium,wider_12--Group_12_Group_Group_12_Group_Group_12_35.jpg,C:\Thực tập LUMI\model_BaiToan\Deepleaning\data\dataset\raw\clear\12--Group_12_Group_Group_12_Group_Group_12_35.jpg_b35275.jpg
01a0b348-19d0-7cb0-9c11-1627d0471840_nvr-llWGaUl9M9E771xokkJUiNr5fMyJBigI_1789714242053_img_face10.jpg,train,clear,77,77,1.0,True,medium,single_01a0b348-19d0-7cb0-9c11-1627d0471840_nvr-llWGaUl9M9E771xokkJUiNr5fMyJBigI_1789714242053_img_face10.jpg,C:\Thực tập LUMI\model_BaiToan\Deepleaning\data\dataset\raw\clear\01a0b348-19d0-7cb0-9c11-1627d0471840_nvr-llWGaUl9M9E771xokkJUiNr5fMyJBigI_1789714242053_img_face10.jpg
55--Sports_Coach_Trainer_55_Sports_Coach_Trainer_sportcoaching_55_45.jpg_b35357.jpg,train,clear,92,92,1.0,True,medium,wider_55--Sports_Coach_Trainer_55_Sports_Coach_Trainer_sportcoaching_55_45.jpg,C:\Thực tập LUMI\model_BaiToan\Deepleaning\data\dataset\raw\clear\55--Sports_Coach_Trainer_55_Sports_Coach_Trainer_sportcoaching_55_45.jpg_b35357.jpg
0--Parade_0_Parade_Parade_0_592.jpg_b14932.jpg,train,clear,92,92,1.0,True,medium,wider_0--Parade_0_Parade_Parade_0_592.jpg,C:\Thực tập LUMI\model_BaiToan\Deepleaning\data\dataset\raw\clear\0--Parade_0_Parade_Parade_0_592.jpg_b14932.jpg
21--Festival_21_Festival_Festival_21_91.jpg_b85109.jpg,train,clear,76,76,1.0,True,medium,wider_21--Festival_21_Festival_Festival_21_91.jpg,C:\Thực tập LUMI\model_BaiToan\Deepleaning\data\dataset\raw\clear\21--Festival_21_Festival_Festival_21_91.jpg_b85109.jpg
0--Parade_0_Parade_Parade_0_1019.jpg_b15848.jpg,train,clear,81,81,1.0,True,medium,wider_0--Parade_0_Parade_Parade_0_1019.jpg,C:\Thực tập LUMI\model_BaiToan\Deepleaning\data\dataset\raw\clear\0--Parade_0_Parade_Parade_0_1019.jpg_b15848.jpg
0--Parade_0_Parade_Parade_0_1019.jpg_b15853.jpg,train,clear,81,81,1.0,True,medium,wider_0--Parade_0_Parade_Parade_0_1019.jpg,C:\Thực tập LUMI\model_BaiToan\Deepleaning\data\dataset\raw\clear\0--Parade_0_Parade_Parade_0_1019.jpg_b15853.jpg
29--Students_Schoolkids_29_Students_Schoolkids_Students_Schoolkids_29_705.jpg_b95785.jpg,train,clear,102,102,1.0,True,medium,wider_29--Students_Schoolkids_29_Students_Schoolkids_Students_Schoolkids_29_705.jpg,C:\Thực tập LUMI\model_BaiToan\Deepleaning\data\dataset\raw\clear\29--Students_Schoolkids_29_Students_Schoolkids_Students_Schoolkids_29_705.jpg_b95785.jpg
01a0b343-7a38-7e52-9be6-5d3ea844588a_nvr-llWGaUl9M9E771xokkJUiNr5fMyJBigI_1789713939630_img_face8.jpg,train,clear,106,106,1.0,True,medium,single_01a0b343-7a38-7e52-9be6-5d3ea844588a_nvr-llWGaUl9M9E771xokkJUiNr5fMyJBigI_1789713939630_img_face8.jpg,C:\Thực tập LUMI\model_BaiToan\Deepleaning\data\dataset\raw\clear\01a0b343-7a38-7e52-9be6-5d3ea844588a_nvr-llWGaUl9M9E771xokkJUiNr5fMyJBigI_1789713939630_img_face8.jpg
01a0b348-6bd8-7f81-9057-fdefcf8bbfa9_nvr-llWGaUl9M9E771xokkJUiNr5fMyJBigI_1789714263300_img_face12.jpg,train,clear,84,84,1.0,True,medium,single_01a0b348-6bd8-7f81-9057-fdefcf8bbfa9_nvr-llWGaUl9M9E771xokkJUiNr5fMyJBigI_1789714263300_img_face12.jpg,C:\Thực tập LUMI\model_BaiToan\Deepleaning\data\dataset\raw\clear\01a0b348-6bd8-7f81-9057-fdefcf8bbfa9_nvr-llWGaUl9M9E771xokkJUiNr5fMyJBigI_1789714263300_img_face12.jpg
35--Basketball_35_Basketball_playingbasketball_35_492.jpg_b102724.jpg,train,clear,88,88,1.0,True,medium,wider_35--Basketball_35_Basketball_playingbasketball_35_492.jpg,C:\Thực tập LUMI\model_BaiToan\Deepleaning\data\dataset\raw\clear\35--Basketball_35_Basketball_playingbasketball_35_492.jpg_b102724.jpg
01a0b348-9ab8-73e3-9797-86234c0f24be_nvr-llWGaUl9M9E771xokkJUiNr5fMyJBigI_1789714275642_img_face14.jpg,train,clear,85,85,1.0,True,medium,single_01a0b348-9ab8-73e3-9797-86234c0f24be_nvr-llWGaUl9M9E771xokkJUiNr5fMyJBigI_1789714275642_img_face14.jpg,C:\Thực tập LUMI\model_BaiToan\Deepleaning\data\dataset\raw\clear\01a0b348-9ab8-73e3-9797-86234c0f24be_nvr-llWGaUl9M9E771xokkJUiNr5fMyJBigI_1789714275642_img_face14.jpg
8--Election_Campain_8_Election_Campain_Election_Campaign_8_424.jpg_b155507.jpg,train,clear,86,86,1.0,True,medium,wider_8--Election_Campain_8_Election_Campain_Election_Campaign_8_424.jpg,C:\Thực tập LUMI\model_BaiToan\Deepleaning\data\dataset\raw\clear\8--Election_Campain_8_Election_Campain_Election_Campaign_8_424.jpg_b155507.jpg
17--Ceremony_17_Ceremony_Ceremony_17_234.jpg_b10707.jpg,train,clear,92,92,1.0,True,medium,wider_17--Ceremony_17_Ceremony_Ceremony_17_234.jpg,C:\Thực tập LUMI\model_BaiToan\Deepleaning\data\dataset\raw\clear\17--Ceremony_17_Ceremony_Ceremony_17_234.jpg_b10707.jpg
57--Angler_57_Angler_peoplefishing_57_676.jpg_b141171.jpg,train,clear,88,88,1.0,True,medium,wider_57--Angler_57_Angler_peoplefishing_57_676.jpg,C:\Thực tập LUMI\model_BaiToan\Deepleaning\data\dataset\raw\clear\57--Angler_57_Angler_peoplefishing_57_676.jpg_b141171.jpg
01a0b357-a648-7790-b6b4-aab8bb71a4e4_nvr-llWGaUl9M9E771xokkJUiNr5fMyJBigI_1789715260953_img_face2.jpg,train,clear,86,86,1.0,True,medium,single_01a0b357-a648-7790-b6b4-aab8bb71a4e4_nvr-llWGaUl9M9E771xokkJUiNr5fMyJBigI_1789715260953_img_face2.jpg,C:\Thực tập LUMI\model_BaiToan\Deepleaning\data\dataset\raw\clear\01a0b357-a648-7790-b6b4-aab8bb71a4e4_nvr-llWGaUl9M9E771xokkJUiNr5fMyJBigI_1789715260953_img_face2.jpg
40--Gymnastics_40_Gymnastics_Gymnastics_40_220.jpg_b120664.jpg,train,clear,104,104,1.0,True,medium,wider_40--Gymnastics_40_Gymnastics_Gymnastics_40_220.jpg,C:\Thực tập LUMI\model_BaiToan\Deepleaning\data\dataset\raw\clear\40--Gymnastics_40_Gymnastics_Gymnastics_40_220.jpg_b120664.jpg
01a0b348-e8d8-70c0-8948-73da6c43946f_nvr-llWGaUl9M9E771xokkJUiNr5fMyJBigI_1789714295796_img_face4.jpg,train,clear,89,89,1.0,True,medium,single_01a0b348-e8d8-70c0-8948-73da6c43946f_nvr-llWGaUl9M9E771xokkJUiNr5fMyJBigI_1789714295796_img_face4.jpg,C:\Thực tập LUMI\model_BaiToan\Deepleaning\data\dataset\raw\clear\01a0b348-e8d8-70c0-8948-73da6c43946f_nvr-llWGaUl9M9E771xokkJUiNr5fMyJBigI_1789714295796_img_face4.jpg
2--Demonstration_2_Demonstration_Protesters_2_24.jpg_b14645.jpg,train,clear,91,91,1.0,True,medium,wider_2--Demonstration_2_Demonstration_Protesters_2_24.jpg,C:\Thực tập LUMI\model_BaiToan\Deepleaning\data\dataset\raw\clear\2--Demonstration_2_Demonstration_Protesters_2_24.jpg_b14645.jpg
01a0b348-6bd8-7f81-9057-fdefcf8bbfa9_nvr-llWGaUl9M9E771xokkJUiNr5fMyJBigI_1789714263300_img_face15.jpg,train,clear,95,95,1.0,True,medium,single_01a0b348-6bd8-7f81-9057-fdefcf8bbfa9_nvr-llWGaUl9M9E771xokkJUiNr5fMyJBigI_1789714263300_img_face15.jpg,C:\Thực tập LUMI\model_BaiToan\Deepleaning\data\dataset\raw\clear\01a0b348-6bd8-7f81-9057-fdefcf8bbfa9_nvr-llWGaUl9M9E771xokkJUiNr5fMyJBigI_1789714263300_img_face15.jpg
61--Street_Battle_61_Street_Battle_streetfight_61_158.jpg_b37252.jpg,train,clear,95,95,1.0,True,medium,wider_61--Street_Battle_61_Street_Battle_streetfight_61_158.jpg,C:\Thực tập LUMI\model_BaiToan\Deepleaning\data\dataset\raw\clear\61--Street_Battle_61_Street_Battle_streetfight_61_158.jpg_b37252.jpg
01a0b346-9330-72a1-9be1-a7ae2c54ee24_nvr-llWGaUl9M9E771xokkJUiNr5fMyJBigI_1789714142491_img_face5.jpg,train,clear,104,104,1.0,True,medium,single_01a0b346-9330-72a1-9be1-a7ae2c54ee24_nvr-llWGaUl9M9E771xokkJUiNr5fMyJBigI_1789714142491_img_face5.jpg,C:\Thực tập LUMI\model_BaiToan\Deepleaning\data\dataset\raw\clear\01a0b346-9330-72a1-9be1-a7ae2c54ee24_nvr-llWGaUl9M9E771xokkJUiNr5fMyJBigI_1789714142491_img_face5.jpg
27--Spa_27_Spa_Spa_27_94.jpg_b92838.jpg,train,clear,76,76,1.0,True,medium,wider_27--Spa_27_Spa_Spa_27_94.jpg,C:\Thực tập LUMI\model_BaiToan\Deepleaning\data\dataset\raw\clear\27--Spa_27_Spa_Spa_27_94.jpg_b92838.jpg
01a0b345-a4e8-77f3-9935-f0eeb199533f_nvr-llWGaUl9M9E771xokkJUiNr5fMyJBigI_1789714081305_img_face10.jpg,train,clear,96,96,1.0,True,medium,single_01a0b345-a4e8-77f3-9935-f0eeb199533f_nvr-llWGaUl9M9E771xokkJUiNr5fMyJBigI_1789714081305_img_face10.jpg,C:\Thực tập LUMI\model_BaiToan\Deepleaning\data\dataset\raw\clear\01a0b345-a4e8-77f3-9935-f0eeb199533f_nvr-llWGaUl9M9E771xokkJUiNr5fMyJBigI_1789714081305_img_face10.jpg
6--Funeral_6_Funeral_Funeral_6_516.jpg_b145638.jpg,train,clear,77,77,1.0,True,medium,wider_6--Funeral_6_Funeral_Funeral_6_516.jpg,C:\Thực tập LUMI\model_BaiToan\Deepleaning\data\dataset\raw\clear\6--Funeral_6_Funeral_Funeral_6_516.jpg_b145638.jpg
6--Funeral_6_Funeral_Funeral_6_733.jpg_b36985.jpg,train,clear,102,102,1.0,True,medium,wider_6--Funeral_6_Funeral_Funeral_6_733.jpg,C:\Thực tập LUMI\model_BaiToan\Deepleaning\data\dataset\raw\clear\6--Funeral_6_Funeral_Funeral_6_733.jpg_b36985.jpg
01a0b343-89d8-7fa2-b722-ae1f65bd77fb_nvr-llWGaUl9M9E771xokkJUiNr5fMyJBigI_1789713943134_img_face5.jpg,train,clear,108,108,1.0,True,medium,single_01a0b343-89d8-7fa2-b722-ae1f65bd77fb_nvr-llWGaUl9M9E771xokkJUiNr5fMyJBigI_1789713943134_img_face5.jpg,C:\Thực tập LUMI\model_BaiToan\Deepleaning\data\dataset\raw\clear\01a0b343-89d8-7fa2-b722-ae1f65bd77fb_nvr-llWGaUl9M9E771xokkJUiNr5fMyJBigI_1789713943134_img_face5.jpg
13--Interview_13_Interview_Interview_Sequences_13_555.jpg_b37554.jpg,train,clear,101,101,1.0,True,medium,wider_13--Interview_13_Interview_Interview_Sequences_13_555.jpg,C:\Thực tập LUMI\model_BaiToan\Deepleaning\data\dataset\raw\clear\13--Interview_13_Interview_Interview_Sequences_13_555.jpg_b37554.jpg
22--Picnic_22_Picnic_Picnic_22_208.jpg_b22243.jpg,train,clear,96,96,1.0,True,medium,wider_22--Picnic_22_Picnic_Picnic_22_208.jpg,C:\Thực tập LUMI\model_BaiToan\Deepleaning\data\dataset\raw\clear\22--Picnic_22_Picnic_Picnic_22_208.jpg_b22243.jpg
01a0b958-9750-7cc2-a29c-217680243b87_nvr-llWGaUl9M9E771xokkJUiNr5fMyJBigI_1789815986336_img_face1.jpg,train,clear,100,100,1.0,True,medium,single_01a0b958-9750-7cc2-a29c-217680243b87_nvr-llWGaUl9M9E771xokkJUiNr5fMyJBigI_1789815986336_img_face1.jpg,C:\Thực tập LUMI\model_BaiToan\Deepleaning\data\dataset\raw\clear\01a0b958-9750-7cc2-a29c-217680243b87_nvr-llWGaUl9M9E771xokkJUiNr5fMyJBigI_1789815986336_img_face1.jpg
57--Angler_57_Angler_peoplefishing_57_504.jpg_b141232.jpg,train,clear,96,96,1.0,True,medium,wider_57--Angler_57_Angler_peoplefishing_57_504.jpg,C:\Thực tập LUMI\model_BaiToan\Deepleaning\data\dataset\raw\clear\57--Angler_57_Angler_peoplefishing_57_504.jpg_b141232.jpg
7--Cheering_7_Cheering_Cheering_7_702.jpg_b150911.jpg,train,clear,76,76,1.0,True,medium,wider_7--Cheering_7_Cheering_Cheering_7_702.jpg,C:\Thực tập LUMI\model_BaiToan\Deepleaning\data\dataset\raw\clear\7--Cheering_7_Cheering_Cheering_7_702.jpg_b150911.jpg
7--Cheering_7_Cheering_Cheering_7_702.jpg_b150913.jpg,train,clear,75,75,1.0,True,medium,wider_7--Cheering_7_Cheering_Cheering_7_702.jpg,C:\Thực tập LUMI\model_BaiToan\Deepleaning\data\dataset\raw\clear\7--Cheering_7_Cheering_Cheering_7_702.jpg_b150913.jpg
0--Parade_0_Parade_Parade_0_194.jpg_b209.jpg,train,clear,100,100,1.0,True,medium,wider_0--Parade_0_Parade_Parade_0_194.jpg,C:\Thực tập LUMI\model_BaiToan\Deepleaning\data\dataset\raw\clear\0--Parade_0_Parade_Parade_0_194.jpg_b209.jpg
01a0b7cc-f228-75b2-b765-b1604e3540a4_nvr-llWGaUl9M9E771xokkJUiNr5fMyJBigI_1789790057480_img_face.jpg,train,clear,89,89,1.0,True,medium,single_01a0b7cc-f228-75b2-b765-b1604e3540a4_nvr-llWGaUl9M9E771xokkJUiNr5fMyJBigI_1789790057480_img_face.jpg,C:\Thực tập LUMI\model_BaiToan\Deepleaning\data\dataset\raw\clear\01a0b7cc-f228-75b2-b765-b1604e3540a4_nvr-llWGaUl9M9E771xokkJUiNr5fMyJBigI_1789790057480_img_face.jpg
11--Meeting_11_Meeting_Meeting_11_Meeting_Meeting_11_923.jpg_b23915.jpg,train,clear,78,78,1.0,True,medium,wider_11--Meeting_11_Meeting_Meeting_11_Meeting_Meeting_11_923.jpg,C:\Thực tập LUMI\model_BaiToan\Deepleaning\data\dataset\raw\clear\11--Meeting_11_Meeting_Meeting_11_Meeting_Meeting_11_923.jpg_b23915.jpg
36--Football_36_Football_americanfootball_ball_36_494.jpg_b112317.jpg,train,clear,84,84,1.0,True,medium,wider_36--Football_36_Football_americanfootball_ball_36_494.jpg,C:\Thực tập LUMI\model_BaiToan\Deepleaning\data\dataset\raw\clear\36--Football_36_Football_americanfootball_ball_36_494.jpg_b112317.jpg
40--Gymnastics_40_Gymnastics_Gymnastics_40_620.jpg_b120442.jpg,train,clear,87,87,1.0,True,medium,wider_40--Gymnastics_40_Gymnastics_Gymnastics_40_620.jpg,C:\Thực tập LUMI\model_BaiToan\Deepleaning\data\dataset\raw\clear\40--Gymnastics_40_Gymnastics_Gymnastics_40_620.jpg_b120442.jpg
01a0b346-5c80-7783-9ab4-017cbb39ee7d_nvr-llWGaUl9M9E771xokkJUiNr5fMyJBigI_1789714128542_img_face4.jpg,train,clear,103,103,1.0,True,medium,single_01a0b346-5c80-7783-9ab4-017cbb39ee7d_nvr-llWGaUl9M9E771xokkJUiNr5fMyJBigI_1789714128542_img_face4.jpg,C:\Thực tập LUMI\model_BaiToan\Deepleaning\data\dataset\raw\clear\01a0b346-5c80-7783-9ab4-017cbb39ee7d_nvr-llWGaUl9M9E771xokkJUiNr5fMyJBigI_1789714128542_img_face4.jpg
13--Interview_13_Interview_Interview_2_People_Visible_13_130.jpg_b36723.jpg,train,clear,81,81,1.0,True,medium,wider_13--Interview_13_Interview_Interview_2_People_Visible_13_130.jpg,C:\Thực tập LUMI\model_BaiToan\Deepleaning\data\dataset\raw\clear\13--Interview_13_Interview_Interview_2_People_Visible_13_130.jpg_b36723.jpg
01a0b34a-f448-7c30-8d1b-4b0392614c63_nvr-llWGaUl9M9E771xokkJUiNr5fMyJBigI_1789714429314_img_face6.jpg,train,clear,93,93,1.0,True,medium,single_01a0b34a-f448-7c30-8d1b-4b0392614c63_nvr-llWGaUl9M9E771xokkJUiNr5fMyJBigI_1789714429314_img_face6.jpg,C:\Thực tập LUMI\model_BaiToan\Deepleaning\data\dataset\raw\clear\01a0b34a-f448-7c30-8d1b-4b0392614c63_nvr-llWGaUl9M9E771xokkJUiNr5fMyJBigI_1789714429314_img_face6.jpg
2--Demonstration_2_Demonstration_Demonstration_Or_Protest_2_447.jpg_b66871.jpg,train,clear,89,89,1.0,True,medium,wider_2--Demonstration_2_Demonstration_Demonstration_Or_Protest_2_447.jpg,C:\Thực tập LUMI\model_BaiToan\Deepleaning\data\dataset\raw\clear\2--Demonstration_2_Demonstration_Demonstration_Or_Protest_2_447.jpg_b66871.jpg
2--Demonstration_2_Demonstration_Demonstration_Or_Protest_2_447.jpg_b66874.jpg,train,occluded,145,145,1.0,True,large,wider_2--Demonstration_2_Demonstration_Demonstration_Or_Protest_2_447.jpg,C:\Thực tập LUMI\model_BaiToan\Deepleaning\data\dataset\raw\occluded\2--Demonstration_2_Demonstration_Demonstration_Or_Protest_2_447.jpg_b66874.jpg
12--Group_12_Group_Large_Group_12_Group_Large_Group_12_162.jpg_b7950.jpg,train,clear,92,92,1.0,True,medium,wider_12--Group_12_Group_Large_Group_12_Group_Large_Group_12_162.jpg,C:\Thực tập LUMI\model_BaiToan\Deepleaning\data\dataset\raw\clear\12--Group_12_Group_Large_Group_12_Group_Large_Group_12_162.jpg_b7950.jpg
29--Students_Schoolkids_29_Students_Schoolkids_Students_Schoolkids_29_525.jpg_b24112.jpg,train,clear,98,98,1.0,True,medium,wider_29--Students_Schoolkids_29_Students_Schoolkids_Students_Schoolkids_29_525.jpg,C:\Thực tập LUMI\model_BaiToan\Deepleaning\data\dataset\raw\clear\29--Students_Schoolkids_29_Students_Schoolkids_Students_Schoolkids_29_525.jpg_b24112.jpg
49--Greeting_49_Greeting_peoplegreeting_49_285.jpg_b131348.jpg,train,clear,92,92,1.0,True,medium,wider_49--Greeting_49_Greeting_peoplegreeting_49_285.jpg,C:\Thực tập LUMI\model_BaiToan\Deepleaning\data\dataset\raw\clear\49--Greeting_49_Greeting_peoplegreeting_49_285.jpg_b131348.jpg
35--Basketball_35_Basketball_basketballgame_ball_35_586.jpg_b104073.jpg,train,clear,78,78,1.0,True,medium,wider_35--Basketball_35_Basketball_basketballgame_ball_35_586.jpg,C:\Thực tập LUMI\model_BaiToan\Deepleaning\data\dataset\raw\clear\35--Basketball_35_Basketball_basketballgame_ball_35_586.jpg_b104073.jpg
0--Parade_0_Parade_Parade_0_379.jpg_b13601.jpg,train,clear,102,102,1.0,True,medium,wider_0--Parade_0_Parade_Parade_0_379.jpg,C:\Thực tập LUMI\model_BaiToan\Deepleaning\data\dataset\raw\clear\0--Parade_0_Parade_Parade_0_379.jpg_b13601.jpg
2--Demonstration_2_Demonstration_Political_Rally_2_406.jpg_b19380.jpg,train,clear,75,75,1.0,True,medium,wider_2--Demonstration_2_Demonstration_Political_Rally_2_406.jpg,C:\Thực tập LUMI\model_BaiToan\Deepleaning\data\dataset\raw\clear\2--Demonstration_2_Demonstration_Political_Rally_2_406.jpg_b19380.jpg
01a0b34a-f830-70f0-a0d5-35a178238867_nvr-llWGaUl9M9E771xokkJUiNr5fMyJBigI_1789714430450_img_face6.jpg,train,clear,86,86,1.0,True,medium,single_01a0b34a-f830-70f0-a0d5-35a178238867_nvr-llWGaUl9M9E771xokkJUiNr5fMyJBigI_1789714430450_img_face6.jpg,C:\Thực tập LUMI\model_BaiToan\Deepleaning\data\dataset\raw\clear\01a0b34a-f830-70f0-a0d5-35a178238867_nvr-llWGaUl9M9E771xokkJUiNr5fMyJBigI_1789714430450_img_face6.jpg
01a0b348-9ab8-73e3-9797-86234c0f24be_nvr-llWGaUl9M9E771xokkJUiNr5fMyJBigI_1789714275642_img_face10.jpg,train,clear,76,76,1.0,True,medium,single_01a0b348-9ab8-73e3-9797-86234c0f24be_nvr-llWGaUl9M9E771xokkJUiNr5fMyJBigI_1789714275642_img_face10.jpg,C:\Thực tập LUMI\model_BaiToan\Deepleaning\data\dataset\raw\clear\01a0b348-9ab8-73e3-9797-86234c0f24be_nvr-llWGaUl9M9E771xokkJUiNr5fMyJBigI_1789714275642_img_face10.jpg
2--Demonstration_2_Demonstration_Protesters_2_877.jpg_b51138.jpg,train,clear,93,93,1.0,True,medium,wider_2--Demonstration_2_Demonstration_Protesters_2_877.jpg,C:\Thực tập LUMI\model_BaiToan\Deepleaning\data\dataset\raw\clear\2--Demonstration_2_Demonstration_Protesters_2_877.jpg_b51138.jpg
40--Gymnastics_40_Gymnastics_Gymnastics_40_521.jpg_b30811.jpg,train,clear,87,87,1.0,True,medium,wider_40--Gymnastics_40_Gymnastics_Gymnastics_40_521.jpg,C:\Thực tập LUMI\model_BaiToan\Deepleaning\data\dataset\raw\clear\40--Gymnastics_40_Gymnastics_Gymnastics_40_521.jpg_b30811.jpg
01a0b348-19d0-7cb0-9c11-1627d0471840_nvr-llWGaUl9M9E771xokkJUiNr5fMyJBigI_1789714242053_img_face1.jpg,train,clear,91,91,1.0,True,medium,single_01a0b348-19d0-7cb0-9c11-1627d0471840_nvr-llWGaUl9M9E771xokkJUiNr5fMyJBigI_1789714242053_img_face1.jpg,C:\Thực tập LUMI\model_BaiToan\Deepleaning\data\dataset\raw\clear\01a0b348-19d0-7cb0-9c11-1627d0471840_nvr-llWGaUl9M9E771xokkJUiNr5fMyJBigI_1789714242053_img_face1.jpg
54--Rescue_54_Rescue_rescuepeople_54_589.jpg_b34916.jpg,train,clear,82,82,1.0,True,medium,wider_54--Rescue_54_Rescue_rescuepeople_54_589.jpg,C:\Thực tập LUMI\model_BaiToan\Deepleaning\data\dataset\raw\clear\54--Rescue_54_Rescue_rescuepeople_54_589.jpg_b34916.jpg
40--Gymnastics_40_Gymnastics_Gymnastics_40_565.jpg_b120964.jpg,train,clear,78,78,1.0,True,medium,wider_40--Gymnastics_40_Gymnastics_Gymnastics_40_565.jpg,C:\Thực tập LUMI\model_BaiToan\Deepleaning\data\dataset\raw\clear\40--Gymnastics_40_Gymnastics_Gymnastics_40_565.jpg_b120964.jpg
29--Students_Schoolkids_29_Students_Schoolkids_Students_Schoolkids_29_641.jpg_b95990.jpg,train,clear,98,98,1.0,True,medium,wider_29--Students_Schoolkids_29_Students_Schoolkids_Students_Schoolkids_29_641.jpg,C:\Thực tập LUMI\model_BaiToan\Deepleaning\data\dataset\raw\clear\29--Students_Schoolkids_29_Students_Schoolkids_Students_Schoolkids_29_641.jpg_b95990.jpg
13--Interview_13_Interview_Interview_On_Location_13_33.jpg_b9950.jpg,train,clear,106,106,1.0,True,medium,wider_13--Interview_13_Interview_Interview_On_Location_13_33.jpg,C:\Thực tập LUMI\model_BaiToan\Deepleaning\data\dataset\raw\clear\13--Interview_13_Interview_Interview_On_Location_13_33.jpg_b9950.jpg
13--Interview_13_Interview_Interview_On_Location_13_615.jpg_b36686.jpg,train,clear,102,102,1.0,True,medium,wider_13--Interview_13_Interview_Interview_On_Location_13_615.jpg,C:\Thực tập LUMI\model_BaiToan\Deepleaning\data\dataset\raw\clear\13--Interview_13_Interview_Interview_On_Location_13_615.jpg_b36686.jpg
13--Interview_13_Interview_Interview_On_Location_13_615.jpg_b36688.jpg,train,clear,108,108,1.0,True,medium,wider_13--Interview_13_Interview_Interview_On_Location_13_615.jpg,C:\Thực tập LUMI\model_BaiToan\Deepleaning\data\dataset\raw\clear\13--Interview_13_Interview_Interview_On_Location_13_615.jpg_b36688.jpg
01a0b7d6-48c8-78e1-a09a-edd226a4f545_nvr-llWGaUl9M9E771xokkJUiNr5fMyJBigI_1789790668967_img_face.jpg,train,clear,90,90,1.0,True,medium,single_01a0b7d6-48c8-78e1-a09a-edd226a4f545_nvr-llWGaUl9M9E771xokkJUiNr5fMyJBigI_1789790668967_img_face.jpg,C:\Thực tập LUMI\model_BaiToan\Deepleaning\data\dataset\raw\clear\01a0b7d6-48c8-78e1-a09a-edd226a4f545_nvr-llWGaUl9M9E771xokkJUiNr5fMyJBigI_1789790668967_img_face.jpg
9--Press_Conference_9_Press_Conference_Press_Conference_9_365.jpg_b156903.jpg,train,clear,100,100,1.0,True,medium,wider_9--Press_Conference_9_Press_Conference_Press_Conference_9_365.jpg,C:\Thực tập LUMI\model_BaiToan\Deepleaning\data\dataset\raw\clear\9--Press_Conference_9_Press_Conference_Press_Conference_9_365.jpg_b156903.jpg
20--Family_Group_20_Family_Group_Family_Group_20_599.jpg_b20832.jpg,train,clear,88,88,1.0,True,medium,wider_20--Family_Group_20_Family_Group_Family_Group_20_599.jpg,C:\Thực tập LUMI\model_BaiToan\Deepleaning\data\dataset\raw\clear\20--Family_Group_20_Family_Group_Family_Group_20_599.jpg_b20832.jpg
57--Angler_57_Angler_peoplefishing_57_179.jpg_b141421.jpg,train,clear,76,76,1.0,True,medium,wider_57--Angler_57_Angler_peoplefishing_57_179.jpg,C:\Thực tập LUMI\model_BaiToan\Deepleaning\data\dataset\raw\clear\57--Angler_57_Angler_peoplefishing_57_179.jpg_b141421.jpg
51--Dresses_51_Dresses_wearingdress_51_796.jpg_b134611.jpg,train,clear,94,94,1.0,True,medium,wider_51--Dresses_51_Dresses_wearingdress_51_796.jpg,C:\Thực tập LUMI\model_BaiToan\Deepleaning\data\dataset\raw\clear\51--Dresses_51_Dresses_wearingdress_51_796.jpg_b134611.jpg
20--Family_Group_20_Family_Group_Family_Group_20_571.jpg_b81911.jpg,train,clear,102,102,1.0,True,medium,wider_20--Family_Group_20_Family_Group_Family_Group_20_571.jpg,C:\Thực tập LUMI\model_BaiToan\Deepleaning\data\dataset\raw\clear\20--Family_Group_20_Family_Group_Family_Group_20_571.jpg_b81911.jpg
13--Interview_13_Interview_Interview_On_Location_13_700.jpg_b37311.jpg,train,clear,81,81,1.0,True,medium,wider_13--Interview_13_Interview_Interview_On_Location_13_700.jpg,C:\Thực tập LUMI\model_BaiToan\Deepleaning\data\dataset\raw\clear\13--Interview_13_Interview_Interview_On_Location_13_700.jpg_b37311.jpg
01a0b348-9ab8-73e3-9797-86234c0f24be_nvr-llWGaUl9M9E771xokkJUiNr5fMyJBigI_1789714275642_img_face7.jpg,train,clear,94,94,1.0,True,medium,single_01a0b348-9ab8-73e3-9797-86234c0f24be_nvr-llWGaUl9M9E771xokkJUiNr5fMyJBigI_1789714275642_img_face7.jpg,C:\Thực tập LUMI\model_BaiToan\Deepleaning\data\dataset\raw\clear\01a0b348-9ab8-73e3-9797-86234c0f24be_nvr-llWGaUl9M9E771xokkJUiNr5fMyJBigI_1789714275642_img_face7.jpg
4--Dancing_4_Dancing_Dancing_4_53.jpg_b30795.jpg,train,clear,82,82,1.0,True,medium,wider_4--Dancing_4_Dancing_Dancing_4_53.jpg,C:\Thực tập LUMI\model_BaiToan\Deepleaning\data\dataset\raw\clear\4--Dancing_4_Dancing_Dancing_4_53.jpg_b30795.jpg
0--Parade_0_Parade_marchingband_1_156.jpg_b1988.jpg,train,clear,106,106,1.0,True,medium,wider_0--Parade_0_Parade_marchingband_1_156.jpg,C:\Thực tập LUMI\model_BaiToan\Deepleaning\data\dataset\raw\clear\0--Parade_0_Parade_marchingband_1_156.jpg_b1988.jpg
30--Surgeons_30_Surgeons_Surgeons_30_198.jpg_b98511.jpg,train,clear,100,100,1.0,True,medium,wider_30--Surgeons_30_Surgeons_Surgeons_30_198.jpg,C:\Thực tập LUMI\model_BaiToan\Deepleaning\data\dataset\raw\clear\30--Surgeons_30_Surgeons_Surgeons_30_198.jpg_b98511.jpg
01a0b34a-86e8-7a62-888d-1a5a05c447e6_nvr-llWGaUl9M9E771xokkJUiNr5fMyJBigI_1789714401285_img_face5.jpg,train,clear,84,84,1.0,True,medium,single_01a0b34a-86e8-7a62-888d-1a5a05c447e6_nvr-llWGaUl9M9E771xokkJUiNr5fMyJBigI_1789714401285_img_face5.jpg,C:\Thực tập LUMI\model_BaiToan\Deepleaning\data\dataset\raw\clear\01a0b34a-86e8-7a62-888d-1a5a05c447e6_nvr-llWGaUl9M9E771xokkJUiNr5fMyJBigI_1789714401285_img_face5.jpg
1--Handshaking_1_Handshaking_Handshaking_1_46.jpg_b16870.jpg,train,clear,107,107,1.0,True,medium,wider_1--Handshaking_1_Handshaking_Handshaking_1_46.jpg,C:\Thực tập LUMI\model_BaiToan\Deepleaning\data\dataset\raw\clear\1--Handshaking_1_Handshaking_Handshaking_1_46.jpg_b16870.jpg
13--Interview_13_Interview_Interview_On_Location_13_969.jpg_b37204.jpg,train,clear,96,96,1.0,True,medium,wider_13--Interview_13_Interview_Interview_On_Location_13_969.jpg,C:\Thực tập LUMI\model_BaiToan\Deepleaning\data\dataset\raw\clear\13--Interview_13_Interview_Interview_On_Location_13_969.jpg_b37204.jpg
3--Riot_3_Riot_Riot_3_366.jpg_b97872.jpg,train,clear,96,96,1.0,True,medium,wider_3--Riot_3_Riot_Riot_3_366.jpg,C:\Thực tập LUMI\model_BaiToan\Deepleaning\data\dataset\raw\clear\3--Riot_3_Riot_Riot_3_366.jpg_b97872.jpg
2--Demonstration_2_Demonstration_Demonstration_Or_Protest_2_326.jpg_b63748.jpg,train,clear,84,84,1.0,True,medium,wider_2--Demonstration_2_Demonstration_Demonstration_Or_Protest_2_326.jpg,C:\Thực tập LUMI\model_BaiToan\Deepleaning\data\dataset\raw\clear\2--Demonstration_2_Demonstration_Demonstration_Or_Protest_2_326.jpg_b63748.jpg
0--Parade_0_Parade_Parade_0_109.jpg_b15048.jpg,train,clear,84,84,1.0,True,medium,wider_0--Parade_0_Parade_Parade_0_109.jpg,C:\Thực tập LUMI\model_BaiToan\Deepleaning\data\dataset\raw\clear\0--Parade_0_Parade_Parade_0_109.jpg_b15048.jpg
12--Group_12_Group_Large_Group_12_Group_Large_Group_12_495.jpg_b8428.jpg,train,clear,102,102,1.0,True,medium,wider_12--Group_12_Group_Large_Group_12_Group_Large_Group_12_495.jpg,C:\Thực tập LUMI\model_BaiToan\Deepleaning\data\dataset\raw\clear\12--Group_12_Group_Large_Group_12_Group_Large_Group_12_495.jpg_b8428.jpg
49--Greeting_49_Greeting_peoplegreeting_49_50.jpg_b33436.jpg,train,clear,82,82,1.0,True,medium,wider_49--Greeting_49_Greeting_peoplegreeting_49_50.jpg,C:\Thực tập LUMI\model_BaiToan\Deepleaning\data\dataset\raw\clear\49--Greeting_49_Greeting_peoplegreeting_49_50.jpg_b33436.jpg
10--People_Marching_10_People_Marching_People_Marching_10_People_Marching_People_Marching_10_People_Marching_People_Marching_10_202.jpg_b17416.jpg,train,clear,96,96,1.0,True,medium,wider_10--People_Marching_10_People_Marching_People_Marching_10_People_Marching_People_Marching_10_People_Marching_People_Marching_10_202.jpg,C:\Thực tập LUMI\model_BaiToan\Deepleaning\data\dataset\raw\clear\10--People_Marching_10_People_Marching_People_Marching_10_People_Marching_People_Marching_10_People_Marching_People_Marching_10_202.jpg_b17416.jpg
13--Interview_13_Interview_Interview_Sequences_13_373.jpg_b10001.jpg,train,clear,90,90,1.0,True,medium,wider_13--Interview_13_Interview_Interview_Sequences_13_373.jpg,C:\Thực tập LUMI\model_BaiToan\Deepleaning\data\dataset\raw\clear\13--Interview_13_Interview_Interview_Sequences_13_373.jpg_b10001.jpg
2--Demonstration_2_Demonstration_Political_Rally_2_785.jpg_b61161.jpg,train,clear,78,78,1.0,True,medium,wider_2--Demonstration_2_Demonstration_Political_Rally_2_785.jpg,C:\Thực tập LUMI\model_BaiToan\Deepleaning\data\dataset\raw\clear\2--Demonstration_2_Demonstration_Political_Rally_2_785.jpg_b61161.jpg
59--people--driving--car_59_peopledrivingcar_peopledrivingcar_59_306.jpg_b144207.jpg,train,clear,84,84,1.0,True,medium,wider_59--people--driving--car_59_peopledrivingcar_peopledrivingcar_59_306.jpg,C:\Thực tập LUMI\model_BaiToan\Deepleaning\data\dataset\raw\clear\59--people--driving--car_59_peopledrivingcar_peopledrivingcar_59_306.jpg_b144207.jpg
51--Dresses_51_Dresses_wearingdress_51_914.jpg_b34421.jpg,train,clear,75,75,1.0,True,medium,wider_51--Dresses_51_Dresses_wearingdress_51_914.jpg,C:\Thực tập LUMI\model_BaiToan\Deepleaning\data\dataset\raw\clear\51--Dresses_51_Dresses_wearingdress_51_914.jpg_b34421.jpg
17--Ceremony_17_Ceremony_Ceremony_17_88.jpg_b40986.jpg,train,clear,83,83,1.0,True,medium,wider_17--Ceremony_17_Ceremony_Ceremony_17_88.jpg,C:\Thực tập LUMI\model_BaiToan\Deepleaning\data\dataset\raw\clear\17--Ceremony_17_Ceremony_Ceremony_17_88.jpg_b40986.jpg
01a0b348-0260-76d0-907d-12dfdef5de4d_nvr-llWGaUl9M9E771xokkJUiNr5fMyJBigI_1789714236439_img_face14.jpg,train,clear,82,82,1.0,True,medium,single_01a0b348-0260-76d0-907d-12dfdef5de4d_nvr-llWGaUl9M9E771xokkJUiNr5fMyJBigI_1789714236439_img_face14.jpg,C:\Thực tập LUMI\model_BaiToan\Deepleaning\data\dataset\raw\clear\01a0b348-0260-76d0-907d-12dfdef5de4d_nvr-llWGaUl9M9E771xokkJUiNr5fMyJBigI_1789714236439_img_face14.jpg
0--Parade_0_Parade_Parade_0_678.jpg_b6859.jpg,train,clear,98,98,1.0,True,medium,wider_0--Parade_0_Parade_Parade_0_678.jpg,C:\Thực tập LUMI\model_BaiToan\Deepleaning\data\dataset\raw\clear\0--Parade_0_Parade_Parade_0_678.jpg_b6859.jpg
01a0b34a-f830-70f0-a0d5-35a178238867_nvr-llWGaUl9M9E771xokkJUiNr5fMyJBigI_1789714430450_img_face1.jpg,train,clear,102,102,1.0,True,medium,single_01a0b34a-f830-70f0-a0d5-35a178238867_nvr-llWGaUl9M9E771xokkJUiNr5fMyJBigI_1789714430450_img_face1.jpg,C:\Thực tập LUMI\model_BaiToan\Deepleaning\data\dataset\raw\clear\01a0b34a-f830-70f0-a0d5-35a178238867_nvr-llWGaUl9M9E771xokkJUiNr5fMyJBigI_1789714430450_img_face1.jpg
01a0b3c0-0120-71c2-890c-071b7bd57b40_nvr-llWGaUl9M9E771xokkJUiNr5fMyJBigI_1789722100477_img_face1.jpg,train,clear,86,86,1.0,True,medium,single_01a0b3c0-0120-71c2-890c-071b7bd57b40_nvr-llWGaUl9M9E771xokkJUiNr5fMyJBigI_1789722100477_img_face1.jpg,C:\Thực tập LUMI\model_BaiToan\Deepleaning\data\dataset\raw\clear\01a0b3c0-0120-71c2-890c-071b7bd57b40_nvr-llWGaUl9M9E771xokkJUiNr5fMyJBigI_1789722100477_img_face1.jpg
01a0b7e8-4640-7271-8e10-fa789d029032_nvr-llWGaUl9M9E771xokkJUiNr5fMyJBigI_1789791848383_img_face.jpg,train,clear,108,108,1.0,True,medium,single_01a0b7e8-4640-7271-8e10-fa789d029032_nvr-llWGaUl9M9E771xokkJUiNr5fMyJBigI_1789791848383_img_face.jpg,C:\Thực tập LUMI\model_BaiToan\Deepleaning\data\dataset\raw\clear\01a0b7e8-4640-7271-8e10-fa789d029032_nvr-llWGaUl9M9E771xokkJUiNr5fMyJBigI_1789791848383_img_face.jpg
61--Street_Battle_61_Street_Battle_streetfight_61_821.jpg_b147118.jpg,train,clear,100,100,1.0,True,medium,wider_61--Street_Battle_61_Street_Battle_streetfight_61_821.jpg,C:\Thực tập LUMI\model_BaiToan\Deepleaning\data\dataset\raw\clear\61--Street_Battle_61_Street_Battle_streetfight_61_821.jpg_b147118.jpg
61--Street_Battle_61_Street_Battle_streetfight_61_821.jpg_b147119.jpg,train,occluded,108,108,1.0,True,medium,wider_61--Street_Battle_61_Street_Battle_streetfight_61_821.jpg,C:\Thực tập LUMI\model_BaiToan\Deepleaning\data\dataset\raw\occluded\61--Street_Battle_61_Street_Battle_streetfight_61_821.jpg_b147119.jpg
15--Stock_Market_15_Stock_Market_Stock_Market_15_216.jpg_b38886.jpg,train,clear,75,75,1.0,True,medium,wider_15--Stock_Market_15_Stock_Market_Stock_Market_15_216.jpg,C:\Thực tập LUMI\model_BaiToan\Deepleaning\data\dataset\raw\clear\15--Stock_Market_15_Stock_Market_Stock_Market_15_216.jpg_b38886.jpg
55--Sports_Coach_Trainer_55_Sports_Coach_Trainer_sportcoaching_55_263.jpg_b35278.jpg,train,clear,96,96,1.0,True,medium,wider_55--Sports_Coach_Trainer_55_Sports_Coach_Trainer_sportcoaching_55_263.jpg,C:\Thực tập LUMI\model_BaiToan\Deepleaning\data\dataset\raw\clear\55--Sports_Coach_Trainer_55_Sports_Coach_Trainer_sportcoaching_55_263.jpg_b35278.jpg
01a0b344-1e48-7473-8893-db6a4715b078_nvr-llWGaUl9M9E771xokkJUiNr5fMyJBigI_1789713981911_img_face8.jpg,train,clear,79,79,1.0,True,medium,single_01a0b344-1e48-7473-8893-db6a4715b078_nvr-llWGaUl9M9E771xokkJUiNr5fMyJBigI_1789713981911_img_face8.jpg,C:\Thực tập LUMI\model_BaiToan\Deepleaning\data\dataset\raw\clear\01a0b344-1e48-7473-8893-db6a4715b078_nvr-llWGaUl9M9E771xokkJUiNr5fMyJBigI_1789713981911_img_face8.jpg
57--Angler_57_Angler_peoplefishing_57_667.jpg_b141394.jpg,train,clear,78,78,1.0,True,medium,wider_57--Angler_57_Angler_peoplefishing_57_667.jpg,C:\Thực tập LUMI\model_BaiToan\Deepleaning\data\dataset\raw\clear\57--Angler_57_Angler_peoplefishing_57_667.jpg_b141394.jpg
01a0b348-9ab8-73e3-9797-86234c0f24be_nvr-llWGaUl9M9E771xokkJUiNr5fMyJBigI_1789714275642_img_face9.jpg,train,clear,94,94,1.0,True,medium,single_01a0b348-9ab8-73e3-9797-86234c0f24be_nvr-llWGaUl9M9E771xokkJUiNr5fMyJBigI_1789714275642_img_face9.jpg,C:\Thực tập LUMI\model_BaiToan\Deepleaning\data\dataset\raw\clear\01a0b348-9ab8-73e3-9797-86234c0f24be_nvr-llWGaUl9M9E771xokkJUiNr5fMyJBigI_1789714275642_img_face9.jpg
40--Gymnastics_40_Gymnastics_Gymnastics_40_713.jpg_b120951.jpg,train,clear,85,85,1.0,True,medium,wider_40--Gymnastics_40_Gymnastics_Gymnastics_40_713.jpg,C:\Thực tập LUMI\model_BaiToan\Deepleaning\data\dataset\raw\clear\40--Gymnastics_40_Gymnastics_Gymnastics_40_713.jpg_b120951.jpg
01a0b358-32e8-7012-b6ad-b22743b2e159_nvr-llWGaUl9M9E771xokkJUiNr5fMyJBigI_1789715297126_img_face1.jpg,train,clear,92,92,1.0,True,medium,single_01a0b358-32e8-7012-b6ad-b22743b2e159_nvr-llWGaUl9M9E771xokkJUiNr5fMyJBigI_1789715297126_img_face1.jpg,C:\Thực tập LUMI\model_BaiToan\Deepleaning\data\dataset\raw\clear\01a0b358-32e8-7012-b6ad-b22743b2e159_nvr-llWGaUl9M9E771xokkJUiNr5fMyJBigI_1789715297126_img_face1.jpg
01a0b348-9ab8-73e3-9797-86234c0f24be_nvr-llWGaUl9M9E771xokkJUiNr5fMyJBigI_1789714275642_img_face8.jpg,train,clear,80,80,1.0,True,medium,single_01a0b348-9ab8-73e3-9797-86234c0f24be_nvr-llWGaUl9M9E771xokkJUiNr5fMyJBigI_1789714275642_img_face8.jpg,C:\Thực tập LUMI\model_BaiToan\Deepleaning\data\dataset\raw\clear\01a0b348-9ab8-73e3-9797-86234c0f24be_nvr-llWGaUl9M9E771xokkJUiNr5fMyJBigI_1789714275642_img_face8.jpg
01a0b348-9ab8-73e3-9797-86234c0f24be_nvr-llWGaUl9M9E771xokkJUiNr5fMyJBigI_1789714275642_img_face13.jpg,train,clear,110,110,1.0,True,medium,single_01a0b348-9ab8-73e3-9797-86234c0f24be_nvr-llWGaUl9M9E771xokkJUiNr5fMyJBigI_1789714275642_img_face13.jpg,C:\Thực tập LUMI\model_BaiToan\Deepleaning\data\dataset\raw\clear\01a0b348-9ab8-73e3-9797-86234c0f24be_nvr-llWGaUl9M9E771xokkJUiNr5fMyJBigI_1789714275642_img_face13.jpg
01a0b346-5c80-7783-9ab4-017cbb39ee7d_nvr-llWGaUl9M9E771xokkJUiNr5fMyJBigI_1789714128542_img_face20.jpg,train,clear,87,87,1.0,True,medium,single_01a0b346-5c80-7783-9ab4-017cbb39ee7d_nvr-llWGaUl9M9E771xokkJUiNr5fMyJBigI_1789714128542_img_face20.jpg,C:\Thực tập LUMI\model_BaiToan\Deepleaning\data\dataset\raw\clear\01a0b346-5c80-7783-9ab4-017cbb39ee7d_nvr-llWGaUl9M9E771xokkJUiNr5fMyJBigI_1789714128542_img_face20.jpg
12--Group_12_Group_Group_12_Group_Group_12_187.jpg_b35576.jpg,train,clear,110,110,1.0,True,medium,wider_12--Group_12_Group_Group_12_Group_Group_12_187.jpg,C:\Thực tập LUMI\model_BaiToan\Deepleaning\data\dataset\raw\clear\12--Group_12_Group_Group_12_Group_Group_12_187.jpg_b35576.jpg
45--Balloonist_45_Balloonist_Balloonist_45_808.jpg_b124705.jpg,train,clear,102,102,1.0,True,medium,wider_45--Balloonist_45_Balloonist_Balloonist_45_808.jpg,C:\Thực tập LUMI\model_BaiToan\Deepleaning\data\dataset\raw\clear\45--Balloonist_45_Balloonist_Balloonist_45_808.jpg_b124705.jpg
01a0b810-bda0-70d3-ad7e-a9591a03e9bf_nvr-llWGaUl9M9E771xokkJUiNr5fMyJBigI_1789794500658_img_face.jpg,train,clear,109,109,1.0,True,medium,single_01a0b810-bda0-70d3-ad7e-a9591a03e9bf_nvr-llWGaUl9M9E771xokkJUiNr5fMyJBigI_1789794500658_img_face.jpg,C:\Thực tập LUMI\model_BaiToan\Deepleaning\data\dataset\raw\clear\01a0b810-bda0-70d3-ad7e-a9591a03e9bf_nvr-llWGaUl9M9E771xokkJUiNr5fMyJBigI_1789794500658_img_face.jpg
46--Jockey_46_Jockey_Jockey_46_675.jpg_b125054.jpg,train,clear,88,88,1.0,True,medium,wider_46--Jockey_46_Jockey_Jockey_46_675.jpg,C:\Thực tập LUMI\model_BaiToan\Deepleaning\data\dataset\raw\clear\46--Jockey_46_Jockey_Jockey_46_675.jpg_b125054.jpg
52--Photographers_52_Photographers_photographertakingphoto_52_464.jpg_b135151.jpg,train,clear,88,88,1.0,True,medium,wider_52--Photographers_52_Photographers_photographertakingphoto_52_464.jpg,C:\Thực tập LUMI\model_BaiToan\Deepleaning\data\dataset\raw\clear\52--Photographers_52_Photographers_photographertakingphoto_52_464.jpg_b135151.jpg
01a0b345-a4e8-77f3-9935-f0eeb199533f_nvr-llWGaUl9M9E771xokkJUiNr5fMyJBigI_1789714081305_img_face9.jpg,train,clear,85,85,1.0,True,medium,single_01a0b345-a4e8-77f3-9935-f0eeb199533f_nvr-llWGaUl9M9E771xokkJUiNr5fMyJBigI_1789714081305_img_face9.jpg,C:\Thực tập LUMI\model_BaiToan\Deepleaning\data\dataset\raw\clear\01a0b345-a4e8-77f3-9935-f0eeb199533f_nvr-llWGaUl9M9E771xokkJUiNr5fMyJBigI_1789714081305_img_face9.jpg
2--Demonstration_2_Demonstration_Demonstrators_2_195.jpg_b13805.jpg,train,clear,75,75,1.0,True,medium,wider_2--Demonstration_2_Demonstration_Demonstrators_2_195.jpg,C:\Thực tập LUMI\model_BaiToan\Deepleaning\data\dataset\raw\clear\2--Demonstration_2_Demonstration_Demonstrators_2_195.jpg_b13805.jpg
01a0b82d-61a8-7cf0-b8e8-7364aae691e5_nvr-llWGaUl9M9E771xokkJUiNr5fMyJBigI_1789796377855_img_face.jpg,train,clear,106,106,1.0,True,medium,single_01a0b82d-61a8-7cf0-b8e8-7364aae691e5_nvr-llWGaUl9M9E771xokkJUiNr5fMyJBigI_1789796377855_img_face.jpg,C:\Thực tập LUMI\model_BaiToan\Deepleaning\data\dataset\raw\clear\01a0b82d-61a8-7cf0-b8e8-7364aae691e5_nvr-llWGaUl9M9E771xokkJUiNr5fMyJBigI_1789796377855_img_face.jpg
01a0b3d2-48d0-7e42-b6c8-994e5c253fae_nvr-llWGaUl9M9E771xokkJUiNr5fMyJBigI_1789723298761_img_face1.jpg,train,clear,99,99,1.0,True,medium,single_01a0b3d2-48d0-7e42-b6c8-994e5c253fae_nvr-llWGaUl9M9E771xokkJUiNr5fMyJBigI_1789723298761_img_face1.jpg,C:\Thực tập LUMI\model_BaiToan\Deepleaning\data\dataset\raw\clear\01a0b3d2-48d0-7e42-b6c8-994e5c253fae_nvr-llWGaUl9M9E771xokkJUiNr5fMyJBigI_1789723298761_img_face1.jpg
20--Family_Group_20_Family_Group_Family_Group_20_579.jpg_b20576.jpg,train,clear,102,102,1.0,True,medium,wider_20--Family_Group_20_Family_Group_Family_Group_20_579.jpg,C:\Thực tập LUMI\model_BaiToan\Deepleaning\data\dataset\raw\clear\20--Family_Group_20_Family_Group_Family_Group_20_579.jpg_b20576.jpg
9--Press_Conference_9_Press_Conference_Press_Conference_9_41.jpg_b38954.jpg,train,clear,94,94,1.0,True,medium,wider_9--Press_Conference_9_Press_Conference_Press_Conference_9_41.jpg,C:\Thực tập LUMI\model_BaiToan\Deepleaning\data\dataset\raw\clear\9--Press_Conference_9_Press_Conference_Press_Conference_9_41.jpg_b38954.jpg
01a0b842-ed48-7f62-a353-6f5dc6b98b4f_nvr-llWGaUl9M9E771xokkJUiNr5fMyJBigI_1789797789327_img_face.jpg,train,clear,110,110,1.0,True,medium,single_01a0b842-ed48-7f62-a353-6f5dc6b98b4f_nvr-llWGaUl9M9E771xokkJUiNr5fMyJBigI_1789797789327_img_face.jpg,C:\Thực tập LUMI\model_BaiToan\Deepleaning\data\dataset\raw\clear\01a0b842-ed48-7f62-a353-6f5dc6b98b4f_nvr-llWGaUl9M9E771xokkJUiNr5fMyJBigI_1789797789327_img_face.jpg
01a0b405-7660-74f2-baf6-4adceb97c27e_nvr-llWGaUl9M9E771xokkJUiNr5fMyJBigI_1789726651980_img_face1.jpg,train,clear,106,106,1.0,True,medium,single_01a0b405-7660-74f2-baf6-4adceb97c27e_nvr-llWGaUl9M9E771xokkJUiNr5fMyJBigI_1789726651980_img_face1.jpg,C:\Thực tập LUMI\model_BaiToan\Deepleaning\data\dataset\raw\clear\01a0b405-7660-74f2-baf6-4adceb97c27e_nvr-llWGaUl9M9E771xokkJUiNr5fMyJBigI_1789726651980_img_face1.jpg
01a0b769-fe20-7e70-92ab-a3840badd44b_nvr-llWGaUl9M9E771xokkJUiNr5fMyJBigI_1789783572216_img_face.jpg,train,clear,104,104,1.0,True,medium,single_01a0b769-fe20-7e70-92ab-a3840badd44b_nvr-llWGaUl9M9E771xokkJUiNr5fMyJBigI_1789783572216_img_face.jpg,C:\Thực tập LUMI\model_BaiToan\Deepleaning\data\dataset\raw\clear\01a0b769-fe20-7e70-92ab-a3840badd44b_nvr-llWGaUl9M9E771xokkJUiNr5fMyJBigI_1789783572216_img_face.jpg
2--Demonstration_2_Demonstration_Political_Rally_2_659.jpg_b18317.jpg,train,clear,109,109,1.0,True,medium,wider_2--Demonstration_2_Demonstration_Political_Rally_2_659.jpg,C:\Thực tập LUMI\model_BaiToan\Deepleaning\data\dataset\raw\clear\2--Demonstration_2_Demonstration_Political_Rally_2_659.jpg_b18317.jpg
41--Swimming_41_Swimming_Swimmer_41_70.jpg_b121939.jpg,train,clear,92,92,1.0,True,medium,wider_41--Swimming_41_Swimming_Swimmer_41_70.jpg,C:\Thực tập LUMI\model_BaiToan\Deepleaning\data\dataset\raw\clear\41--Swimming_41_Swimming_Swimmer_41_70.jpg_b121939.jpg
01a0b348-c1c8-7660-8f4d-ed60f7def0be_nvr-llWGaUl9M9E771xokkJUiNr5fMyJBigI_1789714285645_img_face10.jpg,train,clear,76,76,1.0,True,medium,single_01a0b348-c1c8-7660-8f4d-ed60f7def0be_nvr-llWGaUl9M9E771xokkJUiNr5fMyJBigI_1789714285645_img_face10.jpg,C:\Thực tập LUMI\model_BaiToan\Deepleaning\data\dataset\raw\clear\01a0b348-c1c8-7660-8f4d-ed60f7def0be_nvr-llWGaUl9M9E771xokkJUiNr5fMyJBigI_1789714285645_img_face10.jpg
2--Demonstration_2_Demonstration_Political_Rally_2_329.jpg_b16012.jpg,train,clear,75,75,1.0,True,medium,wider_2--Demonstration_2_Demonstration_Political_Rally_2_329.jpg,C:\Thực tập LUMI\model_BaiToan\Deepleaning\data\dataset\raw\clear\2--Demonstration_2_Demonstration_Political_Rally_2_329.jpg_b16012.jpg
54--Rescue_54_Rescue_firemanrescue_54_939.jpg_b34958.jpg,train,clear,102,102,1.0,True,medium,wider_54--Rescue_54_Rescue_firemanrescue_54_939.jpg,C:\Thực tập LUMI\model_BaiToan\Deepleaning\data\dataset\raw\clear\54--Rescue_54_Rescue_firemanrescue_54_939.jpg_b34958.jpg
18--Concerts_18_Concerts_Concerts_18_754.jpg_b43558.jpg,train,clear,87,87,1.0,True,medium,wider_18--Concerts_18_Concerts_Concerts_18_754.jpg,C:\Thực tập LUMI\model_BaiToan\Deepleaning\data\dataset\raw\clear\18--Concerts_18_Concerts_Concerts_18_754.jpg_b43558.jpg
23--Shoppers_23_Shoppers_Shoppers_23_787.jpg_b89592.jpg,train,clear,110,110,1.0,True,medium,wider_23--Shoppers_23_Shoppers_Shoppers_23_787.jpg,C:\Thực tập LUMI\model_BaiToan\Deepleaning\data\dataset\raw\clear\23--Shoppers_23_Shoppers_Shoppers_23_787.jpg_b89592.jpg
50--Celebration_Or_Party_50_Celebration_Or_Party_birthdayparty_50_365.jpg_b133650.jpg,train,clear,86,86,1.0,True,medium,wider_50--Celebration_Or_Party_50_Celebration_Or_Party_birthdayparty_50_365.jpg,C:\Thực tập LUMI\model_BaiToan\Deepleaning\data\dataset\raw\clear\50--Celebration_Or_Party_50_Celebration_Or_Party_birthdayparty_50_365.jpg_b133650.jpg
12--Group_12_Group_Group_12_Group_Group_12_130.jpg_b24550.jpg,train,clear,86,86,1.0,True,medium,wider_12--Group_12_Group_Group_12_Group_Group_12_130.jpg,C:\Thực tập LUMI\model_BaiToan\Deepleaning\data\dataset\raw\clear\12--Group_12_Group_Group_12_Group_Group_12_130.jpg_b24550.jpg
35--Basketball_35_Basketball_playingbasketball_35_318.jpg_b110474.jpg,train,clear,93,93,1.0,True,medium,wider_35--Basketball_35_Basketball_playingbasketball_35_318.jpg,C:\Thực tập LUMI\model_BaiToan\Deepleaning\data\dataset\raw\clear\35--Basketball_35_Basketball_playingbasketball_35_318.jpg_b110474.jpg
3--Riot_3_Riot_Riot_3_299.jpg_b97724.jpg,train,clear,82,82,1.0,True,medium,wider_3--Riot_3_Riot_Riot_3_299.jpg,C:\Thực tập LUMI\model_BaiToan\Deepleaning\data\dataset\raw\clear\3--Riot_3_Riot_Riot_3_299.jpg_b97724.jpg
4--Dancing_4_Dancing_Dancing_4_302.jpg_b119216.jpg,train,clear,87,87,1.0,True,medium,wider_4--Dancing_4_Dancing_Dancing_4_302.jpg,C:\Thực tập LUMI\model_BaiToan\Deepleaning\data\dataset\raw\clear\4--Dancing_4_Dancing_Dancing_4_302.jpg_b119216.jpg
01a0b348-6bd8-7f81-9057-fdefcf8bbfa9_nvr-llWGaUl9M9E771xokkJUiNr5fMyJBigI_1789714263300_img_face9.jpg,train,clear,81,81,1.0,True,medium,single_01a0b348-6bd8-7f81-9057-fdefcf8bbfa9_nvr-llWGaUl9M9E771xokkJUiNr5fMyJBigI_1789714263300_img_face9.jpg,C:\Thực tập LUMI\model_BaiToan\Deepleaning\data\dataset\raw\clear\01a0b348-6bd8-7f81-9057-fdefcf8bbfa9_nvr-llWGaUl9M9E771xokkJUiNr5fMyJBigI_1789714263300_img_face9.jpg
40--Gymnastics_40_Gymnastics_Gymnastics_40_920.jpg_b31041.jpg,train,clear,92,92,1.0,True,medium,wider_40--Gymnastics_40_Gymnastics_Gymnastics_40_920.jpg,C:\Thực tập LUMI\model_BaiToan\Deepleaning\data\dataset\raw\clear\40--Gymnastics_40_Gymnastics_Gymnastics_40_920.jpg_b31041.jpg
01a0b348-19d0-7cb0-9c11-1627d0471840_nvr-llWGaUl9M9E771xokkJUiNr5fMyJBigI_1789714242053_img_face8.jpg,train,clear,85,85,1.0,True,medium,single_01a0b348-19d0-7cb0-9c11-1627d0471840_nvr-llWGaUl9M9E771xokkJUiNr5fMyJBigI_1789714242053_img_face8.jpg,C:\Thực tập LUMI\model_BaiToan\Deepleaning\data\dataset\raw\clear\01a0b348-19d0-7cb0-9c11-1627d0471840_nvr-llWGaUl9M9E771xokkJUiNr5fMyJBigI_1789714242053_img_face8.jpg
01a0b405-7660-7950-ae18-187f5290a57b_nvr-llWGaUl9M9E771xokkJUiNr5fMyJBigI_1789726652830_img_face1.jpg,train,clear,105,105,1.0,True,medium,single_01a0b405-7660-7950-ae18-187f5290a57b_nvr-llWGaUl9M9E771xokkJUiNr5fMyJBigI_1789726652830_img_face1.jpg,C:\Thực tập LUMI\model_BaiToan\Deepleaning\data\dataset\raw\clear\01a0b405-7660-7950-ae18-187f5290a57b_nvr-llWGaUl9M9E771xokkJUiNr5fMyJBigI_1789726652830_img_face1.jpg
35--Basketball_35_Basketball_basketballgame_ball_35_728.jpg_b111470.jpg,train,clear,98,98,1.0,True,medium,wider_35--Basketball_35_Basketball_basketballgame_ball_35_728.jpg,C:\Thực tập LUMI\model_BaiToan\Deepleaning\data\dataset\raw\clear\35--Basketball_35_Basketball_basketballgame_ball_35_728.jpg_b111470.jpg
35--Basketball_35_Basketball_basketballgame_ball_35_728.jpg_b111471.jpg,train,clear,96,96,1.0,True,medium,wider_35--Basketball_35_Basketball_basketballgame_ball_35_728.jpg,C:\Thực tập LUMI\model_BaiToan\Deepleaning\data\dataset\raw\clear\35--Basketball_35_Basketball_basketballgame_ball_35_728.jpg_b111471.jpg
01a0b343-e798-70e0-8849-7089effaff9c_nvr-llWGaUl9M9E771xokkJUiNr5fMyJBigI_1789713967381_img_face12.jpg,train,clear,85,85,1.0,True,medium,single_01a0b343-e798-70e0-8849-7089effaff9c_nvr-llWGaUl9M9E771xokkJUiNr5fMyJBigI_1789713967381_img_face12.jpg,C:\Thực tập LUMI\model_BaiToan\Deepleaning\data\dataset\raw\clear\01a0b343-e798-70e0-8849-7089effaff9c_nvr-llWGaUl9M9E771xokkJUiNr5fMyJBigI_1789713967381_img_face12.jpg
2--Demonstration_2_Demonstration_Protesters_2_37.jpg_b69061.jpg,train,clear,88,88,1.0,True,medium,wider_2--Demonstration_2_Demonstration_Protesters_2_37.jpg,C:\Thực tập LUMI\model_BaiToan\Deepleaning\data\dataset\raw\clear\2--Demonstration_2_Demonstration_Protesters_2_37.jpg_b69061.jpg
29--Students_Schoolkids_29_Students_Schoolkids_Students_Schoolkids_29_251.jpg_b23929.jpg,train,clear,80,80,1.0,True,medium,wider_29--Students_Schoolkids_29_Students_Schoolkids_Students_Schoolkids_29_251.jpg,C:\Thực tập LUMI\model_BaiToan\Deepleaning\data\dataset\raw\clear\29--Students_Schoolkids_29_Students_Schoolkids_Students_Schoolkids_29_251.jpg_b23929.jpg
29--Students_Schoolkids_29_Students_Schoolkids_Students_Schoolkids_29_251.jpg_b23932.jpg,train,clear,71,71,1.0,True,small,wider_29--Students_Schoolkids_29_Students_Schoolkids_Students_Schoolkids_29_251.jpg,C:\Thực tập LUMI\model_BaiToan\Deepleaning\data\dataset\raw\clear\29--Students_Schoolkids_29_Students_Schoolkids_Students_Schoolkids_29_251.jpg_b23932.jpg
01a0b34a-5808-7b63-99c0-6c8ded753022_nvr-llWGaUl9M9E771xokkJUiNr5fMyJBigI_1789714389745_img_face3.jpg,train,clear,80,80,1.0,True,medium,single_01a0b34a-5808-7b63-99c0-6c8ded753022_nvr-llWGaUl9M9E771xokkJUiNr5fMyJBigI_1789714389745_img_face3.jpg,C:\Thực tập LUMI\model_BaiToan\Deepleaning\data\dataset\raw\clear\01a0b34a-5808-7b63-99c0-6c8ded753022_nvr-llWGaUl9M9E771xokkJUiNr5fMyJBigI_1789714389745_img_face3.jpg
01a0b34b-3a98-7c50-8bd3-b4f0db6f7334_nvr-llWGaUl9M9E771xokkJUiNr5fMyJBigI_1789714447405_img_face5.jpg,train,clear,89,89,1.0,True,medium,single_01a0b34b-3a98-7c50-8bd3-b4f0db6f7334_nvr-llWGaUl9M9E771xokkJUiNr5fMyJBigI_1789714447405_img_face5.jpg,C:\Thực tập LUMI\model_BaiToan\Deepleaning\data\dataset\raw\clear\01a0b34b-3a98-7c50-8bd3-b4f0db6f7334_nvr-llWGaUl9M9E771xokkJUiNr5fMyJBigI_1789714447405_img_face5.jpg
18--Concerts_18_Concerts_Concerts_18_713.jpg_b44095.jpg,train,clear,102,102,1.0,True,medium,wider_18--Concerts_18_Concerts_Concerts_18_713.jpg,C:\Thực tập LUMI\model_BaiToan\Deepleaning\data\dataset\raw\clear\18--Concerts_18_Concerts_Concerts_18_713.jpg_b44095.jpg
18--Concerts_18_Concerts_Concerts_18_713.jpg_b44096.jpg,train,clear,106,106,1.0,True,medium,wider_18--Concerts_18_Concerts_Concerts_18_713.jpg,C:\Thực tập LUMI\model_BaiToan\Deepleaning\data\dataset\raw\clear\18--Concerts_18_Concerts_Concerts_18_713.jpg_b44096.jpg
18--Concerts_18_Concerts_Concerts_18_713.jpg_b44091.jpg,train,occluded,106,106,1.0,True,medium,wider_18--Concerts_18_Concerts_Concerts_18_713.jpg,C:\Thực tập LUMI\model_BaiToan\Deepleaning\data\dataset\raw\occluded\18--Concerts_18_Concerts_Concerts_18_713.jpg_b44091.jpg
01a0b348-0260-76d0-907d-12dfdef5de4d_nvr-llWGaUl9M9E771xokkJUiNr5fMyJBigI_1789714236439_img_face3.jpg,train,clear,89,89,1.0,True,medium,single_01a0b348-0260-76d0-907d-12dfdef5de4d_nvr-llWGaUl9M9E771xokkJUiNr5fMyJBigI_1789714236439_img_face3.jpg,C:\Thực tập LUMI\model_BaiToan\Deepleaning\data\dataset\raw\clear\01a0b348-0260-76d0-907d-12dfdef5de4d_nvr-llWGaUl9M9E771xokkJUiNr5fMyJBigI_1789714236439_img_face3.jpg
0--Parade_0_Parade_marchingband_1_601.jpg_b11450.jpg,train,clear,77,77,1.0,True,medium,wider_0--Parade_0_Parade_marchingband_1_601.jpg,C:\Thực tập LUMI\model_BaiToan\Deepleaning\data\dataset\raw\clear\0--Parade_0_Parade_marchingband_1_601.jpg_b11450.jpg
44--Aerobics_44_Aerobics_Aerobics_44_541.jpg_b124283.jpg,train,clear,95,95,1.0,True,medium,wider_44--Aerobics_44_Aerobics_Aerobics_44_541.jpg,C:\Thực tập LUMI\model_BaiToan\Deepleaning\data\dataset\raw\clear\44--Aerobics_44_Aerobics_Aerobics_44_541.jpg_b124283.jpg
01a0b3da-d068-7470-a10e-3d5aafaced94_nvr-llWGaUl9M9E771xokkJUiNr5fMyJBigI_1789723857897_img_face1.jpg,train,clear,82,82,1.0,True,medium,single_01a0b3da-d068-7470-a10e-3d5aafaced94_nvr-llWGaUl9M9E771xokkJUiNr5fMyJBigI_1789723857897_img_face1.jpg,C:\Thực tập LUMI\model_BaiToan\Deepleaning\data\dataset\raw\clear\01a0b3da-d068-7470-a10e-3d5aafaced94_nvr-llWGaUl9M9E771xokkJUiNr5fMyJBigI_1789723857897_img_face1.jpg
13--Interview_13_Interview_Interview_Sequences_13_875.jpg_b36501.jpg,train,clear,86,86,1.0,True,medium,wider_13--Interview_13_Interview_Interview_Sequences_13_875.jpg,C:\Thực tập LUMI\model_BaiToan\Deepleaning\data\dataset\raw\clear\13--Interview_13_Interview_Interview_Sequences_13_875.jpg_b36501.jpg
21--Festival_21_Festival_Festival_21_776.jpg_b87757.jpg,train,clear,79,79,1.0,True,medium,wider_21--Festival_21_Festival_Festival_21_776.jpg,C:\Thực tập LUMI\model_BaiToan\Deepleaning\data\dataset\raw\clear\21--Festival_21_Festival_Festival_21_776.jpg_b87757.jpg
13--Interview_13_Interview_Interview_Sequences_13_316.jpg_b37010.jpg,train,clear,80,80,1.0,True,medium,wider_13--Interview_13_Interview_Interview_Sequences_13_316.jpg,C:\Thực tập LUMI\model_BaiToan\Deepleaning\data\dataset\raw\clear\13--Interview_13_Interview_Interview_Sequences_13_316.jpg_b37010.jpg
01a0b34a-f448-7c30-8d1b-4b0392614c63_nvr-llWGaUl9M9E771xokkJUiNr5fMyJBigI_1789714429314_img_face2.jpg,train,clear,90,90,1.0,True,medium,single_01a0b34a-f448-7c30-8d1b-4b0392614c63_nvr-llWGaUl9M9E771xokkJUiNr5fMyJBigI_1789714429314_img_face2.jpg,C:\Thực tập LUMI\model_BaiToan\Deepleaning\data\dataset\raw\clear\01a0b34a-f448-7c30-8d1b-4b0392614c63_nvr-llWGaUl9M9E771xokkJUiNr5fMyJBigI_1789714429314_img_face2.jpg
39--Ice_Skating_39_Ice_Skating_Ice_Skating_39_761.jpg_b117105.jpg,train,clear,96,96,1.0,True,medium,wider_39--Ice_Skating_39_Ice_Skating_Ice_Skating_39_761.jpg,C:\Thực tập LUMI\model_BaiToan\Deepleaning\data\dataset\raw\clear\39--Ice_Skating_39_Ice_Skating_Ice_Skating_39_761.jpg_b117105.jpg
39--Ice_Skating_39_Ice_Skating_Ice_Skating_39_761.jpg_b117106.jpg,train,occluded,90,90,1.0,True,medium,wider_39--Ice_Skating_39_Ice_Skating_Ice_Skating_39_761.jpg,C:\Thực tập LUMI\model_BaiToan\Deepleaning\data\dataset\raw\occluded\39--Ice_Skating_39_Ice_Skating_Ice_Skating_39_761.jpg_b117106.jpg
17--Ceremony_17_Ceremony_Ceremony_17_490.jpg_b10781.jpg,train,clear,75,75,1.0,True,medium,wider_17--Ceremony_17_Ceremony_Ceremony_17_490.jpg,C:\Thực tập LUMI\model_BaiToan\Deepleaning\data\dataset\raw\clear\17--Ceremony_17_Ceremony_Ceremony_17_490.jpg_b10781.jpg
2--Demonstration_2_Demonstration_Political_Rally_2_816.jpg_b20003.jpg,train,clear,107,107,1.0,True,medium,wider_2--Demonstration_2_Demonstration_Political_Rally_2_816.jpg,C:\Thực tập LUMI\model_BaiToan\Deepleaning\data\dataset\raw\clear\2--Demonstration_2_Demonstration_Political_Rally_2_816.jpg_b20003.jpg
01a0b345-a4e8-77f3-9935-f0eeb199533f_nvr-llWGaUl9M9E771xokkJUiNr5fMyJBigI_1789714081305_img_face7.jpg,train,clear,84,84,1.0,True,medium,single_01a0b345-a4e8-77f3-9935-f0eeb199533f_nvr-llWGaUl9M9E771xokkJUiNr5fMyJBigI_1789714081305_img_face7.jpg,C:\Thực tập LUMI\model_BaiToan\Deepleaning\data\dataset\raw\clear\01a0b345-a4e8-77f3-9935-f0eeb199533f_nvr-llWGaUl9M9E771xokkJUiNr5fMyJBigI_1789714081305_img_face7.jpg
40--Gymnastics_40_Gymnastics_Gymnastics_40_835.jpg_b120067.jpg,train,clear,90,90,1.0,True,medium,wider_40--Gymnastics_40_Gymnastics_Gymnastics_40_835.jpg,C:\Thực tập LUMI\model_BaiToan\Deepleaning\data\dataset\raw\clear\40--Gymnastics_40_Gymnastics_Gymnastics_40_835.jpg_b120067.jpg
20--Family_Group_20_Family_Group_Family_Group_20_266.jpg_b82115.jpg,train,clear,82,82,1.0,True,medium,wider_20--Family_Group_20_Family_Group_Family_Group_20_266.jpg,C:\Thực tập LUMI\model_BaiToan\Deepleaning\data\dataset\raw\clear\20--Family_Group_20_Family_Group_Family_Group_20_266.jpg_b82115.jpg
01a0b3fb-1df0-70d2-89a5-2f3dbe14b142_nvr-llWGaUl9M9E771xokkJUiNr5fMyJBigI_1789725974774_img_face1.jpg,train,clear,85,85,1.0,True,medium,single_01a0b3fb-1df0-70d2-89a5-2f3dbe14b142_nvr-llWGaUl9M9E771xokkJUiNr5fMyJBigI_1789725974774_img_face1.jpg,C:\Thực tập LUMI\model_BaiToan\Deepleaning\data\dataset\raw\clear\01a0b3fb-1df0-70d2-89a5-2f3dbe14b142_nvr-llWGaUl9M9E771xokkJUiNr5fMyJBigI_1789725974774_img_face1.jpg
01a0b343-c858-7d80-9185-864b40f23be6_nvr-llWGaUl9M9E771xokkJUiNr5fMyJBigI_1789713959357_img_face5.jpg,train,clear,75,75,1.0,True,medium,single_01a0b343-c858-7d80-9185-864b40f23be6_nvr-llWGaUl9M9E771xokkJUiNr5fMyJBigI_1789713959357_img_face5.jpg,C:\Thực tập LUMI\model_BaiToan\Deepleaning\data\dataset\raw\clear\01a0b343-c858-7d80-9185-864b40f23be6_nvr-llWGaUl9M9E771xokkJUiNr5fMyJBigI_1789713959357_img_face5.jpg
0--Parade_0_Parade_Parade_0_552.jpg_b9873.jpg,train,clear,88,88,1.0,True,medium,wider_0--Parade_0_Parade_Parade_0_552.jpg,C:\Thực tập LUMI\model_BaiToan\Deepleaning\data\dataset\raw\clear\0--Parade_0_Parade_Parade_0_552.jpg_b9873.jpg
01a0b348-9ab8-73e3-9797-86234c0f24be_nvr-llWGaUl9M9E771xokkJUiNr5fMyJBigI_1789714275642_img_face5.jpg,train,clear,105,105,1.0,True,medium,single_01a0b348-9ab8-73e3-9797-86234c0f24be_nvr-llWGaUl9M9E771xokkJUiNr5fMyJBigI_1789714275642_img_face5.jpg,C:\Thực tập LUMI\model_BaiToan\Deepleaning\data\dataset\raw\clear\01a0b348-9ab8-73e3-9797-86234c0f24be_nvr-llWGaUl9M9E771xokkJUiNr5fMyJBigI_1789714275642_img_face5.jpg
01a0b34a-f448-7c30-8d1b-4b0392614c63_nvr-llWGaUl9M9E771xokkJUiNr5fMyJBigI_1789714429314_img_face4.jpg,train,clear,83,83,1.0,True,medium,single_01a0b34a-f448-7c30-8d1b-4b0392614c63_nvr-llWGaUl9M9E771xokkJUiNr5fMyJBigI_1789714429314_img_face4.jpg,C:\Thực tập LUMI\model_BaiToan\Deepleaning\data\dataset\raw\clear\01a0b34a-f448-7c30-8d1b-4b0392614c63_nvr-llWGaUl9M9E771xokkJUiNr5fMyJBigI_1789714429314_img_face4.jpg
01a0b357-a648-7790-b6b4-aab8bb71a4e4_nvr-llWGaUl9M9E771xokkJUiNr5fMyJBigI_1789715260953_img_face1.jpg,train,clear,104,104,1.0,True,medium,single_01a0b357-a648-7790-b6b4-aab8bb71a4e4_nvr-llWGaUl9M9E771xokkJUiNr5fMyJBigI_1789715260953_img_face1.jpg,C:\Thực tập LUMI\model_BaiToan\Deepleaning\data\dataset\raw\clear\01a0b357-a648-7790-b6b4-aab8bb71a4e4_nvr-llWGaUl9M9E771xokkJUiNr5fMyJBigI_1789715260953_img_face1.jpg
59--people--driving--car_59_peopledrivingcar_peopledrivingcar_59_438.jpg_b144218.jpg,train,clear,96,96,1.0,True,medium,wider_59--people--driving--car_59_peopledrivingcar_peopledrivingcar_59_438.jpg,C:\Thực tập LUMI\model_BaiToan\Deepleaning\data\dataset\raw\clear\59--people--driving--car_59_peopledrivingcar_peopledrivingcar_59_438.jpg_b144218.jpg
01a0b3c0-33e8-7781-8718-38f004082485_nvr-llWGaUl9M9E771xokkJUiNr5fMyJBigI_1789722113892_img_face1.jpg,train,clear,81,81,1.0,True,medium,single_01a0b3c0-33e8-7781-8718-38f004082485_nvr-llWGaUl9M9E771xokkJUiNr5fMyJBigI_1789722113892_img_face1.jpg,C:\Thực tập LUMI\model_BaiToan\Deepleaning\data\dataset\raw\clear\01a0b3c0-33e8-7781-8718-38f004082485_nvr-llWGaUl9M9E771xokkJUiNr5fMyJBigI_1789722113892_img_face1.jpg
01a0b346-b658-70d1-b298-65546a3b7877_nvr-llWGaUl9M9E771xokkJUiNr5fMyJBigI_1789714151605_img_face3.jpg,train,clear,108,108,1.0,True,medium,single_01a0b346-b658-70d1-b298-65546a3b7877_nvr-llWGaUl9M9E771xokkJUiNr5fMyJBigI_1789714151605_img_face3.jpg,C:\Thực tập LUMI\model_BaiToan\Deepleaning\data\dataset\raw\clear\01a0b346-b658-70d1-b298-65546a3b7877_nvr-llWGaUl9M9E771xokkJUiNr5fMyJBigI_1789714151605_img_face3.jpg
12--Group_12_Group_Group_12_Group_Group_12_711.jpg_b25111.jpg,train,clear,79,79,1.0,True,medium,wider_12--Group_12_Group_Group_12_Group_Group_12_711.jpg,C:\Thực tập LUMI\model_BaiToan\Deepleaning\data\dataset\raw\clear\12--Group_12_Group_Group_12_Group_Group_12_711.jpg_b25111.jpg
43--Row_Boat_43_Row_Boat_Rowboat_43_875.jpg_b122848.jpg,train,clear,90,90,1.0,True,medium,wider_43--Row_Boat_43_Row_Boat_Rowboat_43_875.jpg,C:\Thực tập LUMI\model_BaiToan\Deepleaning\data\dataset\raw\clear\43--Row_Boat_43_Row_Boat_Rowboat_43_875.jpg_b122848.jpg
45--Balloonist_45_Balloonist_Balloonist_45_273.jpg_b31973.jpg,train,clear,86,86,1.0,True,medium,wider_45--Balloonist_45_Balloonist_Balloonist_45_273.jpg,C:\Thực tập LUMI\model_BaiToan\Deepleaning\data\dataset\raw\clear\45--Balloonist_45_Balloonist_Balloonist_45_273.jpg_b31973.jpg
28--Sports_Fan_28_Sports_Fan_Sports_Fan_28_733.jpg_b93765.jpg,train,clear,93,93,1.0,True,medium,wider_28--Sports_Fan_28_Sports_Fan_Sports_Fan_28_733.jpg,C:\Thực tập LUMI\model_BaiToan\Deepleaning\data\dataset\raw\clear\28--Sports_Fan_28_Sports_Fan_Sports_Fan_28_733.jpg_b93765.jpg
28--Sports_Fan_28_Sports_Fan_Sports_Fan_28_733.jpg_b93764.jpg,train,occluded,123,123,1.0,True,large,wider_28--Sports_Fan_28_Sports_Fan_Sports_Fan_28_733.jpg,C:\Thực tập LUMI\model_BaiToan\Deepleaning\data\dataset\raw\occluded\28--Sports_Fan_28_Sports_Fan_Sports_Fan_28_733.jpg_b93764.jpg
01a0b95a-f8b0-7d91-b4b8-d131a22275c3_nvr-llWGaUl9M9E771xokkJUiNr5fMyJBigI_1789816142585_img_face.jpg,train,clear,102,102,1.0,True,medium,single_01a0b95a-f8b0-7d91-b4b8-d131a22275c3_nvr-llWGaUl9M9E771xokkJUiNr5fMyJBigI_1789816142585_img_face.jpg,C:\Thực tập LUMI\model_BaiToan\Deepleaning\data\dataset\raw\clear\01a0b95a-f8b0-7d91-b4b8-d131a22275c3_nvr-llWGaUl9M9E771xokkJUiNr5fMyJBigI_1789816142585_img_face.jpg
01a0b346-5c80-7783-9ab4-017cbb39ee7d_nvr-llWGaUl9M9E771xokkJUiNr5fMyJBigI_1789714128542_img_face5.jpg,train,clear,108,108,1.0,True,medium,single_01a0b346-5c80-7783-9ab4-017cbb39ee7d_nvr-llWGaUl9M9E771xokkJUiNr5fMyJBigI_1789714128542_img_face5.jpg,C:\Thực tập LUMI\model_BaiToan\Deepleaning\data\dataset\raw\clear\01a0b346-5c80-7783-9ab4-017cbb39ee7d_nvr-llWGaUl9M9E771xokkJUiNr5fMyJBigI_1789714128542_img_face5.jpg
01a0b349-b3f8-7ec0-b933-61be5285aec6_nvr-llWGaUl9M9E771xokkJUiNr5fMyJBigI_1789714347648_img_face6.jpg,train,clear,77,77,1.0,True,medium,single_01a0b349-b3f8-7ec0-b933-61be5285aec6_nvr-llWGaUl9M9E771xokkJUiNr5fMyJBigI_1789714347648_img_face6.jpg,C:\Thực tập LUMI\model_BaiToan\Deepleaning\data\dataset\raw\clear\01a0b349-b3f8-7ec0-b933-61be5285aec6_nvr-llWGaUl9M9E771xokkJUiNr5fMyJBigI_1789714347648_img_face6.jpg
20--Family_Group_20_Family_Group_Family_Group_20_135.jpg_b82042.jpg,train,clear,82,82,1.0,True,medium,wider_20--Family_Group_20_Family_Group_Family_Group_20_135.jpg,C:\Thực tập LUMI\model_BaiToan\Deepleaning\data\dataset\raw\clear\20--Family_Group_20_Family_Group_Family_Group_20_135.jpg_b82042.jpg
27--Spa_27_Spa_Spa_27_168.jpg_b23234.jpg,train,clear,75,75,1.0,True,medium,wider_27--Spa_27_Spa_Spa_27_168.jpg,C:\Thực tập LUMI\model_BaiToan\Deepleaning\data\dataset\raw\clear\27--Spa_27_Spa_Spa_27_168.jpg_b23234.jpg
01a0b34a-f830-70f0-a0d5-35a178238867_nvr-llWGaUl9M9E771xokkJUiNr5fMyJBigI_1789714430450_img_face4.jpg,train,clear,90,90,1.0,True,medium,single_01a0b34a-f830-70f0-a0d5-35a178238867_nvr-llWGaUl9M9E771xokkJUiNr5fMyJBigI_1789714430450_img_face4.jpg,C:\Thực tập LUMI\model_BaiToan\Deepleaning\data\dataset\raw\clear\01a0b34a-f830-70f0-a0d5-35a178238867_nvr-llWGaUl9M9E771xokkJUiNr5fMyJBigI_1789714430450_img_face4.jpg
50--Celebration_Or_Party_50_Celebration_Or_Party_houseparty_50_323.jpg_b33946.jpg,train,clear,98,98,1.0,True,medium,wider_50--Celebration_Or_Party_50_Celebration_Or_Party_houseparty_50_323.jpg,C:\Thực tập LUMI\model_BaiToan\Deepleaning\data\dataset\raw\clear\50--Celebration_Or_Party_50_Celebration_Or_Party_houseparty_50_323.jpg_b33946.jpg
2--Demonstration_2_Demonstration_Demonstrators_2_517.jpg_b15065.jpg,train,clear,93,93,1.0,True,medium,wider_2--Demonstration_2_Demonstration_Demonstrators_2_517.jpg,C:\Thực tập LUMI\model_BaiToan\Deepleaning\data\dataset\raw\clear\2--Demonstration_2_Demonstration_Demonstrators_2_517.jpg_b15065.jpg
2--Demonstration_2_Demonstration_Protesters_2_42.jpg_b72173.jpg,train,clear,83,83,1.0,True,medium,wider_2--Demonstration_2_Demonstration_Protesters_2_42.jpg,C:\Thực tập LUMI\model_BaiToan\Deepleaning\data\dataset\raw\clear\2--Demonstration_2_Demonstration_Protesters_2_42.jpg_b72173.jpg
12--Group_12_Group_Group_12_Group_Group_12_261.jpg_b34111.jpg,train,clear,82,82,1.0,True,medium,wider_12--Group_12_Group_Group_12_Group_Group_12_261.jpg,C:\Thực tập LUMI\model_BaiToan\Deepleaning\data\dataset\raw\clear\12--Group_12_Group_Group_12_Group_Group_12_261.jpg_b34111.jpg
49--Greeting_49_Greeting_peoplegreeting_49_848.jpg_b131207.jpg,train,clear,98,98,1.0,True,medium,wider_49--Greeting_49_Greeting_peoplegreeting_49_848.jpg,C:\Thực tập LUMI\model_BaiToan\Deepleaning\data\dataset\raw\clear\49--Greeting_49_Greeting_peoplegreeting_49_848.jpg_b131207.jpg
40--Gymnastics_40_Gymnastics_Gymnastics_40_757.jpg_b120862.jpg,train,clear,102,102,1.0,True,medium,wider_40--Gymnastics_40_Gymnastics_Gymnastics_40_757.jpg,C:\Thực tập LUMI\model_BaiToan\Deepleaning\data\dataset\raw\clear\40--Gymnastics_40_Gymnastics_Gymnastics_40_757.jpg_b120862.jpg
4--Dancing_4_Dancing_Dancing_4_240.jpg_b30750.jpg,train,clear,79,79,1.0,True,medium,wider_4--Dancing_4_Dancing_Dancing_4_240.jpg,C:\Thực tập LUMI\model_BaiToan\Deepleaning\data\dataset\raw\clear\4--Dancing_4_Dancing_Dancing_4_240.jpg_b30750.jpg
7--Cheering_7_Cheering_Cheering_7_209.jpg_b37643.jpg,train,clear,104,104,1.0,True,medium,wider_7--Cheering_7_Cheering_Cheering_7_209.jpg,C:\Thực tập LUMI\model_BaiToan\Deepleaning\data\dataset\raw\clear\7--Cheering_7_Cheering_Cheering_7_209.jpg_b37643.jpg
01a0b34a-f830-70f0-a0d5-35a178238867_nvr-llWGaUl9M9E771xokkJUiNr5fMyJBigI_1789714430450_img_face2.jpg,train,clear,81,81,1.0,True,medium,single_01a0b34a-f830-70f0-a0d5-35a178238867_nvr-llWGaUl9M9E771xokkJUiNr5fMyJBigI_1789714430450_img_face2.jpg,C:\Thực tập LUMI\model_BaiToan\Deepleaning\data\dataset\raw\clear\01a0b34a-f830-70f0-a0d5-35a178238867_nvr-llWGaUl9M9E771xokkJUiNr5fMyJBigI_1789714430450_img_face2.jpg
01a0b95e-6f68-7fe0-a6d0-373fe1b4d455_nvr-llWGaUl9M9E771xokkJUiNr5fMyJBigI_1789816369112_img_face.jpg,train,clear,102,102,1.0,True,medium,single_01a0b95e-6f68-7fe0-a6d0-373fe1b4d455_nvr-llWGaUl9M9E771xokkJUiNr5fMyJBigI_1789816369112_img_face.jpg,C:\Thực tập LUMI\model_BaiToan\Deepleaning\data\dataset\raw\clear\01a0b95e-6f68-7fe0-a6d0-373fe1b4d455_nvr-llWGaUl9M9E771xokkJUiNr5fMyJBigI_1789816369112_img_face.jpg
10--People_Marching_10_People_Marching_People_Marching_2_841.jpg_b22002.jpg,train,clear,102,102,1.0,True,medium,wider_10--People_Marching_10_People_Marching_People_Marching_2_841.jpg,C:\Thực tập LUMI\model_BaiToan\Deepleaning\data\dataset\raw\clear\10--People_Marching_10_People_Marching_People_Marching_2_841.jpg_b22002.jpg
9--Press_Conference_9_Press_Conference_Press_Conference_9_45.jpg_b39097.jpg,train,clear,77,77,1.0,True,medium,wider_9--Press_Conference_9_Press_Conference_Press_Conference_9_45.jpg,C:\Thực tập LUMI\model_BaiToan\Deepleaning\data\dataset\raw\clear\9--Press_Conference_9_Press_Conference_Press_Conference_9_45.jpg_b39097.jpg
34--Baseball_34_Baseball_Baseball_34_422.jpg_b100598.jpg,train,clear,78,78,1.0,True,medium,wider_34--Baseball_34_Baseball_Baseball_34_422.jpg,C:\Thực tập LUMI\model_BaiToan\Deepleaning\data\dataset\raw\clear\34--Baseball_34_Baseball_Baseball_34_422.jpg_b100598.jpg
15--Stock_Market_15_Stock_Market_Stock_Market_15_1034.jpg_b38836.jpg,train,clear,79,79,1.0,True,medium,wider_15--Stock_Market_15_Stock_Market_Stock_Market_15_1034.jpg,C:\Thực tập LUMI\model_BaiToan\Deepleaning\data\dataset\raw\clear\15--Stock_Market_15_Stock_Market_Stock_Market_15_1034.jpg_b38836.jpg
10--People_Marching_10_People_Marching_People_Marching_2_822.jpg_b4104.jpg,train,clear,101,101,1.0,True,medium,wider_10--People_Marching_10_People_Marching_People_Marching_2_822.jpg,C:\Thực tập LUMI\model_BaiToan\Deepleaning\data\dataset\raw\clear\10--People_Marching_10_People_Marching_People_Marching_2_822.jpg_b4104.jpg
37--Soccer_37_Soccer_soccer_ball_37_698.jpg_b29845.jpg,train,clear,104,104,1.0,True,medium,wider_37--Soccer_37_Soccer_soccer_ball_37_698.jpg,C:\Thực tập LUMI\model_BaiToan\Deepleaning\data\dataset\raw\clear\37--Soccer_37_Soccer_soccer_ball_37_698.jpg_b29845.jpg
41--Swimming_41_Swimming_Swimmer_41_503.jpg_b121283.jpg,train,clear,108,108,1.0,True,medium,wider_41--Swimming_41_Swimming_Swimmer_41_503.jpg,C:\Thực tập LUMI\model_BaiToan\Deepleaning\data\dataset\raw\clear\41--Swimming_41_Swimming_Swimmer_41_503.jpg_b121283.jpg
01a0b34a-5808-7b63-99c0-6c8ded753022_nvr-llWGaUl9M9E771xokkJUiNr5fMyJBigI_1789714389745_img_face2.jpg,train,clear,91,91,1.0,True,medium,single_01a0b34a-5808-7b63-99c0-6c8ded753022_nvr-llWGaUl9M9E771xokkJUiNr5fMyJBigI_1789714389745_img_face2.jpg,C:\Thực tập LUMI\model_BaiToan\Deepleaning\data\dataset\raw\clear\01a0b34a-5808-7b63-99c0-6c8ded753022_nvr-llWGaUl9M9E771xokkJUiNr5fMyJBigI_1789714389745_img_face2.jpg
52--Photographers_52_Photographers_photographertakingphoto_52_745.jpg_b135398.jpg,train,clear,97,97,1.0,True,medium,wider_52--Photographers_52_Photographers_photographertakingphoto_52_745.jpg,C:\Thực tập LUMI\model_BaiToan\Deepleaning\data\dataset\raw\clear\52--Photographers_52_Photographers_photographertakingphoto_52_745.jpg_b135398.jpg
13--Interview_13_Interview_Interview_On_Location_13_765.jpg_b36069.jpg,train,clear,78,78,1.0,True,medium,wider_13--Interview_13_Interview_Interview_On_Location_13_765.jpg,C:\Thực tập LUMI\model_BaiToan\Deepleaning\data\dataset\raw\clear\13--Interview_13_Interview_Interview_On_Location_13_765.jpg_b36069.jpg
61--Street_Battle_61_Street_Battle_streetfight_61_941.jpg_b147069.jpg,train,clear,106,106,1.0,True,medium,wider_61--Street_Battle_61_Street_Battle_streetfight_61_941.jpg,C:\Thực tập LUMI\model_BaiToan\Deepleaning\data\dataset\raw\clear\61--Street_Battle_61_Street_Battle_streetfight_61_941.jpg_b147069.jpg
18--Concerts_18_Concerts_Concerts_18_1038.jpg_b11080.jpg,train,clear,102,102,1.0,True,medium,wider_18--Concerts_18_Concerts_Concerts_18_1038.jpg,C:\Thực tập LUMI\model_BaiToan\Deepleaning\data\dataset\raw\clear\18--Concerts_18_Concerts_Concerts_18_1038.jpg_b11080.jpg
18--Concerts_18_Concerts_Concerts_18_1038.jpg_b11081.jpg,train,clear,88,88,1.0,True,medium,wider_18--Concerts_18_Concerts_Concerts_18_1038.jpg,C:\Thực tập LUMI\model_BaiToan\Deepleaning\data\dataset\raw\clear\18--Concerts_18_Concerts_Concerts_18_1038.jpg_b11081.jpg
01a0b34a-f448-7c30-8d1b-4b0392614c63_nvr-llWGaUl9M9E771xokkJUiNr5fMyJBigI_1789714429314_img_face11.jpg,train,clear,89,89,1.0,True,medium,single_01a0b34a-f448-7c30-8d1b-4b0392614c63_nvr-llWGaUl9M9E771xokkJUiNr5fMyJBigI_1789714429314_img_face11.jpg,C:\Thực tập LUMI\model_BaiToan\Deepleaning\data\dataset\raw\clear\01a0b34a-f448-7c30-8d1b-4b0392614c63_nvr-llWGaUl9M9E771xokkJUiNr5fMyJBigI_1789714429314_img_face11.jpg
01a0b348-6bd8-7f81-9057-fdefcf8bbfa9_nvr-llWGaUl9M9E771xokkJUiNr5fMyJBigI_1789714263300_img_face14.jpg,train,clear,102,102,1.0,True,medium,single_01a0b348-6bd8-7f81-9057-fdefcf8bbfa9_nvr-llWGaUl9M9E771xokkJUiNr5fMyJBigI_1789714263300_img_face14.jpg,C:\Thực tập LUMI\model_BaiToan\Deepleaning\data\dataset\raw\clear\01a0b348-6bd8-7f81-9057-fdefcf8bbfa9_nvr-llWGaUl9M9E771xokkJUiNr5fMyJBigI_1789714263300_img_face14.jpg
35--Basketball_35_Basketball_basketballgame_ball_35_276.jpg_b26784.jpg,train,clear,81,81,1.0,True,medium,wider_35--Basketball_35_Basketball_basketballgame_ball_35_276.jpg,C:\Thực tập LUMI\model_BaiToan\Deepleaning\data\dataset\raw\clear\35--Basketball_35_Basketball_basketballgame_ball_35_276.jpg_b26784.jpg
10--People_Marching_10_People_Marching_People_Marching_2_164.jpg_b21893.jpg,train,clear,86,86,1.0,True,medium,wider_10--People_Marching_10_People_Marching_People_Marching_2_164.jpg,C:\Thực tập LUMI\model_BaiToan\Deepleaning\data\dataset\raw\clear\10--People_Marching_10_People_Marching_People_Marching_2_164.jpg_b21893.jpg
56--Voter_56_Voter_peoplevoting_56_235.jpg_b141048.jpg,train,clear,88,88,1.0,True,medium,wider_56--Voter_56_Voter_peoplevoting_56_235.jpg,C:\Thực tập LUMI\model_BaiToan\Deepleaning\data\dataset\raw\clear\56--Voter_56_Voter_peoplevoting_56_235.jpg_b141048.jpg
56--Voter_56_Voter_peoplevoting_56_235.jpg_b141049.jpg,train,clear,80,80,1.0,True,medium,wider_56--Voter_56_Voter_peoplevoting_56_235.jpg,C:\Thực tập LUMI\model_BaiToan\Deepleaning\data\dataset\raw\clear\56--Voter_56_Voter_peoplevoting_56_235.jpg_b141049.jpg
15--Stock_Market_15_Stock_Market_Stock_Market_15_1002.jpg_b39127.jpg,train,clear,91,91,1.0,True,medium,wider_15--Stock_Market_15_Stock_Market_Stock_Market_15_1002.jpg,C:\Thực tập LUMI\model_BaiToan\Deepleaning\data\dataset\raw\clear\15--Stock_Market_15_Stock_Market_Stock_Market_15_1002.jpg_b39127.jpg
12--Group_12_Group_Group_12_Group_Group_12_368.jpg_b26634.jpg,train,clear,80,80,1.0,True,medium,wider_12--Group_12_Group_Group_12_Group_Group_12_368.jpg,C:\Thực tập LUMI\model_BaiToan\Deepleaning\data\dataset\raw\clear\12--Group_12_Group_Group_12_Group_Group_12_368.jpg_b26634.jpg
15--Stock_Market_15_Stock_Market_Stock_Market_15_380.jpg_b38952.jpg,train,clear,81,81,1.0,True,medium,wider_15--Stock_Market_15_Stock_Market_Stock_Market_15_380.jpg,C:\Thực tập LUMI\model_BaiToan\Deepleaning\data\dataset\raw\clear\15--Stock_Market_15_Stock_Market_Stock_Market_15_380.jpg_b38952.jpg
51--Dresses_51_Dresses_wearingdress_51_509.jpg_b134528.jpg,train,clear,106,106,1.0,True,medium,wider_51--Dresses_51_Dresses_wearingdress_51_509.jpg,C:\Thực tập LUMI\model_BaiToan\Deepleaning\data\dataset\raw\clear\51--Dresses_51_Dresses_wearingdress_51_509.jpg_b134528.jpg
11--Meeting_11_Meeting_Meeting_11_Meeting_Meeting_11_529.jpg_b6235.jpg,train,clear,95,95,1.0,True,medium,wider_11--Meeting_11_Meeting_Meeting_11_Meeting_Meeting_11_529.jpg,C:\Thực tập LUMI\model_BaiToan\Deepleaning\data\dataset\raw\clear\11--Meeting_11_Meeting_Meeting_11_Meeting_Meeting_11_529.jpg_b6235.jpg
11--Meeting_11_Meeting_Meeting_11_Meeting_Meeting_11_529.jpg_b6240.jpg,train,clear,88,88,1.0,True,medium,wider_11--Meeting_11_Meeting_Meeting_11_Meeting_Meeting_11_529.jpg,C:\Thực tập LUMI\model_BaiToan\Deepleaning\data\dataset\raw\clear\11--Meeting_11_Meeting_Meeting_11_Meeting_Meeting_11_529.jpg_b6240.jpg
11--Meeting_11_Meeting_Meeting_11_Meeting_Meeting_11_529.jpg_b6244.jpg,train,occluded,64,64,1.0,True,small,wider_11--Meeting_11_Meeting_Meeting_11_Meeting_Meeting_11_529.jpg,C:\Thực tập LUMI\model_BaiToan\Deepleaning\data\dataset\raw\occluded\11--Meeting_11_Meeting_Meeting_11_Meeting_Meeting_11_529.jpg_b6244.jpg
25--Soldier_Patrol_25_Soldier_Patrol_Soldier_Patrol_25_469.jpg_b22738.jpg,train,clear,98,98,1.0,True,medium,wider_25--Soldier_Patrol_25_Soldier_Patrol_Soldier_Patrol_25_469.jpg,C:\Thực tập LUMI\model_BaiToan\Deepleaning\data\dataset\raw\clear\25--Soldier_Patrol_25_Soldier_Patrol_Soldier_Patrol_25_469.jpg_b22738.jpg
10--People_Marching_10_People_Marching_People_Marching_2_512.jpg_b19669.jpg,train,clear,76,76,1.0,True,medium,wider_10--People_Marching_10_People_Marching_People_Marching_2_512.jpg,C:\Thực tập LUMI\model_BaiToan\Deepleaning\data\dataset\raw\clear\10--People_Marching_10_People_Marching_People_Marching_2_512.jpg_b19669.jpg
10--People_Marching_10_People_Marching_People_Marching_2_512.jpg_b19671.jpg,train,clear,72,72,1.0,True,small,wider_10--People_Marching_10_People_Marching_People_Marching_2_512.jpg,C:\Thực tập LUMI\model_BaiToan\Deepleaning\data\dataset\raw\clear\10--People_Marching_10_People_Marching_People_Marching_2_512.jpg_b19671.jpg
8--Election_Campain_8_Election_Campain_Election_Campaign_8_482.jpg_b154799.jpg,train,clear,82,82,1.0,True,medium,wider_8--Election_Campain_8_Election_Campain_Election_Campaign_8_482.jpg,C:\Thực tập LUMI\model_BaiToan\Deepleaning\data\dataset\raw\clear\8--Election_Campain_8_Election_Campain_Election_Campaign_8_482.jpg_b154799.jpg
01a0b348-19d0-7cb0-9c11-1627d0471840_nvr-llWGaUl9M9E771xokkJUiNr5fMyJBigI_1789714242053_img_face9.jpg,train,clear,107,107,1.0,True,medium,single_01a0b348-19d0-7cb0-9c11-1627d0471840_nvr-llWGaUl9M9E771xokkJUiNr5fMyJBigI_1789714242053_img_face9.jpg,C:\Thực tập LUMI\model_BaiToan\Deepleaning\data\dataset\raw\clear\01a0b348-19d0-7cb0-9c11-1627d0471840_nvr-llWGaUl9M9E771xokkJUiNr5fMyJBigI_1789714242053_img_face9.jpg
51--Dresses_51_Dresses_wearingdress_51_247.jpg_b134852.jpg,train,clear,79,79,1.0,True,medium,wider_51--Dresses_51_Dresses_wearingdress_51_247.jpg,C:\Thực tập LUMI\model_BaiToan\Deepleaning\data\dataset\raw\clear\51--Dresses_51_Dresses_wearingdress_51_247.jpg_b134852.jpg
11--Meeting_11_Meeting_Meeting_11_Meeting_Meeting_11_925.jpg_b23566.jpg,train,clear,94,94,1.0,True,medium,wider_11--Meeting_11_Meeting_Meeting_11_Meeting_Meeting_11_925.jpg,C:\Thực tập LUMI\model_BaiToan\Deepleaning\data\dataset\raw\clear\11--Meeting_11_Meeting_Meeting_11_Meeting_Meeting_11_925.jpg_b23566.jpg
44--Aerobics_44_Aerobics_Aerobics_44_263.jpg_b123624.jpg,train,clear,90,90,1.0,True,medium,wider_44--Aerobics_44_Aerobics_Aerobics_44_263.jpg,C:\Thực tập LUMI\model_BaiToan\Deepleaning\data\dataset\raw\clear\44--Aerobics_44_Aerobics_Aerobics_44_263.jpg_b123624.jpg
12--Group_12_Group_Group_12_Group_Group_12_478.jpg_b8309.jpg,train,clear,96,96,1.0,True,medium,wider_12--Group_12_Group_Group_12_Group_Group_12_478.jpg,C:\Thực tập LUMI\model_BaiToan\Deepleaning\data\dataset\raw\clear\12--Group_12_Group_Group_12_Group_Group_12_478.jpg_b8309.jpg
51--Dresses_51_Dresses_wearingdress_51_445.jpg_b34315.jpg,train,clear,101,101,1.0,True,medium,wider_51--Dresses_51_Dresses_wearingdress_51_445.jpg,C:\Thực tập LUMI\model_BaiToan\Deepleaning\data\dataset\raw\clear\51--Dresses_51_Dresses_wearingdress_51_445.jpg_b34315.jpg
01a0b345-a4e8-77f3-9935-f0eeb199533f_nvr-llWGaUl9M9E771xokkJUiNr5fMyJBigI_1789714081305_img_face14.jpg,train,clear,76,76,1.0,True,medium,single_01a0b345-a4e8-77f3-9935-f0eeb199533f_nvr-llWGaUl9M9E771xokkJUiNr5fMyJBigI_1789714081305_img_face14.jpg,C:\Thực tập LUMI\model_BaiToan\Deepleaning\data\dataset\raw\clear\01a0b345-a4e8-77f3-9935-f0eeb199533f_nvr-llWGaUl9M9E771xokkJUiNr5fMyJBigI_1789714081305_img_face14.jpg
2--Demonstration_2_Demonstration_Demonstration_Or_Protest_2_367.jpg_b18005.jpg,train,clear,82,82,1.0,True,medium,wider_2--Demonstration_2_Demonstration_Demonstration_Or_Protest_2_367.jpg,C:\Thực tập LUMI\model_BaiToan\Deepleaning\data\dataset\raw\clear\2--Demonstration_2_Demonstration_Demonstration_Or_Protest_2_367.jpg_b18005.jpg
13--Interview_13_Interview_Interview_2_People_Visible_13_394.jpg_b37385.jpg,train,clear,108,108,1.0,True,medium,wider_13--Interview_13_Interview_Interview_2_People_Visible_13_394.jpg,C:\Thực tập LUMI\model_BaiToan\Deepleaning\data\dataset\raw\clear\13--Interview_13_Interview_Interview_2_People_Visible_13_394.jpg_b37385.jpg
01a0b34a-f448-7c30-8d1b-4b0392614c63_nvr-llWGaUl9M9E771xokkJUiNr5fMyJBigI_1789714429314_img_face3.jpg,train,clear,102,102,1.0,True,medium,single_01a0b34a-f448-7c30-8d1b-4b0392614c63_nvr-llWGaUl9M9E771xokkJUiNr5fMyJBigI_1789714429314_img_face3.jpg,C:\Thực tập LUMI\model_BaiToan\Deepleaning\data\dataset\raw\clear\01a0b34a-f448-7c30-8d1b-4b0392614c63_nvr-llWGaUl9M9E771xokkJUiNr5fMyJBigI_1789714429314_img_face3.jpg
51--Dresses_51_Dresses_wearingdress_51_809.jpg_b134729.jpg,train,clear,96,96,1.0,True,medium,wider_51--Dresses_51_Dresses_wearingdress_51_809.jpg,C:\Thực tập LUMI\model_BaiToan\Deepleaning\data\dataset\raw\clear\51--Dresses_51_Dresses_wearingdress_51_809.jpg_b134729.jpg
7--Cheering_7_Cheering_Cheering_7_101.jpg_b148087.jpg,train,clear,96,96,1.0,True,medium,wider_7--Cheering_7_Cheering_Cheering_7_101.jpg,C:\Thực tập LUMI\model_BaiToan\Deepleaning\data\dataset\raw\clear\7--Cheering_7_Cheering_Cheering_7_101.jpg_b148087.jpg
7--Cheering_7_Cheering_Cheering_7_607.jpg_b150923.jpg,train,clear,97,97,1.0,True,medium,wider_7--Cheering_7_Cheering_Cheering_7_607.jpg,C:\Thực tập LUMI\model_BaiToan\Deepleaning\data\dataset\raw\clear\7--Cheering_7_Cheering_Cheering_7_607.jpg_b150923.jpg
7--Cheering_7_Cheering_Cheering_7_607.jpg_b150924.jpg,train,clear,76,76,1.0,True,medium,wider_7--Cheering_7_Cheering_Cheering_7_607.jpg,C:\Thực tập LUMI\model_BaiToan\Deepleaning\data\dataset\raw\clear\7--Cheering_7_Cheering_Cheering_7_607.jpg_b150924.jpg
6--Funeral_6_Funeral_Funeral_6_120.jpg_b146639.jpg,train,clear,81,81,1.0,True,medium,wider_6--Funeral_6_Funeral_Funeral_6_120.jpg,C:\Thực tập LUMI\model_BaiToan\Deepleaning\data\dataset\raw\clear\6--Funeral_6_Funeral_Funeral_6_120.jpg_b146639.jpg
6--Funeral_6_Funeral_Funeral_6_120.jpg_b146640.jpg,train,occluded,107,107,1.0,True,medium,wider_6--Funeral_6_Funeral_Funeral_6_120.jpg,C:\Thực tập LUMI\model_BaiToan\Deepleaning\data\dataset\raw\occluded\6--Funeral_6_Funeral_Funeral_6_120.jpg_b146640.jpg
54--Rescue_54_Rescue_rescuepeople_54_972.jpg_b138129.jpg,train,clear,102,102,1.0,True,medium,wider_54--Rescue_54_Rescue_rescuepeople_54_972.jpg,C:\Thực tập LUMI\model_BaiToan\Deepleaning\data\dataset\raw\clear\54--Rescue_54_Rescue_rescuepeople_54_972.jpg_b138129.jpg
30--Surgeons_30_Surgeons_Surgeons_30_984.jpg_b98413.jpg,train,clear,86,86,1.0,True,medium,wider_30--Surgeons_30_Surgeons_Surgeons_30_984.jpg,C:\Thực tập LUMI\model_BaiToan\Deepleaning\data\dataset\raw\clear\30--Surgeons_30_Surgeons_Surgeons_30_984.jpg_b98413.jpg
30--Surgeons_30_Surgeons_Surgeons_30_984.jpg_b98414.jpg,train,clear,78,78,1.0,True,medium,wider_30--Surgeons_30_Surgeons_Surgeons_30_984.jpg,C:\Thực tập LUMI\model_BaiToan\Deepleaning\data\dataset\raw\clear\30--Surgeons_30_Surgeons_Surgeons_30_984.jpg_b98414.jpg
29--Students_Schoolkids_29_Students_Schoolkids_Students_Schoolkids_29_316.jpg_b23877.jpg,train,clear,101,101,1.0,True,medium,wider_29--Students_Schoolkids_29_Students_Schoolkids_Students_Schoolkids_29_316.jpg,C:\Thực tập LUMI\model_BaiToan\Deepleaning\data\dataset\raw\clear\29--Students_Schoolkids_29_Students_Schoolkids_Students_Schoolkids_29_316.jpg_b23877.jpg
29--Students_Schoolkids_29_Students_Schoolkids_Students_Schoolkids_29_316.jpg_b23890.jpg,train,clear,79,79,1.0,True,medium,wider_29--Students_Schoolkids_29_Students_Schoolkids_Students_Schoolkids_29_316.jpg,C:\Thực tập LUMI\model_BaiToan\Deepleaning\data\dataset\raw\clear\29--Students_Schoolkids_29_Students_Schoolkids_Students_Schoolkids_29_316.jpg_b23890.jpg
0--Parade_0_Parade_marchingband_1_147.jpg_b3694.jpg,train,clear,90,90,1.0,True,medium,wider_0--Parade_0_Parade_marchingband_1_147.jpg,C:\Thực tập LUMI\model_BaiToan\Deepleaning\data\dataset\raw\clear\0--Parade_0_Parade_marchingband_1_147.jpg_b3694.jpg
15--Stock_Market_15_Stock_Market_Stock_Market_15_743.jpg_b39227.jpg,train,clear,67,67,1.0,True,small,wider_15--Stock_Market_15_Stock_Market_Stock_Market_15_743.jpg,C:\Thực tập LUMI\model_BaiToan\Deepleaning\data\dataset\raw\clear\15--Stock_Market_15_Stock_Market_Stock_Market_15_743.jpg_b39227.jpg
12--Group_12_Group_Large_Group_12_Group_Large_Group_12_267.jpg_b29953.jpg,train,clear,72,72,1.0,True,small,wider_12--Group_12_Group_Large_Group_12_Group_Large_Group_12_267.jpg,C:\Thực tập LUMI\model_BaiToan\Deepleaning\data\dataset\raw\clear\12--Group_12_Group_Large_Group_12_Group_Large_Group_12_267.jpg_b29953.jpg
37--Soccer_37_Soccer_soccer_ball_37_771.jpg_b115627.jpg,train,clear,70,70,1.0,True,small,wider_37--Soccer_37_Soccer_soccer_ball_37_771.jpg,C:\Thực tập LUMI\model_BaiToan\Deepleaning\data\dataset\raw\clear\37--Soccer_37_Soccer_soccer_ball_37_771.jpg_b115627.jpg
01a0b34a-86e8-7a62-888d-1a5a05c447e6_nvr-llWGaUl9M9E771xokkJUiNr5fMyJBigI_1789714401285_img_face9.jpg,train,clear,63,63,1.0,True,small,single_01a0b34a-86e8-7a62-888d-1a5a05c447e6_nvr-llWGaUl9M9E771xokkJUiNr5fMyJBigI_1789714401285_img_face9.jpg,C:\Thực tập LUMI\model_BaiToan\Deepleaning\data\dataset\raw\clear\01a0b34a-86e8-7a62-888d-1a5a05c447e6_nvr-llWGaUl9M9E771xokkJUiNr5fMyJBigI_1789714401285_img_face9.jpg
26--Soldier_Drilling_26_Soldier_Drilling_Soldiers_Drilling_26_886.jpg_b22922.jpg,train,clear,74,74,1.0,True,small,wider_26--Soldier_Drilling_26_Soldier_Drilling_Soldiers_Drilling_26_886.jpg,C:\Thực tập LUMI\model_BaiToan\Deepleaning\data\dataset\raw\clear\26--Soldier_Drilling_26_Soldier_Drilling_Soldiers_Drilling_26_886.jpg_b22922.jpg
2--Demonstration_2_Demonstration_Political_Rally_2_335.jpg_b16339.jpg,train,clear,66,66,1.0,True,small,wider_2--Demonstration_2_Demonstration_Political_Rally_2_335.jpg,C:\Thực tập LUMI\model_BaiToan\Deepleaning\data\dataset\raw\clear\2--Demonstration_2_Demonstration_Political_Rally_2_335.jpg_b16339.jpg
2--Demonstration_2_Demonstration_Political_Rally_2_335.jpg_b16355.jpg,train,clear,73,73,1.0,True,small,wider_2--Demonstration_2_Demonstration_Political_Rally_2_335.jpg,C:\Thực tập LUMI\model_BaiToan\Deepleaning\data\dataset\raw\clear\2--Demonstration_2_Demonstration_Political_Rally_2_335.jpg_b16355.jpg
38--Tennis_38_Tennis_Tennis_38_683.jpg_b30007.jpg,train,clear,68,68,1.0,True,small,wider_38--Tennis_38_Tennis_Tennis_38_683.jpg,C:\Thực tập LUMI\model_BaiToan\Deepleaning\data\dataset\raw\clear\38--Tennis_38_Tennis_Tennis_38_683.jpg_b30007.jpg
01a0b72f-1030-7f41-bcbf-e331558092b1_nvr-llWGaUl9M9E771xokkJUiNr5fMyJBigI_1789779710575_img_face.jpg,train,clear,58,58,1.0,True,small,single_01a0b72f-1030-7f41-bcbf-e331558092b1_nvr-llWGaUl9M9E771xokkJUiNr5fMyJBigI_1789779710575_img_face.jpg,C:\Thực tập LUMI\model_BaiToan\Deepleaning\data\dataset\raw\clear\01a0b72f-1030-7f41-bcbf-e331558092b1_nvr-llWGaUl9M9E771xokkJUiNr5fMyJBigI_1789779710575_img_face.jpg
8--Election_Campain_8_Election_Campain_Election_Campaign_8_148.jpg_b38317.jpg,train,clear,68,68,1.0,True,small,wider_8--Election_Campain_8_Election_Campain_Election_Campaign_8_148.jpg,C:\Thực tập LUMI\model_BaiToan\Deepleaning\data\dataset\raw\clear\8--Election_Campain_8_Election_Campain_Election_Campaign_8_148.jpg_b38317.jpg
8--Election_Campain_8_Election_Campain_Election_Campaign_8_148.jpg_b38319.jpg,train,clear,124,124,1.0,True,large,wider_8--Election_Campain_8_Election_Campain_Election_Campaign_8_148.jpg,C:\Thực tập LUMI\model_BaiToan\Deepleaning\data\dataset\raw\clear\8--Election_Campain_8_Election_Campain_Election_Campaign_8_148.jpg_b38319.jpg
24--Soldier_Firing_24_Soldier_Firing_Soldier_Firing_24_264.jpg_b22597.jpg,train,clear,69,69,1.0,True,small,wider_24--Soldier_Firing_24_Soldier_Firing_Soldier_Firing_24_264.jpg,C:\Thực tập LUMI\model_BaiToan\Deepleaning\data\dataset\raw\clear\24--Soldier_Firing_24_Soldier_Firing_Soldier_Firing_24_264.jpg_b22597.jpg
0--Parade_0_Parade_Parade_0_715.jpg_b5763.jpg,train,clear,68,68,1.0,True,small,wider_0--Parade_0_Parade_Parade_0_715.jpg,C:\Thực tập LUMI\model_BaiToan\Deepleaning\data\dataset\raw\clear\0--Parade_0_Parade_Parade_0_715.jpg_b5763.jpg
01a0b34c-3c68-77d2-ba97-d9d57a0ee9fd_nvr-llWGaUl9M9E771xokkJUiNr5fMyJBigI_1789714513231_img_face1.jpg,train,clear,68,68,1.0,True,small,single_01a0b34c-3c68-77d2-ba97-d9d57a0ee9fd_nvr-llWGaUl9M9E771xokkJUiNr5fMyJBigI_1789714513231_img_face1.jpg,C:\Thực tập LUMI\model_BaiToan\Deepleaning\data\dataset\raw\clear\01a0b34c-3c68-77d2-ba97-d9d57a0ee9fd_nvr-llWGaUl9M9E771xokkJUiNr5fMyJBigI_1789714513231_img_face1.jpg
35--Basketball_35_Basketball_basketballgame_ball_35_842.jpg_b102038.jpg,train,clear,65,65,1.0,True,small,wider_35--Basketball_35_Basketball_basketballgame_ball_35_842.jpg,C:\Thực tập LUMI\model_BaiToan\Deepleaning\data\dataset\raw\clear\35--Basketball_35_Basketball_basketballgame_ball_35_842.jpg_b102038.jpg
44--Aerobics_44_Aerobics_Aerobics_44_195.jpg_b123712.jpg,train,clear,64,64,1.0,True,small,wider_44--Aerobics_44_Aerobics_Aerobics_44_195.jpg,C:\Thực tập LUMI\model_BaiToan\Deepleaning\data\dataset\raw\clear\44--Aerobics_44_Aerobics_Aerobics_44_195.jpg_b123712.jpg
01a0b348-9ab8-73e3-9797-86234c0f24be_nvr-llWGaUl9M9E771xokkJUiNr5fMyJBigI_1789714275642_img_face11.jpg,train,clear,72,72,1.0,True,small,single_01a0b348-9ab8-73e3-9797-86234c0f24be_nvr-llWGaUl9M9E771xokkJUiNr5fMyJBigI_1789714275642_img_face11.jpg,C:\Thực tập LUMI\model_BaiToan\Deepleaning\data\dataset\raw\clear\01a0b348-9ab8-73e3-9797-86234c0f24be_nvr-llWGaUl9M9E771xokkJUiNr5fMyJBigI_1789714275642_img_face11.jpg
13--Interview_13_Interview_Interview_Sequences_13_2.jpg_b9804.jpg,train,clear,70,70,1.0,True,small,wider_13--Interview_13_Interview_Interview_Sequences_13_2.jpg,C:\Thực tập LUMI\model_BaiToan\Deepleaning\data\dataset\raw\clear\13--Interview_13_Interview_Interview_Sequences_13_2.jpg_b9804.jpg
54--Rescue_54_Rescue_rescuepeople_54_675.jpg_b137962.jpg,train,clear,65,65,1.0,True,small,wider_54--Rescue_54_Rescue_rescuepeople_54_675.jpg,C:\Thực tập LUMI\model_BaiToan\Deepleaning\data\dataset\raw\clear\54--Rescue_54_Rescue_rescuepeople_54_675.jpg_b137962.jpg
12--Group_12_Group_Group_12_Group_Group_12_668.jpg_b32251.jpg,train,clear,74,74,1.0,True,small,wider_12--Group_12_Group_Group_12_Group_Group_12_668.jpg,C:\Thực tập LUMI\model_BaiToan\Deepleaning\data\dataset\raw\clear\12--Group_12_Group_Group_12_Group_Group_12_668.jpg_b32251.jpg
01a0b349-d338-7b70-8fda-7638f42f4508_nvr-llWGaUl9M9E771xokkJUiNr5fMyJBigI_1789714355848_img_face1.jpg,train,clear,71,71,1.0,True,small,single_01a0b349-d338-7b70-8fda-7638f42f4508_nvr-llWGaUl9M9E771xokkJUiNr5fMyJBigI_1789714355848_img_face1.jpg,C:\Thực tập LUMI\model_BaiToan\Deepleaning\data\dataset\raw\clear\01a0b349-d338-7b70-8fda-7638f42f4508_nvr-llWGaUl9M9E771xokkJUiNr5fMyJBigI_1789714355848_img_face1.jpg
35--Basketball_35_Basketball_basketballgame_ball_35_39.jpg_b108480.jpg,train,clear,67,67,1.0,True,small,wider_35--Basketball_35_Basketball_basketballgame_ball_35_39.jpg,C:\Thực tập LUMI\model_BaiToan\Deepleaning\data\dataset\raw\clear\35--Basketball_35_Basketball_basketballgame_ball_35_39.jpg_b108480.jpg
37--Soccer_37_Soccer_soccer_ball_37_188.jpg_b114476.jpg,train,clear,66,66,1.0,True,small,wider_37--Soccer_37_Soccer_soccer_ball_37_188.jpg,C:\Thực tập LUMI\model_BaiToan\Deepleaning\data\dataset\raw\clear\37--Soccer_37_Soccer_soccer_ball_37_188.jpg_b114476.jpg
01a0b348-9ab8-73e3-9797-86234c0f24be_nvr-llWGaUl9M9E771xokkJUiNr5fMyJBigI_1789714275642_img_face12.jpg,train,clear,70,70,1.0,True,small,single_01a0b348-9ab8-73e3-9797-86234c0f24be_nvr-llWGaUl9M9E771xokkJUiNr5fMyJBigI_1789714275642_img_face12.jpg,C:\Thực tập LUMI\model_BaiToan\Deepleaning\data\dataset\raw\clear\01a0b348-9ab8-73e3-9797-86234c0f24be_nvr-llWGaUl9M9E771xokkJUiNr5fMyJBigI_1789714275642_img_face12.jpg
35--Basketball_35_Basketball_Basketball_35_463.jpg_b108576.jpg,train,clear,67,67,1.0,True,small,wider_35--Basketball_35_Basketball_Basketball_35_463.jpg,C:\Thực tập LUMI\model_BaiToan\Deepleaning\data\dataset\raw\clear\35--Basketball_35_Basketball_Basketball_35_463.jpg_b108576.jpg
40--Gymnastics_40_Gymnastics_Gymnastics_40_154.jpg_b120381.jpg,train,clear,65,65,1.0,True,small,wider_40--Gymnastics_40_Gymnastics_Gymnastics_40_154.jpg,C:\Thực tập LUMI\model_BaiToan\Deepleaning\data\dataset\raw\clear\40--Gymnastics_40_Gymnastics_Gymnastics_40_154.jpg_b120381.jpg
40--Gymnastics_40_Gymnastics_Gymnastics_40_154.jpg_b120385.jpg,train,clear,64,64,1.0,True,small,wider_40--Gymnastics_40_Gymnastics_Gymnastics_40_154.jpg,C:\Thực tập LUMI\model_BaiToan\Deepleaning\data\dataset\raw\clear\40--Gymnastics_40_Gymnastics_Gymnastics_40_154.jpg_b120385.jpg
01a0b344-1e48-7473-8893-db6a4715b078_nvr-llWGaUl9M9E771xokkJUiNr5fMyJBigI_1789713981911_img_face6.jpg,train,clear,74,74,1.0,True,small,single_01a0b344-1e48-7473-8893-db6a4715b078_nvr-llWGaUl9M9E771xokkJUiNr5fMyJBigI_1789713981911_img_face6.jpg,C:\Thực tập LUMI\model_BaiToan\Deepleaning\data\dataset\raw\clear\01a0b344-1e48-7473-8893-db6a4715b078_nvr-llWGaUl9M9E771xokkJUiNr5fMyJBigI_1789713981911_img_face6.jpg
29--Students_Schoolkids_29_Students_Schoolkids_Students_Schoolkids_29_544.jpg_b96221.jpg,train,clear,70,70,1.0,True,small,wider_29--Students_Schoolkids_29_Students_Schoolkids_Students_Schoolkids_29_544.jpg,C:\Thực tập LUMI\model_BaiToan\Deepleaning\data\dataset\raw\clear\29--Students_Schoolkids_29_Students_Schoolkids_Students_Schoolkids_29_544.jpg_b96221.jpg
50--Celebration_Or_Party_50_Celebration_Or_Party_birthdayparty_50_183.jpg_b133910.jpg,train,clear,72,72,1.0,True,small,wider_50--Celebration_Or_Party_50_Celebration_Or_Party_birthdayparty_50_183.jpg,C:\Thực tập LUMI\model_BaiToan\Deepleaning\data\dataset\raw\clear\50--Celebration_Or_Party_50_Celebration_Or_Party_birthdayparty_50_183.jpg_b133910.jpg
40--Gymnastics_40_Gymnastics_Gymnastics_40_865.jpg_b119698.jpg,train,clear,66,66,1.0,True,small,wider_40--Gymnastics_40_Gymnastics_Gymnastics_40_865.jpg,C:\Thực tập LUMI\model_BaiToan\Deepleaning\data\dataset\raw\clear\40--Gymnastics_40_Gymnastics_Gymnastics_40_865.jpg_b119698.jpg
28--Sports_Fan_28_Sports_Fan_Sports_Fan_28_55.jpg_b93463.jpg,train,clear,70,70,1.0,True,small,wider_28--Sports_Fan_28_Sports_Fan_Sports_Fan_28_55.jpg,C:\Thực tập LUMI\model_BaiToan\Deepleaning\data\dataset\raw\clear\28--Sports_Fan_28_Sports_Fan_Sports_Fan_28_55.jpg_b93463.jpg
9--Press_Conference_9_Press_Conference_Press_Conference_9_91.jpg_b156225.jpg,train,clear,69,69,1.0,True,small,wider_9--Press_Conference_9_Press_Conference_Press_Conference_9_91.jpg,C:\Thực tập LUMI\model_BaiToan\Deepleaning\data\dataset\raw\clear\9--Press_Conference_9_Press_Conference_Press_Conference_9_91.jpg_b156225.jpg
01a0b348-0260-76d0-907d-12dfdef5de4d_nvr-llWGaUl9M9E771xokkJUiNr5fMyJBigI_1789714236439_img_face8.jpg,train,clear,61,61,1.0,True,small,single_01a0b348-0260-76d0-907d-12dfdef5de4d_nvr-llWGaUl9M9E771xokkJUiNr5fMyJBigI_1789714236439_img_face8.jpg,C:\Thực tập LUMI\model_BaiToan\Deepleaning\data\dataset\raw\clear\01a0b348-0260-76d0-907d-12dfdef5de4d_nvr-llWGaUl9M9E771xokkJUiNr5fMyJBigI_1789714236439_img_face8.jpg
12--Group_12_Group_Team_Organized_Group_12_Group_Team_Organized_Group_12_368.jpg_b26656.jpg,train,clear,68,68,1.0,True,small,wider_12--Group_12_Group_Team_Organized_Group_12_Group_Team_Organized_Group_12_368.jpg,C:\Thực tập LUMI\model_BaiToan\Deepleaning\data\dataset\raw\clear\12--Group_12_Group_Team_Organized_Group_12_Group_Team_Organized_Group_12_368.jpg_b26656.jpg
26--Soldier_Drilling_26_Soldier_Drilling_Soldiers_Drilling_26_64.jpg_b22919.jpg,train,clear,66,66,1.0,True,small,wider_26--Soldier_Drilling_26_Soldier_Drilling_Soldiers_Drilling_26_64.jpg,C:\Thực tập LUMI\model_BaiToan\Deepleaning\data\dataset\raw\clear\26--Soldier_Drilling_26_Soldier_Drilling_Soldiers_Drilling_26_64.jpg_b22919.jpg
0--Parade_0_Parade_marchingband_1_95.jpg_b4922.jpg,train,clear,65,65,1.0,True,small,wider_0--Parade_0_Parade_marchingband_1_95.jpg,C:\Thực tập LUMI\model_BaiToan\Deepleaning\data\dataset\raw\clear\0--Parade_0_Parade_marchingband_1_95.jpg_b4922.jpg
28--Sports_Fan_28_Sports_Fan_Sports_Fan_28_61.jpg_b93796.jpg,train,clear,81,81,1.0,True,medium,wider_28--Sports_Fan_28_Sports_Fan_Sports_Fan_28_61.jpg,C:\Thực tập LUMI\model_BaiToan\Deepleaning\data\dataset\raw\clear\28--Sports_Fan_28_Sports_Fan_Sports_Fan_28_61.jpg_b93796.jpg
28--Sports_Fan_28_Sports_Fan_Sports_Fan_28_61.jpg_b93800.jpg,train,clear,74,74,1.0,True,small,wider_28--Sports_Fan_28_Sports_Fan_Sports_Fan_28_61.jpg,C:\Thực tập LUMI\model_BaiToan\Deepleaning\data\dataset\raw\clear\28--Sports_Fan_28_Sports_Fan_Sports_Fan_28_61.jpg_b93800.jpg
28--Sports_Fan_28_Sports_Fan_Sports_Fan_28_61.jpg_b93797.jpg,train,occluded,73,73,1.0,True,small,wider_28--Sports_Fan_28_Sports_Fan_Sports_Fan_28_61.jpg,C:\Thực tập LUMI\model_BaiToan\Deepleaning\data\dataset\raw\occluded\28--Sports_Fan_28_Sports_Fan_Sports_Fan_28_61.jpg_b93797.jpg
01a0b343-c858-7d80-9185-864b40f23be6_nvr-llWGaUl9M9E771xokkJUiNr5fMyJBigI_1789713959357_img_face2.jpg,train,clear,63,63,1.0,True,small,single_01a0b343-c858-7d80-9185-864b40f23be6_nvr-llWGaUl9M9E771xokkJUiNr5fMyJBigI_1789713959357_img_face2.jpg,C:\Thực tập LUMI\model_BaiToan\Deepleaning\data\dataset\raw\clear\01a0b343-c858-7d80-9185-864b40f23be6_nvr-llWGaUl9M9E771xokkJUiNr5fMyJBigI_1789713959357_img_face2.jpg
0--Parade_0_Parade_Parade_0_233.jpg_b1856.jpg,train,clear,74,74,1.0,True,small,wider_0--Parade_0_Parade_Parade_0_233.jpg,C:\Thực tập LUMI\model_BaiToan\Deepleaning\data\dataset\raw\clear\0--Parade_0_Parade_Parade_0_233.jpg_b1856.jpg
0--Parade_0_Parade_Parade_0_233.jpg_b1858.jpg,train,clear,79,79,1.0,True,medium,wider_0--Parade_0_Parade_Parade_0_233.jpg,C:\Thực tập LUMI\model_BaiToan\Deepleaning\data\dataset\raw\clear\0--Parade_0_Parade_Parade_0_233.jpg_b1858.jpg
01a0b34a-5808-7b63-99c0-6c8ded753022_nvr-llWGaUl9M9E771xokkJUiNr5fMyJBigI_1789714389745_img_face6.jpg,train,clear,67,67,1.0,True,small,single_01a0b34a-5808-7b63-99c0-6c8ded753022_nvr-llWGaUl9M9E771xokkJUiNr5fMyJBigI_1789714389745_img_face6.jpg,C:\Thực tập LUMI\model_BaiToan\Deepleaning\data\dataset\raw\clear\01a0b34a-5808-7b63-99c0-6c8ded753022_nvr-llWGaUl9M9E771xokkJUiNr5fMyJBigI_1789714389745_img_face6.jpg
01a0b34b-61a8-7773-9961-45ac8896d6f4_nvr-llWGaUl9M9E771xokkJUiNr5fMyJBigI_1789714457897_img_face6.jpg,train,clear,58,58,1.0,True,small,single_01a0b34b-61a8-7773-9961-45ac8896d6f4_nvr-llWGaUl9M9E771xokkJUiNr5fMyJBigI_1789714457897_img_face6.jpg,C:\Thực tập LUMI\model_BaiToan\Deepleaning\data\dataset\raw\clear\01a0b34b-61a8-7773-9961-45ac8896d6f4_nvr-llWGaUl9M9E771xokkJUiNr5fMyJBigI_1789714457897_img_face6.jpg
1--Handshaking_1_Handshaking_Handshaking_1_113.jpg_b16858.jpg,train,clear,74,74,1.0,True,small,wider_1--Handshaking_1_Handshaking_Handshaking_1_113.jpg,C:\Thực tập LUMI\model_BaiToan\Deepleaning\data\dataset\raw\clear\1--Handshaking_1_Handshaking_Handshaking_1_113.jpg_b16858.jpg
0--Parade_0_Parade_Parade_0_676.jpg_b2340.jpg,train,clear,67,67,1.0,True,small,wider_0--Parade_0_Parade_Parade_0_676.jpg,C:\Thực tập LUMI\model_BaiToan\Deepleaning\data\dataset\raw\clear\0--Parade_0_Parade_Parade_0_676.jpg_b2340.jpg
01a0b343-c858-7d80-9185-864b40f23be6_nvr-llWGaUl9M9E771xokkJUiNr5fMyJBigI_1789713959357_img_face1.jpg,train,clear,60,60,1.0,True,small,single_01a0b343-c858-7d80-9185-864b40f23be6_nvr-llWGaUl9M9E771xokkJUiNr5fMyJBigI_1789713959357_img_face1.jpg,C:\Thực tập LUMI\model_BaiToan\Deepleaning\data\dataset\raw\clear\01a0b343-c858-7d80-9185-864b40f23be6_nvr-llWGaUl9M9E771xokkJUiNr5fMyJBigI_1789713959357_img_face1.jpg
17--Ceremony_17_Ceremony_Ceremony_17_78.jpg_b40608.jpg,train,clear,73,73,1.0,True,small,wider_17--Ceremony_17_Ceremony_Ceremony_17_78.jpg,C:\Thực tập LUMI\model_BaiToan\Deepleaning\data\dataset\raw\clear\17--Ceremony_17_Ceremony_Ceremony_17_78.jpg_b40608.jpg
50--Celebration_Or_Party_50_Celebration_Or_Party_houseparty_50_17.jpg_b33980.jpg,train,clear,73,73,1.0,True,small,wider_50--Celebration_Or_Party_50_Celebration_Or_Party_houseparty_50_17.jpg,C:\Thực tập LUMI\model_BaiToan\Deepleaning\data\dataset\raw\clear\50--Celebration_Or_Party_50_Celebration_Or_Party_houseparty_50_17.jpg_b33980.jpg
20--Family_Group_20_Family_Group_Family_Group_20_234.jpg_b84401.jpg,train,clear,72,72,1.0,True,small,wider_20--Family_Group_20_Family_Group_Family_Group_20_234.jpg,C:\Thực tập LUMI\model_BaiToan\Deepleaning\data\dataset\raw\clear\20--Family_Group_20_Family_Group_Family_Group_20_234.jpg_b84401.jpg
7--Cheering_7_Cheering_Cheering_7_263.jpg_b152067.jpg,train,clear,68,68,1.0,True,small,wider_7--Cheering_7_Cheering_Cheering_7_263.jpg,C:\Thực tập LUMI\model_BaiToan\Deepleaning\data\dataset\raw\clear\7--Cheering_7_Cheering_Cheering_7_263.jpg_b152067.jpg
2--Demonstration_2_Demonstration_Political_Rally_2_687.jpg_b75238.jpg,train,clear,70,70,1.0,True,small,wider_2--Demonstration_2_Demonstration_Political_Rally_2_687.jpg,C:\Thực tập LUMI\model_BaiToan\Deepleaning\data\dataset\raw\clear\2--Demonstration_2_Demonstration_Political_Rally_2_687.jpg_b75238.jpg
01a0b74b-6a00-7af1-908a-38337bbf9eaf_nvr-llWGaUl9M9E771xokkJUiNr5fMyJBigI_1789781567945_img_face.jpg,train,clear,45,45,1.0,True,small,single_01a0b74b-6a00-7af1-908a-38337bbf9eaf_nvr-llWGaUl9M9E771xokkJUiNr5fMyJBigI_1789781567945_img_face.jpg,C:\Thực tập LUMI\model_BaiToan\Deepleaning\data\dataset\raw\clear\01a0b74b-6a00-7af1-908a-38337bbf9eaf_nvr-llWGaUl9M9E771xokkJUiNr5fMyJBigI_1789781567945_img_face.jpg
52--Photographers_52_Photographers_taketouristphotos_52_231.jpg_b135850.jpg,train,clear,66,66,1.0,True,small,wider_52--Photographers_52_Photographers_taketouristphotos_52_231.jpg,C:\Thực tập LUMI\model_BaiToan\Deepleaning\data\dataset\raw\clear\52--Photographers_52_Photographers_taketouristphotos_52_231.jpg_b135850.jpg
10--People_Marching_10_People_Marching_People_Marching_2_256.jpg_b4360.jpg,train,clear,68,68,1.0,True,small,wider_10--People_Marching_10_People_Marching_People_Marching_2_256.jpg,C:\Thực tập LUMI\model_BaiToan\Deepleaning\data\dataset\raw\clear\10--People_Marching_10_People_Marching_People_Marching_2_256.jpg_b4360.jpg
10--People_Marching_10_People_Marching_People_Marching_2_256.jpg_b4358.jpg,train,occluded,73,73,1.0,True,small,wider_10--People_Marching_10_People_Marching_People_Marching_2_256.jpg,C:\Thực tập LUMI\model_BaiToan\Deepleaning\data\dataset\raw\occluded\10--People_Marching_10_People_Marching_People_Marching_2_256.jpg_b4358.jpg
4--Dancing_4_Dancing_Dancing_4_64.jpg_b118892.jpg,train,clear,64,64,1.0,True,small,wider_4--Dancing_4_Dancing_Dancing_4_64.jpg,C:\Thực tập LUMI\model_BaiToan\Deepleaning\data\dataset\raw\clear\4--Dancing_4_Dancing_Dancing_4_64.jpg_b118892.jpg
1--Handshaking_1_Handshaking_Handshaking_1_801.jpg_b3778.jpg,train,clear,69,69,1.0,True,small,wider_1--Handshaking_1_Handshaking_Handshaking_1_801.jpg,C:\Thực tập LUMI\model_BaiToan\Deepleaning\data\dataset\raw\clear\1--Handshaking_1_Handshaking_Handshaking_1_801.jpg_b3778.jpg
30--Surgeons_30_Surgeons_Surgeons_30_478.jpg_b98281.jpg,train,clear,66,66,1.0,True,small,wider_30--Surgeons_30_Surgeons_Surgeons_30_478.jpg,C:\Thực tập LUMI\model_BaiToan\Deepleaning\data\dataset\raw\clear\30--Surgeons_30_Surgeons_Surgeons_30_478.jpg_b98281.jpg
12--Group_12_Group_Large_Group_12_Group_Large_Group_12_94.jpg_b8462.jpg,train,clear,71,71,1.0,True,small,wider_12--Group_12_Group_Large_Group_12_Group_Large_Group_12_94.jpg,C:\Thực tập LUMI\model_BaiToan\Deepleaning\data\dataset\raw\clear\12--Group_12_Group_Large_Group_12_Group_Large_Group_12_94.jpg_b8462.jpg
35--Basketball_35_Basketball_Basketball_35_653.jpg_b26696.jpg,train,clear,69,69,1.0,True,small,wider_35--Basketball_35_Basketball_Basketball_35_653.jpg,C:\Thực tập LUMI\model_BaiToan\Deepleaning\data\dataset\raw\clear\35--Basketball_35_Basketball_Basketball_35_653.jpg_b26696.jpg
01a0b34b-61a8-7411-a63b-001cd1d988f5_nvr-llWGaUl9M9E771xokkJUiNr5fMyJBigI_1789714457772_img_face9.jpg,train,clear,74,74,1.0,True,small,single_01a0b34b-61a8-7411-a63b-001cd1d988f5_nvr-llWGaUl9M9E771xokkJUiNr5fMyJBigI_1789714457772_img_face9.jpg,C:\Thực tập LUMI\model_BaiToan\Deepleaning\data\dataset\raw\clear\01a0b34b-61a8-7411-a63b-001cd1d988f5_nvr-llWGaUl9M9E771xokkJUiNr5fMyJBigI_1789714457772_img_face9.jpg
51--Dresses_51_Dresses_wearingdress_51_485.jpg_b134716.jpg,train,clear,69,69,1.0,True,small,wider_51--Dresses_51_Dresses_wearingdress_51_485.jpg,C:\Thực tập LUMI\model_BaiToan\Deepleaning\data\dataset\raw\clear\51--Dresses_51_Dresses_wearingdress_51_485.jpg_b134716.jpg
01a0b33c-61d0-7782-90c3-e4fd93355a7d_nvr-llWGaUl9M9E771xokkJUiNr5fMyJBigI_1789713474199_img_face1.jpg,train,clear,50,50,1.0,True,small,single_01a0b33c-61d0-7782-90c3-e4fd93355a7d_nvr-llWGaUl9M9E771xokkJUiNr5fMyJBigI_1789713474199_img_face1.jpg,C:\Thực tập LUMI\model_BaiToan\Deepleaning\data\dataset\raw\clear\01a0b33c-61d0-7782-90c3-e4fd93355a7d_nvr-llWGaUl9M9E771xokkJUiNr5fMyJBigI_1789713474199_img_face1.jpg
9--Press_Conference_9_Press_Conference_Press_Conference_9_105.jpg_b39034.jpg,train,clear,68,68,1.0,True,small,wider_9--Press_Conference_9_Press_Conference_Press_Conference_9_105.jpg,C:\Thực tập LUMI\model_BaiToan\Deepleaning\data\dataset\raw\clear\9--Press_Conference_9_Press_Conference_Press_Conference_9_105.jpg_b39034.jpg
55--Sports_Coach_Trainer_55_Sports_Coach_Trainer_sportcoaching_55_847.jpg_b139220.jpg,train,clear,68,68,1.0,True,small,wider_55--Sports_Coach_Trainer_55_Sports_Coach_Trainer_sportcoaching_55_847.jpg,C:\Thực tập LUMI\model_BaiToan\Deepleaning\data\dataset\raw\clear\55--Sports_Coach_Trainer_55_Sports_Coach_Trainer_sportcoaching_55_847.jpg_b139220.jpg
55--Sports_Coach_Trainer_55_Sports_Coach_Trainer_sportcoaching_55_847.jpg_b139221.jpg,train,occluded,67,67,1.0,True,small,wider_55--Sports_Coach_Trainer_55_Sports_Coach_Trainer_sportcoaching_55_847.jpg,C:\Thực tập LUMI\model_BaiToan\Deepleaning\data\dataset\raw\occluded\55--Sports_Coach_Trainer_55_Sports_Coach_Trainer_sportcoaching_55_847.jpg_b139221.jpg
01a0b34a-86e8-7a62-888d-1a5a05c447e6_nvr-llWGaUl9M9E771xokkJUiNr5fMyJBigI_1789714401285_img_face6.jpg,train,clear,67,67,1.0,True,small,single_01a0b34a-86e8-7a62-888d-1a5a05c447e6_nvr-llWGaUl9M9E771xokkJUiNr5fMyJBigI_1789714401285_img_face6.jpg,C:\Thực tập LUMI\model_BaiToan\Deepleaning\data\dataset\raw\clear\01a0b34a-86e8-7a62-888d-1a5a05c447e6_nvr-llWGaUl9M9E771xokkJUiNr5fMyJBigI_1789714401285_img_face6.jpg
35--Basketball_35_Basketball_playingbasketball_35_257.jpg_b111123.jpg,train,clear,65,65,1.0,True,small,wider_35--Basketball_35_Basketball_playingbasketball_35_257.jpg,C:\Thực tập LUMI\model_BaiToan\Deepleaning\data\dataset\raw\clear\35--Basketball_35_Basketball_playingbasketball_35_257.jpg_b111123.jpg
16--Award_Ceremony_16_Award_Ceremony_Awards_Ceremony_16_456.jpg_b40191.jpg,train,clear,72,72,1.0,True,small,wider_16--Award_Ceremony_16_Award_Ceremony_Awards_Ceremony_16_456.jpg,C:\Thực tập LUMI\model_BaiToan\Deepleaning\data\dataset\raw\clear\16--Award_Ceremony_16_Award_Ceremony_Awards_Ceremony_16_456.jpg_b40191.jpg
16--Award_Ceremony_16_Award_Ceremony_Awards_Ceremony_16_456.jpg_b40189.jpg,train,occluded,69,69,1.0,True,small,wider_16--Award_Ceremony_16_Award_Ceremony_Awards_Ceremony_16_456.jpg,C:\Thực tập LUMI\model_BaiToan\Deepleaning\data\dataset\raw\occluded\16--Award_Ceremony_16_Award_Ceremony_Awards_Ceremony_16_456.jpg_b40189.jpg
01a0b348-e8d8-70c0-8948-73da6c43946f_nvr-llWGaUl9M9E771xokkJUiNr5fMyJBigI_1789714295796_img_face1.jpg,train,clear,72,72,1.0,True,small,single_01a0b348-e8d8-70c0-8948-73da6c43946f_nvr-llWGaUl9M9E771xokkJUiNr5fMyJBigI_1789714295796_img_face1.jpg,C:\Thực tập LUMI\model_BaiToan\Deepleaning\data\dataset\raw\clear\01a0b348-e8d8-70c0-8948-73da6c43946f_nvr-llWGaUl9M9E771xokkJUiNr5fMyJBigI_1789714295796_img_face1.jpg
12--Group_12_Group_Large_Group_12_Group_Large_Group_12_276.jpg_b9218.jpg,train,clear,69,69,1.0,True,small,wider_12--Group_12_Group_Large_Group_12_Group_Large_Group_12_276.jpg,C:\Thực tập LUMI\model_BaiToan\Deepleaning\data\dataset\raw\clear\12--Group_12_Group_Large_Group_12_Group_Large_Group_12_276.jpg_b9218.jpg
12--Group_12_Group_Large_Group_12_Group_Large_Group_12_276.jpg_b9221.jpg,train,clear,81,81,1.0,True,medium,wider_12--Group_12_Group_Large_Group_12_Group_Large_Group_12_276.jpg,C:\Thực tập LUMI\model_BaiToan\Deepleaning\data\dataset\raw\clear\12--Group_12_Group_Large_Group_12_Group_Large_Group_12_276.jpg_b9221.jpg
01a0b343-f738-70a2-abb5-079eda7e998f_nvr-llWGaUl9M9E771xokkJUiNr5fMyJBigI_1789713971230_img_face2.jpg,train,clear,64,64,1.0,True,small,single_01a0b343-f738-70a2-abb5-079eda7e998f_nvr-llWGaUl9M9E771xokkJUiNr5fMyJBigI_1789713971230_img_face2.jpg,C:\Thực tập LUMI\model_BaiToan\Deepleaning\data\dataset\raw\clear\01a0b343-f738-70a2-abb5-079eda7e998f_nvr-llWGaUl9M9E771xokkJUiNr5fMyJBigI_1789713971230_img_face2.jpg
44--Aerobics_44_Aerobics_Aerobics_44_769.jpg_b31786.jpg,train,clear,72,72,1.0,True,small,wider_44--Aerobics_44_Aerobics_Aerobics_44_769.jpg,C:\Thực tập LUMI\model_BaiToan\Deepleaning\data\dataset\raw\clear\44--Aerobics_44_Aerobics_Aerobics_44_769.jpg_b31786.jpg
38--Tennis_38_Tennis_Tennis_38_692.jpg_b30145.jpg,train,clear,68,68,1.0,True,small,wider_38--Tennis_38_Tennis_Tennis_38_692.jpg,C:\Thực tập LUMI\model_BaiToan\Deepleaning\data\dataset\raw\clear\38--Tennis_38_Tennis_Tennis_38_692.jpg_b30145.jpg
17--Ceremony_17_Ceremony_Ceremony_17_192.jpg_b42535.jpg,train,clear,64,64,1.0,True,small,wider_17--Ceremony_17_Ceremony_Ceremony_17_192.jpg,C:\Thực tập LUMI\model_BaiToan\Deepleaning\data\dataset\raw\clear\17--Ceremony_17_Ceremony_Ceremony_17_192.jpg_b42535.jpg
12--Group_12_Group_Team_Organized_Group_12_Group_Team_Organized_Group_12_492.jpg_b27630.jpg,train,clear,64,64,1.0,True,small,wider_12--Group_12_Group_Team_Organized_Group_12_Group_Team_Organized_Group_12_492.jpg,C:\Thực tập LUMI\model_BaiToan\Deepleaning\data\dataset\raw\clear\12--Group_12_Group_Team_Organized_Group_12_Group_Team_Organized_Group_12_492.jpg_b27630.jpg
13--Interview_13_Interview_Interview_Sequences_13_209.jpg_b9595.jpg,train,clear,68,68,1.0,True,small,wider_13--Interview_13_Interview_Interview_Sequences_13_209.jpg,C:\Thực tập LUMI\model_BaiToan\Deepleaning\data\dataset\raw\clear\13--Interview_13_Interview_Interview_Sequences_13_209.jpg_b9595.jpg
20--Family_Group_20_Family_Group_Family_Group_20_586.jpg_b84260.jpg,train,clear,66,66,1.0,True,small,wider_20--Family_Group_20_Family_Group_Family_Group_20_586.jpg,C:\Thực tập LUMI\model_BaiToan\Deepleaning\data\dataset\raw\clear\20--Family_Group_20_Family_Group_Family_Group_20_586.jpg_b84260.jpg
20--Family_Group_20_Family_Group_Family_Group_20_544.jpg_b21074.jpg,train,clear,68,68,1.0,True,small,wider_20--Family_Group_20_Family_Group_Family_Group_20_544.jpg,C:\Thực tập LUMI\model_BaiToan\Deepleaning\data\dataset\raw\clear\20--Family_Group_20_Family_Group_Family_Group_20_544.jpg_b21074.jpg
01a0b34a-5808-7b63-99c0-6c8ded753022_nvr-llWGaUl9M9E771xokkJUiNr5fMyJBigI_1789714389745_img_face7.jpg,train,clear,65,65,1.0,True,small,single_01a0b34a-5808-7b63-99c0-6c8ded753022_nvr-llWGaUl9M9E771xokkJUiNr5fMyJBigI_1789714389745_img_face7.jpg,C:\Thực tập LUMI\model_BaiToan\Deepleaning\data\dataset\raw\clear\01a0b34a-5808-7b63-99c0-6c8ded753022_nvr-llWGaUl9M9E771xokkJUiNr5fMyJBigI_1789714389745_img_face7.jpg
35--Basketball_35_Basketball_Basketball_35_352.jpg_b102045.jpg,train,clear,65,65,1.0,True,small,wider_35--Basketball_35_Basketball_Basketball_35_352.jpg,C:\Thực tập LUMI\model_BaiToan\Deepleaning\data\dataset\raw\clear\35--Basketball_35_Basketball_Basketball_35_352.jpg_b102045.jpg
8--Election_Campain_8_Election_Campain_Election_Campaign_8_218.jpg_b38761.jpg,train,clear,64,64,1.0,True,small,wider_8--Election_Campain_8_Election_Campain_Election_Campaign_8_218.jpg,C:\Thực tập LUMI\model_BaiToan\Deepleaning\data\dataset\raw\clear\8--Election_Campain_8_Election_Campain_Election_Campaign_8_218.jpg_b38761.jpg
01a0b343-b4d0-7350-9150-b776cae4b19e_nvr-llWGaUl9M9E771xokkJUiNr5fMyJBigI_1789713954728_img_face19.jpg,train,clear,64,64,1.0,True,small,single_01a0b343-b4d0-7350-9150-b776cae4b19e_nvr-llWGaUl9M9E771xokkJUiNr5fMyJBigI_1789713954728_img_face19.jpg,C:\Thực tập LUMI\model_BaiToan\Deepleaning\data\dataset\raw\clear\01a0b343-b4d0-7350-9150-b776cae4b19e_nvr-llWGaUl9M9E771xokkJUiNr5fMyJBigI_1789713954728_img_face19.jpg
10--People_Marching_10_People_Marching_People_Marching_2_1023.jpg_b18639.jpg,train,clear,74,74,1.0,True,small,wider_10--People_Marching_10_People_Marching_People_Marching_2_1023.jpg,C:\Thực tập LUMI\model_BaiToan\Deepleaning\data\dataset\raw\clear\10--People_Marching_10_People_Marching_People_Marching_2_1023.jpg_b18639.jpg
29--Students_Schoolkids_29_Students_Schoolkids_Students_Schoolkids_29_5.jpg_b95190.jpg,train,clear,66,66,1.0,True,small,wider_29--Students_Schoolkids_29_Students_Schoolkids_Students_Schoolkids_29_5.jpg,C:\Thực tập LUMI\model_BaiToan\Deepleaning\data\dataset\raw\clear\29--Students_Schoolkids_29_Students_Schoolkids_Students_Schoolkids_29_5.jpg_b95190.jpg
2--Demonstration_2_Demonstration_Demonstrators_2_108.jpg_b47343.jpg,train,clear,71,71,1.0,True,small,wider_2--Demonstration_2_Demonstration_Demonstrators_2_108.jpg,C:\Thực tập LUMI\model_BaiToan\Deepleaning\data\dataset\raw\clear\2--Demonstration_2_Demonstration_Demonstrators_2_108.jpg_b47343.jpg
35--Basketball_35_Basketball_Basketball_35_188.jpg_b105853.jpg,train,clear,64,64,1.0,True,small,wider_35--Basketball_35_Basketball_Basketball_35_188.jpg,C:\Thực tập LUMI\model_BaiToan\Deepleaning\data\dataset\raw\clear\35--Basketball_35_Basketball_Basketball_35_188.jpg_b105853.jpg
2--Demonstration_2_Demonstration_Demonstrators_2_341.jpg_b74508.jpg,train,clear,66,66,1.0,True,small,wider_2--Demonstration_2_Demonstration_Demonstrators_2_341.jpg,C:\Thực tập LUMI\model_BaiToan\Deepleaning\data\dataset\raw\clear\2--Demonstration_2_Demonstration_Demonstrators_2_341.jpg_b74508.jpg
01a0b34a-f448-7c30-8d1b-4b0392614c63_nvr-llWGaUl9M9E771xokkJUiNr5fMyJBigI_1789714429314_img_face12.jpg,train,clear,63,63,1.0,True,small,single_01a0b34a-f448-7c30-8d1b-4b0392614c63_nvr-llWGaUl9M9E771xokkJUiNr5fMyJBigI_1789714429314_img_face12.jpg,C:\Thực tập LUMI\model_BaiToan\Deepleaning\data\dataset\raw\clear\01a0b34a-f448-7c30-8d1b-4b0392614c63_nvr-llWGaUl9M9E771xokkJUiNr5fMyJBigI_1789714429314_img_face12.jpg
6--Funeral_6_Funeral_Funeral_6_512.jpg_b144582.jpg,train,clear,65,65,1.0,True,small,wider_6--Funeral_6_Funeral_Funeral_6_512.jpg,C:\Thực tập LUMI\model_BaiToan\Deepleaning\data\dataset\raw\clear\6--Funeral_6_Funeral_Funeral_6_512.jpg_b144582.jpg
0--Parade_0_Parade_Parade_0_588.jpg_b11878.jpg,train,clear,67,67,1.0,True,small,wider_0--Parade_0_Parade_Parade_0_588.jpg,C:\Thực tập LUMI\model_BaiToan\Deepleaning\data\dataset\raw\clear\0--Parade_0_Parade_Parade_0_588.jpg_b11878.jpg
01a0b34b-61a8-7411-a63b-001cd1d988f5_nvr-llWGaUl9M9E771xokkJUiNr5fMyJBigI_1789714457772_img_face11.jpg,train,clear,57,57,1.0,True,small,single_01a0b34b-61a8-7411-a63b-001cd1d988f5_nvr-llWGaUl9M9E771xokkJUiNr5fMyJBigI_1789714457772_img_face11.jpg,C:\Thực tập LUMI\model_BaiToan\Deepleaning\data\dataset\raw\clear\01a0b34b-61a8-7411-a63b-001cd1d988f5_nvr-llWGaUl9M9E771xokkJUiNr5fMyJBigI_1789714457772_img_face11.jpg
10--People_Marching_10_People_Marching_People_Marching_2_520.jpg_b19557.jpg,train,clear,68,68,1.0,True,small,wider_10--People_Marching_10_People_Marching_People_Marching_2_520.jpg,C:\Thực tập LUMI\model_BaiToan\Deepleaning\data\dataset\raw\clear\10--People_Marching_10_People_Marching_People_Marching_2_520.jpg_b19557.jpg
10--People_Marching_10_People_Marching_People_Marching_2_520.jpg_b19558.jpg,train,clear,70,70,1.0,True,small,wider_10--People_Marching_10_People_Marching_People_Marching_2_520.jpg,C:\Thực tập LUMI\model_BaiToan\Deepleaning\data\dataset\raw\clear\10--People_Marching_10_People_Marching_People_Marching_2_520.jpg_b19558.jpg
10--People_Marching_10_People_Marching_People_Marching_2_520.jpg_b19563.jpg,train,occluded,65,65,1.0,True,small,wider_10--People_Marching_10_People_Marching_People_Marching_2_520.jpg,C:\Thực tập LUMI\model_BaiToan\Deepleaning\data\dataset\raw\occluded\10--People_Marching_10_People_Marching_People_Marching_2_520.jpg_b19563.jpg
41--Swimming_41_Swimming_Swimming_41_618.jpg_b121270.jpg,train,clear,68,68,1.0,True,small,wider_41--Swimming_41_Swimming_Swimming_41_618.jpg,C:\Thực tập LUMI\model_BaiToan\Deepleaning\data\dataset\raw\clear\41--Swimming_41_Swimming_Swimming_41_618.jpg_b121270.jpg
2--Demonstration_2_Demonstration_Demonstration_Or_Protest_2_58.jpg_b16434.jpg,train,clear,69,69,1.0,True,small,wider_2--Demonstration_2_Demonstration_Demonstration_Or_Protest_2_58.jpg,C:\Thực tập LUMI\model_BaiToan\Deepleaning\data\dataset\raw\clear\2--Demonstration_2_Demonstration_Demonstration_Or_Protest_2_58.jpg_b16434.jpg
2--Demonstration_2_Demonstration_Demonstration_Or_Protest_2_58.jpg_b16493.jpg,train,clear,109,109,1.0,True,medium,wider_2--Demonstration_2_Demonstration_Demonstration_Or_Protest_2_58.jpg,C:\Thực tập LUMI\model_BaiToan\Deepleaning\data\dataset\raw\clear\2--Demonstration_2_Demonstration_Demonstration_Or_Protest_2_58.jpg_b16493.jpg
52--Photographers_52_Photographers_photographertakingphoto_52_578.jpg_b34553.jpg,train,clear,74,74,1.0,True,small,wider_52--Photographers_52_Photographers_photographertakingphoto_52_578.jpg,C:\Thực tập LUMI\model_BaiToan\Deepleaning\data\dataset\raw\clear\52--Photographers_52_Photographers_photographertakingphoto_52_578.jpg_b34553.jpg
01a0b74d-2750-79b1-b43a-8132a3a83b58_nvr-llWGaUl9M9E771xokkJUiNr5fMyJBigI_1789781682384_img_face.jpg,train,clear,64,64,1.0,True,small,single_01a0b74d-2750-79b1-b43a-8132a3a83b58_nvr-llWGaUl9M9E771xokkJUiNr5fMyJBigI_1789781682384_img_face.jpg,C:\Thực tập LUMI\model_BaiToan\Deepleaning\data\dataset\raw\clear\01a0b74d-2750-79b1-b43a-8132a3a83b58_nvr-llWGaUl9M9E771xokkJUiNr5fMyJBigI_1789781682384_img_face.jpg
0--Parade_0_Parade_marchingband_1_759.jpg_b2874.jpg,train,clear,65,65,1.0,True,small,wider_0--Parade_0_Parade_marchingband_1_759.jpg,C:\Thực tập LUMI\model_BaiToan\Deepleaning\data\dataset\raw\clear\0--Parade_0_Parade_marchingband_1_759.jpg_b2874.jpg
37--Soccer_37_Soccer_soccer_ball_37_694.jpg_b113394.jpg,train,clear,72,72,1.0,True,small,wider_37--Soccer_37_Soccer_soccer_ball_37_694.jpg,C:\Thực tập LUMI\model_BaiToan\Deepleaning\data\dataset\raw\clear\37--Soccer_37_Soccer_soccer_ball_37_694.jpg_b113394.jpg
01a0b345-a4e8-77f3-9935-f0eeb199533f_nvr-llWGaUl9M9E771xokkJUiNr5fMyJBigI_1789714081305_img_face3.jpg,train,clear,63,63,1.0,True,small,single_01a0b345-a4e8-77f3-9935-f0eeb199533f_nvr-llWGaUl9M9E771xokkJUiNr5fMyJBigI_1789714081305_img_face3.jpg,C:\Thực tập LUMI\model_BaiToan\Deepleaning\data\dataset\raw\clear\01a0b345-a4e8-77f3-9935-f0eeb199533f_nvr-llWGaUl9M9E771xokkJUiNr5fMyJBigI_1789714081305_img_face3.jpg
01a0b428-6b98-7a13-86e8-fb394fbfd850_nvr-llWGaUl9M9E771xokkJUiNr5fMyJBigI_1789728943532_img_face1.jpg,train,clear,68,68,1.0,True,small,single_01a0b428-6b98-7a13-86e8-fb394fbfd850_nvr-llWGaUl9M9E771xokkJUiNr5fMyJBigI_1789728943532_img_face1.jpg,C:\Thực tập LUMI\model_BaiToan\Deepleaning\data\dataset\raw\clear\01a0b428-6b98-7a13-86e8-fb394fbfd850_nvr-llWGaUl9M9E771xokkJUiNr5fMyJBigI_1789728943532_img_face1.jpg
11--Meeting_11_Meeting_Meeting_11_Meeting_Meeting_11_570.jpg_b23164.jpg,train,clear,71,71,1.0,True,small,wider_11--Meeting_11_Meeting_Meeting_11_Meeting_Meeting_11_570.jpg,C:\Thực tập LUMI\model_BaiToan\Deepleaning\data\dataset\raw\clear\11--Meeting_11_Meeting_Meeting_11_Meeting_Meeting_11_570.jpg_b23164.jpg
01a0b34b-61a8-7773-9961-45ac8896d6f4_nvr-llWGaUl9M9E771xokkJUiNr5fMyJBigI_1789714457897_img_face4.jpg,train,clear,64,64,1.0,True,small,single_01a0b34b-61a8-7773-9961-45ac8896d6f4_nvr-llWGaUl9M9E771xokkJUiNr5fMyJBigI_1789714457897_img_face4.jpg,C:\Thực tập LUMI\model_BaiToan\Deepleaning\data\dataset\raw\clear\01a0b34b-61a8-7773-9961-45ac8896d6f4_nvr-llWGaUl9M9E771xokkJUiNr5fMyJBigI_1789714457897_img_face4.jpg
01a0b348-0260-76d0-907d-12dfdef5de4d_nvr-llWGaUl9M9E771xokkJUiNr5fMyJBigI_1789714236439_img_face17.jpg,train,clear,65,65,1.0,True,small,single_01a0b348-0260-76d0-907d-12dfdef5de4d_nvr-llWGaUl9M9E771xokkJUiNr5fMyJBigI_1789714236439_img_face17.jpg,C:\Thực tập LUMI\model_BaiToan\Deepleaning\data\dataset\raw\clear\01a0b348-0260-76d0-907d-12dfdef5de4d_nvr-llWGaUl9M9E771xokkJUiNr5fMyJBigI_1789714236439_img_face17.jpg
12--Group_12_Group_Large_Group_12_Group_Large_Group_12_154.jpg_b25070.jpg,train,clear,72,72,1.0,True,small,wider_12--Group_12_Group_Large_Group_12_Group_Large_Group_12_154.jpg,C:\Thực tập LUMI\model_BaiToan\Deepleaning\data\dataset\raw\clear\12--Group_12_Group_Large_Group_12_Group_Large_Group_12_154.jpg_b25070.jpg
12--Group_12_Group_Large_Group_12_Group_Large_Group_12_154.jpg_b25072.jpg,train,occluded,84,84,1.0,True,medium,wider_12--Group_12_Group_Large_Group_12_Group_Large_Group_12_154.jpg,C:\Thực tập LUMI\model_BaiToan\Deepleaning\data\dataset\raw\occluded\12--Group_12_Group_Large_Group_12_Group_Large_Group_12_154.jpg_b25072.jpg
01a0b7bc-9a90-7991-a788-c3898b05ab0a_nvr-llWGaUl9M9E771xokkJUiNr5fMyJBigI_1789788986041_img_face1.jpg,train,clear,51,51,1.0,True,small,single_01a0b7bc-9a90-7991-a788-c3898b05ab0a_nvr-llWGaUl9M9E771xokkJUiNr5fMyJBigI_1789788986041_img_face1.jpg,C:\Thực tập LUMI\model_BaiToan\Deepleaning\data\dataset\raw\clear\01a0b7bc-9a90-7991-a788-c3898b05ab0a_nvr-llWGaUl9M9E771xokkJUiNr5fMyJBigI_1789788986041_img_face1.jpg
01a0b773-6848-7452-95dd-4879020ecf24_nvr-llWGaUl9M9E771xokkJUiNr5fMyJBigI_1789784189281_img_face.jpg,train,clear,69,69,1.0,True,small,single_01a0b773-6848-7452-95dd-4879020ecf24_nvr-llWGaUl9M9E771xokkJUiNr5fMyJBigI_1789784189281_img_face.jpg,C:\Thực tập LUMI\model_BaiToan\Deepleaning\data\dataset\raw\clear\01a0b773-6848-7452-95dd-4879020ecf24_nvr-llWGaUl9M9E771xokkJUiNr5fMyJBigI_1789784189281_img_face.jpg
01a0b348-6bd8-7f81-9057-fdefcf8bbfa9_nvr-llWGaUl9M9E771xokkJUiNr5fMyJBigI_1789714263300_img_face13.jpg,train,clear,73,73,1.0,True,small,single_01a0b348-6bd8-7f81-9057-fdefcf8bbfa9_nvr-llWGaUl9M9E771xokkJUiNr5fMyJBigI_1789714263300_img_face13.jpg,C:\Thực tập LUMI\model_BaiToan\Deepleaning\data\dataset\raw\clear\01a0b348-6bd8-7f81-9057-fdefcf8bbfa9_nvr-llWGaUl9M9E771xokkJUiNr5fMyJBigI_1789714263300_img_face13.jpg
01a0b344-1e48-7473-8893-db6a4715b078_nvr-llWGaUl9M9E771xokkJUiNr5fMyJBigI_1789713981911_img_face11.jpg,train,clear,64,64,1.0,True,small,single_01a0b344-1e48-7473-8893-db6a4715b078_nvr-llWGaUl9M9E771xokkJUiNr5fMyJBigI_1789713981911_img_face11.jpg,C:\Thực tập LUMI\model_BaiToan\Deepleaning\data\dataset\raw\clear\01a0b344-1e48-7473-8893-db6a4715b078_nvr-llWGaUl9M9E771xokkJUiNr5fMyJBigI_1789713981911_img_face11.jpg
13--Interview_13_Interview_Interview_2_People_Visible_13_96.jpg_b36634.jpg,train,clear,69,69,1.0,True,small,wider_13--Interview_13_Interview_Interview_2_People_Visible_13_96.jpg,C:\Thực tập LUMI\model_BaiToan\Deepleaning\data\dataset\raw\clear\13--Interview_13_Interview_Interview_2_People_Visible_13_96.jpg_b36634.jpg
29--Students_Schoolkids_29_Students_Schoolkids_Students_Schoolkids_29_208.jpg_b24107.jpg,train,clear,73,73,1.0,True,small,wider_29--Students_Schoolkids_29_Students_Schoolkids_Students_Schoolkids_29_208.jpg,C:\Thực tập LUMI\model_BaiToan\Deepleaning\data\dataset\raw\clear\29--Students_Schoolkids_29_Students_Schoolkids_Students_Schoolkids_29_208.jpg_b24107.jpg
13--Interview_13_Interview_Interview_2_People_Visible_13_189.jpg_b9892.jpg,train,clear,65,65,1.0,True,small,wider_13--Interview_13_Interview_Interview_2_People_Visible_13_189.jpg,C:\Thực tập LUMI\model_BaiToan\Deepleaning\data\dataset\raw\clear\13--Interview_13_Interview_Interview_2_People_Visible_13_189.jpg_b9892.jpg
30--Surgeons_30_Surgeons_Surgeons_30_315.jpg_b98612.jpg,train,clear,65,65,1.0,True,small,wider_30--Surgeons_30_Surgeons_Surgeons_30_315.jpg,C:\Thực tập LUMI\model_BaiToan\Deepleaning\data\dataset\raw\clear\30--Surgeons_30_Surgeons_Surgeons_30_315.jpg_b98612.jpg
30--Surgeons_30_Surgeons_Surgeons_30_854.jpg_b98376.jpg,train,clear,72,72,1.0,True,small,wider_30--Surgeons_30_Surgeons_Surgeons_30_854.jpg,C:\Thực tập LUMI\model_BaiToan\Deepleaning\data\dataset\raw\clear\30--Surgeons_30_Surgeons_Surgeons_30_854.jpg_b98376.jpg
2--Demonstration_2_Demonstration_Protesters_2_89.jpg_b55180.jpg,train,clear,65,65,1.0,True,small,wider_2--Demonstration_2_Demonstration_Protesters_2_89.jpg,C:\Thực tập LUMI\model_BaiToan\Deepleaning\data\dataset\raw\clear\2--Demonstration_2_Demonstration_Protesters_2_89.jpg_b55180.jpg
38--Tennis_38_Tennis_Tennis_38_18.jpg_b30142.jpg,train,clear,70,70,1.0,True,small,wider_38--Tennis_38_Tennis_Tennis_38_18.jpg,C:\Thực tập LUMI\model_BaiToan\Deepleaning\data\dataset\raw\clear\38--Tennis_38_Tennis_Tennis_38_18.jpg_b30142.jpg
10--People_Marching_10_People_Marching_People_Marching_2_1021.jpg_b19301.jpg,train,clear,73,73,1.0,True,small,wider_10--People_Marching_10_People_Marching_People_Marching_2_1021.jpg,C:\Thực tập LUMI\model_BaiToan\Deepleaning\data\dataset\raw\clear\10--People_Marching_10_People_Marching_People_Marching_2_1021.jpg_b19301.jpg
27--Spa_27_Spa_Spa_27_808.jpg_b92921.jpg,train,clear,64,64,1.0,True,small,wider_27--Spa_27_Spa_Spa_27_808.jpg,C:\Thực tập LUMI\model_BaiToan\Deepleaning\data\dataset\raw\clear\27--Spa_27_Spa_Spa_27_808.jpg_b92921.jpg
44--Aerobics_44_Aerobics_Aerobics_44_768.jpg_b123750.jpg,train,clear,74,74,1.0,True,small,wider_44--Aerobics_44_Aerobics_Aerobics_44_768.jpg,C:\Thực tập LUMI\model_BaiToan\Deepleaning\data\dataset\raw\clear\44--Aerobics_44_Aerobics_Aerobics_44_768.jpg_b123750.jpg
44--Aerobics_44_Aerobics_Aerobics_44_768.jpg_b123752.jpg,train,clear,72,72,1.0,True,small,wider_44--Aerobics_44_Aerobics_Aerobics_44_768.jpg,C:\Thực tập LUMI\model_BaiToan\Deepleaning\data\dataset\raw\clear\44--Aerobics_44_Aerobics_Aerobics_44_768.jpg_b123752.jpg
01a0b349-b3f8-7ec0-b933-61be5285aec6_nvr-llWGaUl9M9E771xokkJUiNr5fMyJBigI_1789714347648_img_face1.jpg,train,clear,69,69,1.0,True,small,single_01a0b349-b3f8-7ec0-b933-61be5285aec6_nvr-llWGaUl9M9E771xokkJUiNr5fMyJBigI_1789714347648_img_face1.jpg,C:\Thực tập LUMI\model_BaiToan\Deepleaning\data\dataset\raw\clear\01a0b349-b3f8-7ec0-b933-61be5285aec6_nvr-llWGaUl9M9E771xokkJUiNr5fMyJBigI_1789714347648_img_face1.jpg
12--Group_12_Group_Group_12_Group_Group_12_36.jpg_b24034.jpg,train,clear,69,69,1.0,True,small,wider_12--Group_12_Group_Group_12_Group_Group_12_36.jpg,C:\Thực tập LUMI\model_BaiToan\Deepleaning\data\dataset\raw\clear\12--Group_12_Group_Group_12_Group_Group_12_36.jpg_b24034.jpg
01a0b348-0260-76d0-907d-12dfdef5de4d_nvr-llWGaUl9M9E771xokkJUiNr5fMyJBigI_1789714236439_img_face5.jpg,train,clear,74,74,1.0,True,small,single_01a0b348-0260-76d0-907d-12dfdef5de4d_nvr-llWGaUl9M9E771xokkJUiNr5fMyJBigI_1789714236439_img_face5.jpg,C:\Thực tập LUMI\model_BaiToan\Deepleaning\data\dataset\raw\clear\01a0b348-0260-76d0-907d-12dfdef5de4d_nvr-llWGaUl9M9E771xokkJUiNr5fMyJBigI_1789714236439_img_face5.jpg
13--Interview_13_Interview_Interview_2_People_Visible_13_224.jpg_b36867.jpg,train,clear,70,70,1.0,True,small,wider_13--Interview_13_Interview_Interview_2_People_Visible_13_224.jpg,C:\Thực tập LUMI\model_BaiToan\Deepleaning\data\dataset\raw\clear\13--Interview_13_Interview_Interview_2_People_Visible_13_224.jpg_b36867.jpg
45--Balloonist_45_Balloonist_Balloonist_45_707.jpg_b124504.jpg,train,clear,65,65,1.0,True,small,wider_45--Balloonist_45_Balloonist_Balloonist_45_707.jpg,C:\Thực tập LUMI\model_BaiToan\Deepleaning\data\dataset\raw\clear\45--Balloonist_45_Balloonist_Balloonist_45_707.jpg_b124504.jpg
45--Balloonist_45_Balloonist_Balloonist_45_707.jpg_b124511.jpg,train,clear,68,68,1.0,True,small,wider_45--Balloonist_45_Balloonist_Balloonist_45_707.jpg,C:\Thực tập LUMI\model_BaiToan\Deepleaning\data\dataset\raw\clear\45--Balloonist_45_Balloonist_Balloonist_45_707.jpg_b124511.jpg
53--Raid_53_Raid_policeraid_53_69.jpg_b135875.jpg,train,clear,65,65,1.0,True,small,wider_53--Raid_53_Raid_policeraid_53_69.jpg,C:\Thực tập LUMI\model_BaiToan\Deepleaning\data\dataset\raw\clear\53--Raid_53_Raid_policeraid_53_69.jpg_b135875.jpg
01a0b34b-61a8-7411-a63b-001cd1d988f5_nvr-llWGaUl9M9E771xokkJUiNr5fMyJBigI_1789714457772_img_face3.jpg,train,clear,67,67,1.0,True,small,single_01a0b34b-61a8-7411-a63b-001cd1d988f5_nvr-llWGaUl9M9E771xokkJUiNr5fMyJBigI_1789714457772_img_face3.jpg,C:\Thực tập LUMI\model_BaiToan\Deepleaning\data\dataset\raw\clear\01a0b34b-61a8-7411-a63b-001cd1d988f5_nvr-llWGaUl9M9E771xokkJUiNr5fMyJBigI_1789714457772_img_face3.jpg
7--Cheering_7_Cheering_Cheering_7_918.jpg_b148019.jpg,train,clear,65,65,1.0,True,small,wider_7--Cheering_7_Cheering_Cheering_7_918.jpg,C:\Thực tập LUMI\model_BaiToan\Deepleaning\data\dataset\raw\clear\7--Cheering_7_Cheering_Cheering_7_918.jpg_b148019.jpg
50--Celebration_Or_Party_50_Celebration_Or_Party_birthdayparty_50_67.jpg_b134192.jpg,train,clear,64,64,1.0,True,small,wider_50--Celebration_Or_Party_50_Celebration_Or_Party_birthdayparty_50_67.jpg,C:\Thực tập LUMI\model_BaiToan\Deepleaning\data\dataset\raw\clear\50--Celebration_Or_Party_50_Celebration_Or_Party_birthdayparty_50_67.jpg_b134192.jpg
01a0b345-a4e8-77f3-9935-f0eeb199533f_nvr-llWGaUl9M9E771xokkJUiNr5fMyJBigI_1789714081305_img_face12.jpg,train,clear,72,72,1.0,True,small,single_01a0b345-a4e8-77f3-9935-f0eeb199533f_nvr-llWGaUl9M9E771xokkJUiNr5fMyJBigI_1789714081305_img_face12.jpg,C:\Thực tập LUMI\model_BaiToan\Deepleaning\data\dataset\raw\clear\01a0b345-a4e8-77f3-9935-f0eeb199533f_nvr-llWGaUl9M9E771xokkJUiNr5fMyJBigI_1789714081305_img_face12.jpg
35--Basketball_35_Basketball_basketballgame_ball_35_59.jpg_b111531.jpg,train,clear,67,67,1.0,True,small,wider_35--Basketball_35_Basketball_basketballgame_ball_35_59.jpg,C:\Thực tập LUMI\model_BaiToan\Deepleaning\data\dataset\raw\clear\35--Basketball_35_Basketball_basketballgame_ball_35_59.jpg_b111531.jpg
22--Picnic_22_Picnic_Picnic_22_473.jpg_b89141.jpg,train,clear,70,70,1.0,True,small,wider_22--Picnic_22_Picnic_Picnic_22_473.jpg,C:\Thực tập LUMI\model_BaiToan\Deepleaning\data\dataset\raw\clear\22--Picnic_22_Picnic_Picnic_22_473.jpg_b89141.jpg
01a0b344-1e48-7473-8893-db6a4715b078_nvr-llWGaUl9M9E771xokkJUiNr5fMyJBigI_1789713981911_img_face17.jpg,train,clear,55,55,1.0,True,small,single_01a0b344-1e48-7473-8893-db6a4715b078_nvr-llWGaUl9M9E771xokkJUiNr5fMyJBigI_1789713981911_img_face17.jpg,C:\Thực tập LUMI\model_BaiToan\Deepleaning\data\dataset\raw\clear\01a0b344-1e48-7473-8893-db6a4715b078_nvr-llWGaUl9M9E771xokkJUiNr5fMyJBigI_1789713981911_img_face17.jpg
01a0b348-e8d8-70c0-8948-73da6c43946f_nvr-llWGaUl9M9E771xokkJUiNr5fMyJBigI_1789714295796_img_face2.jpg,train,clear,65,65,1.0,True,small,single_01a0b348-e8d8-70c0-8948-73da6c43946f_nvr-llWGaUl9M9E771xokkJUiNr5fMyJBigI_1789714295796_img_face2.jpg,C:\Thực tập LUMI\model_BaiToan\Deepleaning\data\dataset\raw\clear\01a0b348-e8d8-70c0-8948-73da6c43946f_nvr-llWGaUl9M9E771xokkJUiNr5fMyJBigI_1789714295796_img_face2.jpg
9--Press_Conference_9_Press_Conference_Press_Conference_9_346.jpg_b38994.jpg,train,clear,68,68,1.0,True,small,wider_9--Press_Conference_9_Press_Conference_Press_Conference_9_346.jpg,C:\Thực tập LUMI\model_BaiToan\Deepleaning\data\dataset\raw\clear\9--Press_Conference_9_Press_Conference_Press_Conference_9_346.jpg_b38994.jpg
12--Group_12_Group_Group_12_Group_Group_12_480.jpg_b30743.jpg,train,clear,66,66,1.0,True,small,wider_12--Group_12_Group_Group_12_Group_Group_12_480.jpg,C:\Thực tập LUMI\model_BaiToan\Deepleaning\data\dataset\raw\clear\12--Group_12_Group_Group_12_Group_Group_12_480.jpg_b30743.jpg
01a0b343-e798-70e0-8849-7089effaff9c_nvr-llWGaUl9M9E771xokkJUiNr5fMyJBigI_1789713967381_img_face14.jpg,train,clear,65,65,1.0,True,small,single_01a0b343-e798-70e0-8849-7089effaff9c_nvr-llWGaUl9M9E771xokkJUiNr5fMyJBigI_1789713967381_img_face14.jpg,C:\Thực tập LUMI\model_BaiToan\Deepleaning\data\dataset\raw\clear\01a0b343-e798-70e0-8849-7089effaff9c_nvr-llWGaUl9M9E771xokkJUiNr5fMyJBigI_1789713967381_img_face14.jpg
01a0b721-2998-71e0-9abf-ba1282141350_nvr-llWGaUl9M9E771xokkJUiNr5fMyJBigI_1789778799440_img_face.jpg,train,clear,64,64,1.0,True,small,single_01a0b721-2998-71e0-9abf-ba1282141350_nvr-llWGaUl9M9E771xokkJUiNr5fMyJBigI_1789778799440_img_face.jpg,C:\Thực tập LUMI\model_BaiToan\Deepleaning\data\dataset\raw\clear\01a0b721-2998-71e0-9abf-ba1282141350_nvr-llWGaUl9M9E771xokkJUiNr5fMyJBigI_1789778799440_img_face.jpg
2--Demonstration_2_Demonstration_Demonstration_Or_Protest_2_561.jpg_b65497.jpg,train,clear,69,69,1.0,True,small,wider_2--Demonstration_2_Demonstration_Demonstration_Or_Protest_2_561.jpg,C:\Thực tập LUMI\model_BaiToan\Deepleaning\data\dataset\raw\clear\2--Demonstration_2_Demonstration_Demonstration_Or_Protest_2_561.jpg_b65497.jpg
3--Riot_3_Riot_Riot_3_137.jpg_b24518.jpg,train,clear,65,65,1.0,True,small,wider_3--Riot_3_Riot_Riot_3_137.jpg,C:\Thực tập LUMI\model_BaiToan\Deepleaning\data\dataset\raw\clear\3--Riot_3_Riot_Riot_3_137.jpg_b24518.jpg
35--Basketball_35_Basketball_basketballgame_ball_35_197.jpg_b25903.jpg,train,clear,72,72,1.0,True,small,wider_35--Basketball_35_Basketball_basketballgame_ball_35_197.jpg,C:\Thực tập LUMI\model_BaiToan\Deepleaning\data\dataset\raw\clear\35--Basketball_35_Basketball_basketballgame_ball_35_197.jpg_b25903.jpg
35--Basketball_35_Basketball_Basketball_35_62.jpg_b103686.jpg,train,clear,70,70,1.0,True,small,wider_35--Basketball_35_Basketball_Basketball_35_62.jpg,C:\Thực tập LUMI\model_BaiToan\Deepleaning\data\dataset\raw\clear\35--Basketball_35_Basketball_Basketball_35_62.jpg_b103686.jpg
46--Jockey_46_Jockey_Jockey_46_904.jpg_b125654.jpg,train,occluded,364,364,1.0,True,large,wider_46--Jockey_46_Jockey_Jockey_46_904.jpg,C:\Thực tập LUMI\model_BaiToan\Deepleaning\data\dataset\raw\occluded\46--Jockey_46_Jockey_Jockey_46_904.jpg_b125654.jpg
01a0b440-21e8-7940-b038-be16e55f652b_nvr-llWGaUl9M9E771xokkJUiNr5fMyJBigI_1789730497784_img_face.jpg,train,occluded,113,113,1.0,True,large,single_01a0b440-21e8-7940-b038-be16e55f652b_nvr-llWGaUl9M9E771xokkJUiNr5fMyJBigI_1789730497784_img_face.jpg,C:\Thực tập LUMI\model_BaiToan\Deepleaning\data\dataset\raw\occluded\01a0b440-21e8-7940-b038-be16e55f652b_nvr-llWGaUl9M9E771xokkJUiNr5fMyJBigI_1789730497784_img_face.jpg
49--Greeting_49_Greeting_peoplegreeting_49_381.jpg_b130285.jpg,train,occluded,138,138,1.0,True,large,wider_49--Greeting_49_Greeting_peoplegreeting_49_381.jpg,C:\Thực tập LUMI\model_BaiToan\Deepleaning\data\dataset\raw\occluded\49--Greeting_49_Greeting_peoplegreeting_49_381.jpg_b130285.jpg
49--Greeting_49_Greeting_peoplegreeting_49_381.jpg_b130286.jpg,train,occluded,194,194,1.0,True,large,wider_49--Greeting_49_Greeting_peoplegreeting_49_381.jpg,C:\Thực tập LUMI\model_BaiToan\Deepleaning\data\dataset\raw\occluded\49--Greeting_49_Greeting_peoplegreeting_49_381.jpg_b130286.jpg
002201_face.jpg,train,occluded,167,167,1.0,True,large,single_002201_face.jpg,C:\Thực tập LUMI\model_BaiToan\Deepleaning\data\dataset\raw\occluded\002201_face.jpg
40--Gymnastics_40_Gymnastics_Gymnastics_40_311.jpg_b121141.jpg,train,occluded,126,126,1.0,True,large,wider_40--Gymnastics_40_Gymnastics_Gymnastics_40_311.jpg,C:\Thực tập LUMI\model_BaiToan\Deepleaning\data\dataset\raw\occluded\40--Gymnastics_40_Gymnastics_Gymnastics_40_311.jpg_b121141.jpg
MaiNT_20260414_160233_651.jpg,train,occluded,112,112,1.0,True,large,person_session_MaiNT_20260414_1602,C:\Thực tập LUMI\model_BaiToan\Deepleaning\data\dataset\raw\occluded\MaiNT_20260414_160233_651.jpg
005916_face.jpg,train,occluded,171,171,1.0,True,large,single_005916_face.jpg,C:\Thực tập LUMI\model_BaiToan\Deepleaning\data\dataset\raw\occluded\005916_face.jpg
13--Interview_13_Interview_Interview_Sequences_13_656.jpg_b37216.jpg,train,occluded,196,196,1.0,True,large,wider_13--Interview_13_Interview_Interview_Sequences_13_656.jpg,C:\Thực tập LUMI\model_BaiToan\Deepleaning\data\dataset\raw\occluded\13--Interview_13_Interview_Interview_Sequences_13_656.jpg_b37216.jpg
6--Funeral_6_Funeral_Funeral_6_609.jpg_b144732.jpg,train,occluded,216,216,1.0,True,large,wider_6--Funeral_6_Funeral_Funeral_6_609.jpg,C:\Thực tập LUMI\model_BaiToan\Deepleaning\data\dataset\raw\occluded\6--Funeral_6_Funeral_Funeral_6_609.jpg_b144732.jpg
6--Funeral_6_Funeral_Funeral_6_609.jpg_b144734.jpg,train,occluded,192,192,1.0,True,large,wider_6--Funeral_6_Funeral_Funeral_6_609.jpg,C:\Thực tập LUMI\model_BaiToan\Deepleaning\data\dataset\raw\occluded\6--Funeral_6_Funeral_Funeral_6_609.jpg_b144734.jpg
002315_face.jpg,train,occluded,177,177,1.0,True,large,single_002315_face.jpg,C:\Thực tập LUMI\model_BaiToan\Deepleaning\data\dataset\raw\occluded\002315_face.jpg
47--Matador_Bullfighter_47_Matador_Bullfighter_matadorbullfighting_47_942.jpg_b129967.jpg,train,occluded,114,114,1.0,True,large,wider_47--Matador_Bullfighter_47_Matador_Bullfighter_matadorbullfighting_47_942.jpg,C:\Thực tập LUMI\model_BaiToan\Deepleaning\data\dataset\raw\occluded\47--Matador_Bullfighter_47_Matador_Bullfighter_matadorbullfighting_47_942.jpg_b129967.jpg
004247_face.jpg,train,occluded,145,145,1.0,True,large,single_004247_face.jpg,C:\Thực tập LUMI\model_BaiToan\Deepleaning\data\dataset\raw\occluded\004247_face.jpg
003946_face.jpg,train,occluded,175,175,1.0,True,large,single_003946_face.jpg,C:\Thực tập LUMI\model_BaiToan\Deepleaning\data\dataset\raw\occluded\003946_face.jpg
003434_face.jpg,train,occluded,136,136,1.0,True,large,single_003434_face.jpg,C:\Thực tập LUMI\model_BaiToan\Deepleaning\data\dataset\raw\occluded\003434_face.jpg
1--Handshaking_1_Handshaking_Handshaking_1_158.jpg_b4031.jpg,train,occluded,210,210,1.0,True,large,wider_1--Handshaking_1_Handshaking_Handshaking_1_158.jpg,C:\Thực tập LUMI\model_BaiToan\Deepleaning\data\dataset\raw\occluded\1--Handshaking_1_Handshaking_Handshaking_1_158.jpg_b4031.jpg
face_0002_aligned112.jpg,train,occluded,112,112,1.0,True,large,face_id_face_0002,C:\Thực tập LUMI\model_BaiToan\Deepleaning\data\dataset\raw\occluded\face_0002_aligned112.jpg
face_0002_crop.jpg,train,occluded,84,84,1.0,True,medium,face_id_face_0002,C:\Thực tập LUMI\model_BaiToan\Deepleaning\data\dataset\raw\occluded\face_0002_crop.jpg
52--Photographers_52_Photographers_photographertakingphoto_52_772.jpg_b135528.jpg,train,occluded,120,120,1.0,True,large,wider_52--Photographers_52_Photographers_photographertakingphoto_52_772.jpg,C:\Thực tập LUMI\model_BaiToan\Deepleaning\data\dataset\raw\occluded\52--Photographers_52_Photographers_photographertakingphoto_52_772.jpg_b135528.jpg
006284_face.jpg,train,occluded,156,156,1.0,True,large,single_006284_face.jpg,C:\Thực tập LUMI\model_BaiToan\Deepleaning\data\dataset\raw\occluded\006284_face.jpg
45--Balloonist_45_Balloonist_Balloonist_45_733.jpg_b31943.jpg,train,occluded,308,308,1.0,True,large,wider_45--Balloonist_45_Balloonist_Balloonist_45_733.jpg,C:\Thực tập LUMI\model_BaiToan\Deepleaning\data\dataset\raw\occluded\45--Balloonist_45_Balloonist_Balloonist_45_733.jpg_b31943.jpg
31--Waiter_Waitress_31_Waiter_Waitress_Waiter_Waitress_31_854.jpg_b98986.jpg,train,occluded,116,116,1.0,True,large,wider_31--Waiter_Waitress_31_Waiter_Waitress_Waiter_Waitress_31_854.jpg,C:\Thực tập LUMI\model_BaiToan\Deepleaning\data\dataset\raw\occluded\31--Waiter_Waitress_31_Waiter_Waitress_Waiter_Waitress_31_854.jpg_b98986.jpg
002657_face.jpg,train,occluded,156,156,1.0,True,large,single_002657_face.jpg,C:\Thực tập LUMI\model_BaiToan\Deepleaning\data\dataset\raw\occluded\002657_face.jpg
002295_face.jpg,train,occluded,154,154,1.0,True,large,single_002295_face.jpg,C:\Thực tập LUMI\model_BaiToan\Deepleaning\data\dataset\raw\occluded\002295_face.jpg
DoanNV_20260414_151120_546.jpg,train,occluded,112,112,1.0,True,large,person_session_DoanNV_20260414_1511,C:\Thực tập LUMI\model_BaiToan\Deepleaning\data\dataset\raw\occluded\DoanNV_20260414_151120_546.jpg
DoanNV_20260414_151122_647.jpg,train,occluded,112,112,1.0,True,large,person_session_DoanNV_20260414_1511,C:\Thực tập LUMI\model_BaiToan\Deepleaning\data\dataset\raw\occluded\DoanNV_20260414_151122_647.jpg
01a0b352-a120-7b90-872b-2b499a2c2064_nvr-llWGaUl9M9E771xokkJUiNr5fMyJBigI_1789714932155_img_face4.jpg,train,occluded,115,115,1.0,True,large,single_01a0b352-a120-7b90-872b-2b499a2c2064_nvr-llWGaUl9M9E771xokkJUiNr5fMyJBigI_1789714932155_img_face4.jpg,C:\Thực tập LUMI\model_BaiToan\Deepleaning\data\dataset\raw\occluded\01a0b352-a120-7b90-872b-2b499a2c2064_nvr-llWGaUl9M9E771xokkJUiNr5fMyJBigI_1789714932155_img_face4.jpg
001689_face.jpg,train,occluded,186,186,1.0,True,large,single_001689_face.jpg,C:\Thực tập LUMI\model_BaiToan\Deepleaning\data\dataset\raw\occluded\001689_face.jpg
37--Soccer_37_Soccer_soccer_ball_37_749.jpg_b115238.jpg,train,occluded,254,254,1.0,True,large,wider_37--Soccer_37_Soccer_soccer_ball_37_749.jpg,C:\Thực tập LUMI\model_BaiToan\Deepleaning\data\dataset\raw\occluded\37--Soccer_37_Soccer_soccer_ball_37_749.jpg_b115238.jpg
57--Angler_57_Angler_peoplefishing_57_893.jpg_b141273.jpg,train,occluded,113,113,1.0,True,large,wider_57--Angler_57_Angler_peoplefishing_57_893.jpg,C:\Thực tập LUMI\model_BaiToan\Deepleaning\data\dataset\raw\occluded\57--Angler_57_Angler_peoplefishing_57_893.jpg_b141273.jpg
25--Soldier_Patrol_25_Soldier_Patrol_Soldier_Patrol_25_896.jpg_b91420.jpg,train,occluded,152,152,1.0,True,large,wider_25--Soldier_Patrol_25_Soldier_Patrol_Soldier_Patrol_25_896.jpg,C:\Thực tập LUMI\model_BaiToan\Deepleaning\data\dataset\raw\occluded\25--Soldier_Patrol_25_Soldier_Patrol_Soldier_Patrol_25_896.jpg_b91420.jpg
01a0b3bc-20f0-7bd2-9907-5763fa320fbc_nvr-llWGaUl9M9E771xokkJUiNr5fMyJBigI_1789721846504_img_face1.jpg,train,occluded,129,129,1.0,True,large,single_01a0b3bc-20f0-7bd2-9907-5763fa320fbc_nvr-llWGaUl9M9E771xokkJUiNr5fMyJBigI_1789721846504_img_face1.jpg,C:\Thực tập LUMI\model_BaiToan\Deepleaning\data\dataset\raw\occluded\01a0b3bc-20f0-7bd2-9907-5763fa320fbc_nvr-llWGaUl9M9E771xokkJUiNr5fMyJBigI_1789721846504_img_face1.jpg
01a0b347-eaf0-7b03-8963-f8b9256db7d5_nvr-llWGaUl9M9E771xokkJUiNr5fMyJBigI_1789714230055_img_face12.jpg,train,occluded,134,134,1.0,True,large,single_01a0b347-eaf0-7b03-8963-f8b9256db7d5_nvr-llWGaUl9M9E771xokkJUiNr5fMyJBigI_1789714230055_img_face12.jpg,C:\Thực tập LUMI\model_BaiToan\Deepleaning\data\dataset\raw\occluded\01a0b347-eaf0-7b03-8963-f8b9256db7d5_nvr-llWGaUl9M9E771xokkJUiNr5fMyJBigI_1789714230055_img_face12.jpg
10--People_Marching_10_People_Marching_People_Marching_10_People_Marching_People_Marching_10_People_Marching_People_Marching_10_245.jpg_b18751.jpg,train,occluded,114,114,1.0,True,large,wider_10--People_Marching_10_People_Marching_People_Marching_10_People_Marching_People_Marching_10_People_Marching_People_Marching_10_245.jpg,C:\Thực tập LUMI\model_BaiToan\Deepleaning\data\dataset\raw\occluded\10--People_Marching_10_People_Marching_People_Marching_10_People_Marching_People_Marching_10_People_Marching_People_Marching_10_245.jpg_b18751.jpg
000041_face.jpg,train,occluded,182,182,1.0,True,large,single_000041_face.jpg,C:\Thực tập LUMI\model_BaiToan\Deepleaning\data\dataset\raw\occluded\000041_face.jpg
11--Meeting_11_Meeting_Meeting_11_Meeting_Meeting_11_410.jpg_b22776.jpg,train,occluded,190,190,1.0,True,large,wider_11--Meeting_11_Meeting_Meeting_11_Meeting_Meeting_11_410.jpg,C:\Thực tập LUMI\model_BaiToan\Deepleaning\data\dataset\raw\occluded\11--Meeting_11_Meeting_Meeting_11_Meeting_Meeting_11_410.jpg_b22776.jpg
21--Festival_21_Festival_Festival_21_307.jpg_b84881.jpg,train,occluded,126,126,1.0,True,large,wider_21--Festival_21_Festival_Festival_21_307.jpg,C:\Thực tập LUMI\model_BaiToan\Deepleaning\data\dataset\raw\occluded\21--Festival_21_Festival_Festival_21_307.jpg_b84881.jpg
2--Demonstration_2_Demonstration_Demonstrators_2_285.jpg_b73360.jpg,train,occluded,192,192,1.0,True,large,wider_2--Demonstration_2_Demonstration_Demonstrators_2_285.jpg,C:\Thực tập LUMI\model_BaiToan\Deepleaning\data\dataset\raw\occluded\2--Demonstration_2_Demonstration_Demonstrators_2_285.jpg_b73360.jpg
003045_face.jpg,train,occluded,126,126,1.0,True,large,single_003045_face.jpg,C:\Thực tập LUMI\model_BaiToan\Deepleaning\data\dataset\raw\occluded\003045_face.jpg
008313_face.jpg,train,occluded,168,168,1.0,True,large,single_008313_face.jpg,C:\Thực tập LUMI\model_BaiToan\Deepleaning\data\dataset\raw\occluded\008313_face.jpg
56--Voter_56_Voter_peoplevoting_56_784.jpg_b140890.jpg,train,occluded,154,154,1.0,True,large,wider_56--Voter_56_Voter_peoplevoting_56_784.jpg,C:\Thực tập LUMI\model_BaiToan\Deepleaning\data\dataset\raw\occluded\56--Voter_56_Voter_peoplevoting_56_784.jpg_b140890.jpg
12--Group_12_Group_Team_Organized_Group_12_Group_Team_Organized_Group_12_490.jpg_b33827.jpg,train,occluded,150,150,1.0,True,large,wider_12--Group_12_Group_Team_Organized_Group_12_Group_Team_Organized_Group_12_490.jpg,C:\Thực tập LUMI\model_BaiToan\Deepleaning\data\dataset\raw\occluded\12--Group_12_Group_Team_Organized_Group_12_Group_Team_Organized_Group_12_490.jpg_b33827.jpg
47--Matador_Bullfighter_47_Matador_Bullfighter_Matador_Bullfighter_47_274.jpg_b125728.jpg,train,occluded,150,150,1.0,True,large,wider_47--Matador_Bullfighter_47_Matador_Bullfighter_Matador_Bullfighter_47_274.jpg,C:\Thực tập LUMI\model_BaiToan\Deepleaning\data\dataset\raw\occluded\47--Matador_Bullfighter_47_Matador_Bullfighter_Matador_Bullfighter_47_274.jpg_b125728.jpg
21--Festival_21_Festival_Festival_21_824.jpg_b85095.jpg,train,occluded,321,321,1.0,True,large,wider_21--Festival_21_Festival_Festival_21_824.jpg,C:\Thực tập LUMI\model_BaiToan\Deepleaning\data\dataset\raw\occluded\21--Festival_21_Festival_Festival_21_824.jpg_b85095.jpg
32--Worker_Laborer_32_Worker_Laborer_Worker_Laborer_32_294.jpg_b99737.jpg,train,occluded,176,176,1.0,True,large,wider_32--Worker_Laborer_32_Worker_Laborer_Worker_Laborer_32_294.jpg,C:\Thực tập LUMI\model_BaiToan\Deepleaning\data\dataset\raw\occluded\32--Worker_Laborer_32_Worker_Laborer_Worker_Laborer_32_294.jpg_b99737.jpg
001099_face.jpg,train,occluded,164,164,1.0,True,large,single_001099_face.jpg,C:\Thực tập LUMI\model_BaiToan\Deepleaning\data\dataset\raw\occluded\001099_face.jpg
44--Aerobics_44_Aerobics_Aerobics_44_271.jpg_b123280.jpg,train,occluded,114,114,1.0,True,large,wider_44--Aerobics_44_Aerobics_Aerobics_44_271.jpg,C:\Thực tập LUMI\model_BaiToan\Deepleaning\data\dataset\raw\occluded\44--Aerobics_44_Aerobics_Aerobics_44_271.jpg_b123280.jpg
01a0b34b-36b0-73b2-bc93-a6d4ffcedb3f_nvr-llWGaUl9M9E771xokkJUiNr5fMyJBigI_1789714446323_img_face11.jpg,train,occluded,145,145,1.0,True,large,single_01a0b34b-36b0-73b2-bc93-a6d4ffcedb3f_nvr-llWGaUl9M9E771xokkJUiNr5fMyJBigI_1789714446323_img_face11.jpg,C:\Thực tập LUMI\model_BaiToan\Deepleaning\data\dataset\raw\occluded\01a0b34b-36b0-73b2-bc93-a6d4ffcedb3f_nvr-llWGaUl9M9E771xokkJUiNr5fMyJBigI_1789714446323_img_face11.jpg
000757_face.jpg,train,occluded,142,142,1.0,True,large,single_000757_face.jpg,C:\Thực tập LUMI\model_BaiToan\Deepleaning\data\dataset\raw\occluded\000757_face.jpg
006601_face.jpg,train,occluded,130,130,1.0,True,large,single_006601_face.jpg,C:\Thực tập LUMI\model_BaiToan\Deepleaning\data\dataset\raw\occluded\006601_face.jpg
44--Aerobics_44_Aerobics_Aerobics_44_197.jpg_b124138.jpg,train,occluded,115,115,1.0,True,large,wider_44--Aerobics_44_Aerobics_Aerobics_44_197.jpg,C:\Thực tập LUMI\model_BaiToan\Deepleaning\data\dataset\raw\occluded\44--Aerobics_44_Aerobics_Aerobics_44_197.jpg_b124138.jpg
2--Demonstration_2_Demonstration_Demonstration_Or_Protest_2_842.jpg_b47684.jpg,train,clear,138,138,1.0,True,large,wider_2--Demonstration_2_Demonstration_Demonstration_Or_Protest_2_842.jpg,C:\Thực tập LUMI\model_BaiToan\Deepleaning\data\dataset\raw\clear\2--Demonstration_2_Demonstration_Demonstration_Or_Protest_2_842.jpg_b47684.jpg
2--Demonstration_2_Demonstration_Demonstration_Or_Protest_2_842.jpg_b47678.jpg,train,occluded,91,91,1.0,True,medium,wider_2--Demonstration_2_Demonstration_Demonstration_Or_Protest_2_842.jpg,C:\Thực tập LUMI\model_BaiToan\Deepleaning\data\dataset\raw\occluded\2--Demonstration_2_Demonstration_Demonstration_Or_Protest_2_842.jpg_b47678.jpg
2--Demonstration_2_Demonstration_Demonstration_Or_Protest_2_842.jpg_b47682.jpg,train,occluded,71,71,1.0,True,small,wider_2--Demonstration_2_Demonstration_Demonstration_Or_Protest_2_842.jpg,C:\Thực tập LUMI\model_BaiToan\Deepleaning\data\dataset\raw\occluded\2--Demonstration_2_Demonstration_Demonstration_Or_Protest_2_842.jpg_b47682.jpg
23--Shoppers_23_Shoppers_Shoppers_23_209.jpg_b89664.jpg,train,occluded,138,138,1.0,True,large,wider_23--Shoppers_23_Shoppers_Shoppers_23_209.jpg,C:\Thực tập LUMI\model_BaiToan\Deepleaning\data\dataset\raw\occluded\23--Shoppers_23_Shoppers_Shoppers_23_209.jpg_b89664.jpg
15--Stock_Market_15_Stock_Market_Stock_Market_15_3.jpg_b38964.jpg,train,occluded,174,174,1.0,True,large,wider_15--Stock_Market_15_Stock_Market_Stock_Market_15_3.jpg,C:\Thực tập LUMI\model_BaiToan\Deepleaning\data\dataset\raw\occluded\15--Stock_Market_15_Stock_Market_Stock_Market_15_3.jpg_b38964.jpg
26--Soldier_Drilling_26_Soldier_Drilling_Soldiers_Drilling_26_299.jpg_b91887.jpg,train,occluded,187,187,1.0,True,large,wider_26--Soldier_Drilling_26_Soldier_Drilling_Soldiers_Drilling_26_299.jpg,C:\Thực tập LUMI\model_BaiToan\Deepleaning\data\dataset\raw\occluded\26--Soldier_Drilling_26_Soldier_Drilling_Soldiers_Drilling_26_299.jpg_b91887.jpg
01a0b1fb-2770-74e1-9c95-09c2f12772cd_nvr-llWGaUl9M9E771xokkJUiNr5fMyJBigI_1789692422133_img_face.jpg,train,occluded,140,140,1.0,True,large,single_01a0b1fb-2770-74e1-9c95-09c2f12772cd_nvr-llWGaUl9M9E771xokkJUiNr5fMyJBigI_1789692422133_img_face.jpg,C:\Thực tập LUMI\model_BaiToan\Deepleaning\data\dataset\raw\occluded\01a0b1fb-2770-74e1-9c95-09c2f12772cd_nvr-llWGaUl9M9E771xokkJUiNr5fMyJBigI_1789692422133_img_face.jpg
01a0b346-5c80-7783-9ab4-017cbb39ee7d_nvr-llWGaUl9M9E771xokkJUiNr5fMyJBigI_1789714128542_img_face27.jpg,train,occluded,134,134,1.0,True,large,single_01a0b346-5c80-7783-9ab4-017cbb39ee7d_nvr-llWGaUl9M9E771xokkJUiNr5fMyJBigI_1789714128542_img_face27.jpg,C:\Thực tập LUMI\model_BaiToan\Deepleaning\data\dataset\raw\occluded\01a0b346-5c80-7783-9ab4-017cbb39ee7d_nvr-llWGaUl9M9E771xokkJUiNr5fMyJBigI_1789714128542_img_face27.jpg
001555_face.jpg,train,occluded,131,131,1.0,True,large,single_001555_face.jpg,C:\Thực tập LUMI\model_BaiToan\Deepleaning\data\dataset\raw\occluded\001555_face.jpg
58--Hockey_58_Hockey_icehockey_puck_58_343.jpg_b143728.jpg,train,occluded,126,126,1.0,True,large,wider_58--Hockey_58_Hockey_icehockey_puck_58_343.jpg,C:\Thực tập LUMI\model_BaiToan\Deepleaning\data\dataset\raw\occluded\58--Hockey_58_Hockey_icehockey_puck_58_343.jpg_b143728.jpg
18--Concerts_18_Concerts_Concerts_18_433.jpg_b11313.jpg,train,occluded,280,280,1.0,True,large,wider_18--Concerts_18_Concerts_Concerts_18_433.jpg,C:\Thực tập LUMI\model_BaiToan\Deepleaning\data\dataset\raw\occluded\18--Concerts_18_Concerts_Concerts_18_433.jpg_b11313.jpg
001501_face.jpg,train,occluded,163,163,1.0,True,large,single_001501_face.jpg,C:\Thực tập LUMI\model_BaiToan\Deepleaning\data\dataset\raw\occluded\001501_face.jpg
54--Rescue_54_Rescue_rescuepeople_54_340.jpg_b137868.jpg,train,occluded,118,118,1.0,True,large,wider_54--Rescue_54_Rescue_rescuepeople_54_340.jpg,C:\Thực tập LUMI\model_BaiToan\Deepleaning\data\dataset\raw\occluded\54--Rescue_54_Rescue_rescuepeople_54_340.jpg_b137868.jpg
000726_face.jpg,train,occluded,152,152,1.0,True,large,single_000726_face.jpg,C:\Thực tập LUMI\model_BaiToan\Deepleaning\data\dataset\raw\occluded\000726_face.jpg
002214_face.jpg,train,occluded,123,123,1.0,True,large,single_002214_face.jpg,C:\Thực tập LUMI\model_BaiToan\Deepleaning\data\dataset\raw\occluded\002214_face.jpg
31--Waiter_Waitress_31_Waiter_Waitress_Waiter_Waitress_31_640.jpg_b99339.jpg,train,occluded,132,132,1.0,True,large,wider_31--Waiter_Waitress_31_Waiter_Waitress_Waiter_Waitress_31_640.jpg,C:\Thực tập LUMI\model_BaiToan\Deepleaning\data\dataset\raw\occluded\31--Waiter_Waitress_31_Waiter_Waitress_Waiter_Waitress_31_640.jpg_b99339.jpg
000036_face.jpg,train,occluded,161,161,1.0,True,large,single_000036_face.jpg,C:\Thực tập LUMI\model_BaiToan\Deepleaning\data\dataset\raw\occluded\000036_face.jpg
0--Parade_0_Parade_marchingband_1_356.jpg_b2617.jpg,train,occluded,114,114,1.0,True,large,wider_0--Parade_0_Parade_marchingband_1_356.jpg,C:\Thực tập LUMI\model_BaiToan\Deepleaning\data\dataset\raw\occluded\0--Parade_0_Parade_marchingband_1_356.jpg_b2617.jpg
54--Rescue_54_Rescue_firemanrescue_54_511.jpg_b136910.jpg,train,occluded,255,255,1.0,True,large,wider_54--Rescue_54_Rescue_firemanrescue_54_511.jpg,C:\Thực tập LUMI\model_BaiToan\Deepleaning\data\dataset\raw\occluded\54--Rescue_54_Rescue_firemanrescue_54_511.jpg_b136910.jpg
13--Interview_13_Interview_Interview_Sequences_13_431.jpg_b36991.jpg,train,occluded,252,252,1.0,True,large,wider_13--Interview_13_Interview_Interview_Sequences_13_431.jpg,C:\Thực tập LUMI\model_BaiToan\Deepleaning\data\dataset\raw\occluded\13--Interview_13_Interview_Interview_Sequences_13_431.jpg_b36991.jpg
49--Greeting_49_Greeting_peoplegreeting_49_48.jpg_b33454.jpg,train,occluded,300,300,1.0,True,large,wider_49--Greeting_49_Greeting_peoplegreeting_49_48.jpg,C:\Thực tập LUMI\model_BaiToan\Deepleaning\data\dataset\raw\occluded\49--Greeting_49_Greeting_peoplegreeting_49_48.jpg_b33454.jpg
6--Funeral_6_Funeral_Funeral_6_812.jpg_b145138.jpg,train,occluded,180,180,1.0,True,large,wider_6--Funeral_6_Funeral_Funeral_6_812.jpg,C:\Thực tập LUMI\model_BaiToan\Deepleaning\data\dataset\raw\occluded\6--Funeral_6_Funeral_Funeral_6_812.jpg_b145138.jpg
31--Waiter_Waitress_31_Waiter_Waitress_Waiter_Waitress_31_422.jpg_b98749.jpg,train,occluded,248,248,1.0,True,large,wider_31--Waiter_Waitress_31_Waiter_Waitress_Waiter_Waitress_31_422.jpg,C:\Thực tập LUMI\model_BaiToan\Deepleaning\data\dataset\raw\occluded\31--Waiter_Waitress_31_Waiter_Waitress_Waiter_Waitress_31_422.jpg_b98749.jpg
01a0b350-d048-7ce2-974b-0c1333ef1eec_nvr-llWGaUl9M9E771xokkJUiNr5fMyJBigI_1789714813044_img_face7.jpg,train,occluded,142,142,1.0,True,large,single_01a0b350-d048-7ce2-974b-0c1333ef1eec_nvr-llWGaUl9M9E771xokkJUiNr5fMyJBigI_1789714813044_img_face7.jpg,C:\Thực tập LUMI\model_BaiToan\Deepleaning\data\dataset\raw\occluded\01a0b350-d048-7ce2-974b-0c1333ef1eec_nvr-llWGaUl9M9E771xokkJUiNr5fMyJBigI_1789714813044_img_face7.jpg
6--Funeral_6_Funeral_Funeral_6_241.jpg_b37000.jpg,train,occluded,135,135,1.0,True,large,wider_6--Funeral_6_Funeral_Funeral_6_241.jpg,C:\Thực tập LUMI\model_BaiToan\Deepleaning\data\dataset\raw\occluded\6--Funeral_6_Funeral_Funeral_6_241.jpg_b37000.jpg
001286_face.jpg,train,occluded,161,161,1.0,True,large,single_001286_face.jpg,C:\Thực tập LUMI\model_BaiToan\Deepleaning\data\dataset\raw\occluded\001286_face.jpg
19--Couple_19_Couple_Couple_19_563.jpg_b45604.jpg,train,occluded,121,121,1.0,True,large,wider_19--Couple_19_Couple_Couple_19_563.jpg,C:\Thực tập LUMI\model_BaiToan\Deepleaning\data\dataset\raw\occluded\19--Couple_19_Couple_Couple_19_563.jpg_b45604.jpg
57--Angler_57_Angler_peoplefishing_57_737.jpg_b141277.jpg,train,occluded,248,248,1.0,True,large,wider_57--Angler_57_Angler_peoplefishing_57_737.jpg,C:\Thực tập LUMI\model_BaiToan\Deepleaning\data\dataset\raw\occluded\57--Angler_57_Angler_peoplefishing_57_737.jpg_b141277.jpg
000159_face.jpg,train,occluded,159,159,1.0,True,large,single_000159_face.jpg,C:\Thực tập LUMI\model_BaiToan\Deepleaning\data\dataset\raw\occluded\000159_face.jpg
003383_face.jpg,train,occluded,180,180,1.0,True,large,single_003383_face.jpg,C:\Thực tập LUMI\model_BaiToan\Deepleaning\data\dataset\raw\occluded\003383_face.jpg
10--People_Marching_10_People_Marching_People_Marching_10_People_Marching_People_Marching_10_People_Marching_People_Marching_10_175.jpg_b16994.jpg,train,occluded,140,140,1.0,True,large,wider_10--People_Marching_10_People_Marching_People_Marching_10_People_Marching_People_Marching_10_People_Marching_People_Marching_10_175.jpg,C:\Thực tập LUMI\model_BaiToan\Deepleaning\data\dataset\raw\occluded\10--People_Marching_10_People_Marching_People_Marching_10_People_Marching_People_Marching_10_People_Marching_People_Marching_10_175.jpg_b16994.jpg
15--Stock_Market_15_Stock_Market_Stock_Market_15_301.jpg_b10376.jpg,train,occluded,160,160,1.0,True,large,wider_15--Stock_Market_15_Stock_Market_Stock_Market_15_301.jpg,C:\Thực tập LUMI\model_BaiToan\Deepleaning\data\dataset\raw\occluded\15--Stock_Market_15_Stock_Market_Stock_Market_15_301.jpg_b10376.jpg
01a0b1ff-ee18-7f50-bc74-bcb75897ef64_nvr-llWGaUl9M9E771xokkJUiNr5fMyJBigI_1789692735940_img_face.jpg,train,occluded,112,112,1.0,True,large,single_01a0b1ff-ee18-7f50-bc74-bcb75897ef64_nvr-llWGaUl9M9E771xokkJUiNr5fMyJBigI_1789692735940_img_face.jpg,C:\Thực tập LUMI\model_BaiToan\Deepleaning\data\dataset\raw\occluded\01a0b1ff-ee18-7f50-bc74-bcb75897ef64_nvr-llWGaUl9M9E771xokkJUiNr5fMyJBigI_1789692735940_img_face.jpg
008024_face.jpg,train,occluded,127,127,1.0,True,large,single_008024_face.jpg,C:\Thực tập LUMI\model_BaiToan\Deepleaning\data\dataset\raw\occluded\008024_face.jpg
01a0b343-2830-7050-95a8-e4638172c947_nvr-llWGaUl9M9E771xokkJUiNr5fMyJBigI_1789713918441_img_face22.jpg,train,occluded,120,120,1.0,True,large,single_01a0b343-2830-7050-95a8-e4638172c947_nvr-llWGaUl9M9E771xokkJUiNr5fMyJBigI_1789713918441_img_face22.jpg,C:\Thực tập LUMI\model_BaiToan\Deepleaning\data\dataset\raw\occluded\01a0b343-2830-7050-95a8-e4638172c947_nvr-llWGaUl9M9E771xokkJUiNr5fMyJBigI_1789713918441_img_face22.jpg
3--Riot_3_Riot_Riot_3_204.jpg_b97291.jpg,train,occluded,127,127,1.0,True,large,wider_3--Riot_3_Riot_Riot_3_204.jpg,C:\Thực tập LUMI\model_BaiToan\Deepleaning\data\dataset\raw\occluded\3--Riot_3_Riot_Riot_3_204.jpg_b97291.jpg
53--Raid_53_Raid_policeraid_53_41.jpg_b136467.jpg,train,occluded,112,112,1.0,True,large,wider_53--Raid_53_Raid_policeraid_53_41.jpg,C:\Thực tập LUMI\model_BaiToan\Deepleaning\data\dataset\raw\occluded\53--Raid_53_Raid_policeraid_53_41.jpg_b136467.jpg
41--Swimming_41_Swimming_Swimming_41_630.jpg_b121333.jpg,train,occluded,132,132,1.0,True,large,wider_41--Swimming_41_Swimming_Swimming_41_630.jpg,C:\Thực tập LUMI\model_BaiToan\Deepleaning\data\dataset\raw\occluded\41--Swimming_41_Swimming_Swimming_41_630.jpg_b121333.jpg
004331_face.jpg,train,occluded,161,161,1.0,True,large,single_004331_face.jpg,C:\Thực tập LUMI\model_BaiToan\Deepleaning\data\dataset\raw\occluded\004331_face.jpg
001559_face.jpg,train,occluded,150,150,1.0,True,large,single_001559_face.jpg,C:\Thực tập LUMI\model_BaiToan\Deepleaning\data\dataset\raw\occluded\001559_face.jpg
01a0b34b-61a8-7773-9961-45ac8896d6f4_nvr-llWGaUl9M9E771xokkJUiNr5fMyJBigI_1789714457897_img_face9.jpg,train,occluded,145,145,1.0,True,large,single_01a0b34b-61a8-7773-9961-45ac8896d6f4_nvr-llWGaUl9M9E771xokkJUiNr5fMyJBigI_1789714457897_img_face9.jpg,C:\Thực tập LUMI\model_BaiToan\Deepleaning\data\dataset\raw\occluded\01a0b34b-61a8-7773-9961-45ac8896d6f4_nvr-llWGaUl9M9E771xokkJUiNr5fMyJBigI_1789714457897_img_face9.jpg
34--Baseball_34_Baseball_Baseball_34_156.jpg_b100807.jpg,train,occluded,128,128,1.0,True,large,wider_34--Baseball_34_Baseball_Baseball_34_156.jpg,C:\Thực tập LUMI\model_BaiToan\Deepleaning\data\dataset\raw\occluded\34--Baseball_34_Baseball_Baseball_34_156.jpg_b100807.jpg
0--Parade_0_Parade_Parade_0_890.jpg_b11645.jpg,train,occluded,114,114,1.0,True,large,wider_0--Parade_0_Parade_Parade_0_890.jpg,C:\Thực tập LUMI\model_BaiToan\Deepleaning\data\dataset\raw\occluded\0--Parade_0_Parade_Parade_0_890.jpg_b11645.jpg
002482_face.jpg,train,occluded,157,157,1.0,True,large,single_002482_face.jpg,C:\Thực tập LUMI\model_BaiToan\Deepleaning\data\dataset\raw\occluded\002482_face.jpg
01a0b42d-1eb8-7b53-822c-97cd01689078_nvr-llWGaUl9M9E771xokkJUiNr5fMyJBigI_1789729251644_img_face1.jpg,train,occluded,120,120,1.0,True,large,single_01a0b42d-1eb8-7b53-822c-97cd01689078_nvr-llWGaUl9M9E771xokkJUiNr5fMyJBigI_1789729251644_img_face1.jpg,C:\Thực tập LUMI\model_BaiToan\Deepleaning\data\dataset\raw\occluded\01a0b42d-1eb8-7b53-822c-97cd01689078_nvr-llWGaUl9M9E771xokkJUiNr5fMyJBigI_1789729251644_img_face1.jpg
007336_face.jpg,train,occluded,136,136,1.0,True,large,single_007336_face.jpg,C:\Thực tập LUMI\model_BaiToan\Deepleaning\data\dataset\raw\occluded\007336_face.jpg
3--Riot_3_Riot_Riot_3_794.jpg_b97659.jpg,train,occluded,144,144,1.0,True,large,wider_3--Riot_3_Riot_Riot_3_794.jpg,C:\Thực tập LUMI\model_BaiToan\Deepleaning\data\dataset\raw\occluded\3--Riot_3_Riot_Riot_3_794.jpg_b97659.jpg
2--Demonstration_2_Demonstration_Demonstration_Or_Protest_2_905.jpg_b45623.jpg,train,occluded,482,482,1.0,True,large,wider_2--Demonstration_2_Demonstration_Demonstration_Or_Protest_2_905.jpg,C:\Thực tập LUMI\model_BaiToan\Deepleaning\data\dataset\raw\occluded\2--Demonstration_2_Demonstration_Demonstration_Or_Protest_2_905.jpg_b45623.jpg
51--Dresses_51_Dresses_wearingdress_51_354.jpg_b134421.jpg,train,occluded,158,158,1.0,True,large,wider_51--Dresses_51_Dresses_wearingdress_51_354.jpg,C:\Thực tập LUMI\model_BaiToan\Deepleaning\data\dataset\raw\occluded\51--Dresses_51_Dresses_wearingdress_51_354.jpg_b134421.jpg
004102_face.jpg,train,occluded,123,123,1.0,True,large,single_004102_face.jpg,C:\Thực tập LUMI\model_BaiToan\Deepleaning\data\dataset\raw\occluded\004102_face.jpg
000906_face.jpg,train,occluded,166,166,1.0,True,large,single_000906_face.jpg,C:\Thực tập LUMI\model_BaiToan\Deepleaning\data\dataset\raw\occluded\000906_face.jpg
35--Basketball_35_Basketball_basketballgame_ball_35_133.jpg_b25294.jpg,train,occluded,320,320,1.0,True,large,wider_35--Basketball_35_Basketball_basketballgame_ball_35_133.jpg,C:\Thực tập LUMI\model_BaiToan\Deepleaning\data\dataset\raw\occluded\35--Basketball_35_Basketball_basketballgame_ball_35_133.jpg_b25294.jpg
2--Demonstration_2_Demonstration_Political_Rally_2_840.jpg_b54493.jpg,train,occluded,195,195,1.0,True,large,wider_2--Demonstration_2_Demonstration_Political_Rally_2_840.jpg,C:\Thực tập LUMI\model_BaiToan\Deepleaning\data\dataset\raw\occluded\2--Demonstration_2_Demonstration_Political_Rally_2_840.jpg_b54493.jpg
31--Waiter_Waitress_31_Waiter_Waitress_Waiter_Waitress_31_277.jpg_b98820.jpg,train,occluded,122,122,1.0,True,large,wider_31--Waiter_Waitress_31_Waiter_Waitress_Waiter_Waitress_31_277.jpg,C:\Thực tập LUMI\model_BaiToan\Deepleaning\data\dataset\raw\occluded\31--Waiter_Waitress_31_Waiter_Waitress_Waiter_Waitress_31_277.jpg_b98820.jpg
004104_face.jpg,train,occluded,145,145,1.0,True,large,single_004104_face.jpg,C:\Thực tập LUMI\model_BaiToan\Deepleaning\data\dataset\raw\occluded\004104_face.jpg
006150_face.jpg,train,occluded,132,132,1.0,True,large,single_006150_face.jpg,C:\Thực tập LUMI\model_BaiToan\Deepleaning\data\dataset\raw\occluded\006150_face.jpg
008191_face.jpg,train,occluded,158,158,1.0,True,large,single_008191_face.jpg,C:\Thực tập LUMI\model_BaiToan\Deepleaning\data\dataset\raw\occluded\008191_face.jpg
01a0b342-da10-7a82-b30b-18ef916855c3_nvr-llWGaUl9M9E771xokkJUiNr5fMyJBigI_1789713898039_img_face12.jpg,train,occluded,113,113,1.0,True,large,single_01a0b342-da10-7a82-b30b-18ef916855c3_nvr-llWGaUl9M9E771xokkJUiNr5fMyJBigI_1789713898039_img_face12.jpg,C:\Thực tập LUMI\model_BaiToan\Deepleaning\data\dataset\raw\occluded\01a0b342-da10-7a82-b30b-18ef916855c3_nvr-llWGaUl9M9E771xokkJUiNr5fMyJBigI_1789713898039_img_face12.jpg
007927_face.jpg,train,occluded,161,161,1.0,True,large,single_007927_face.jpg,C:\Thực tập LUMI\model_BaiToan\Deepleaning\data\dataset\raw\occluded\007927_face.jpg
2--Demonstration_2_Demonstration_Protesters_2_833.jpg_b73748.jpg,train,occluded,115,115,1.0,True,large,wider_2--Demonstration_2_Demonstration_Protesters_2_833.jpg,C:\Thực tập LUMI\model_BaiToan\Deepleaning\data\dataset\raw\occluded\2--Demonstration_2_Demonstration_Protesters_2_833.jpg_b73748.jpg
2--Demonstration_2_Demonstration_Protesters_2_833.jpg_b73749.jpg,train,occluded,69,69,1.0,True,small,wider_2--Demonstration_2_Demonstration_Protesters_2_833.jpg,C:\Thực tập LUMI\model_BaiToan\Deepleaning\data\dataset\raw\occluded\2--Demonstration_2_Demonstration_Protesters_2_833.jpg_b73749.jpg
12--Group_12_Group_Large_Group_12_Group_Large_Group_12_203.jpg_b25000.jpg,train,occluded,116,116,1.0,True,large,wider_12--Group_12_Group_Large_Group_12_Group_Large_Group_12_203.jpg,C:\Thực tập LUMI\model_BaiToan\Deepleaning\data\dataset\raw\occluded\12--Group_12_Group_Large_Group_12_Group_Large_Group_12_203.jpg_b25000.jpg
12--Group_12_Group_Large_Group_12_Group_Large_Group_12_203.jpg_b25005.jpg,train,occluded,81,81,1.0,True,medium,wider_12--Group_12_Group_Large_Group_12_Group_Large_Group_12_203.jpg,C:\Thực tập LUMI\model_BaiToan\Deepleaning\data\dataset\raw\occluded\12--Group_12_Group_Large_Group_12_Group_Large_Group_12_203.jpg_b25005.jpg
003944_face.jpg,train,occluded,155,155,1.0,True,large,single_003944_face.jpg,C:\Thực tập LUMI\model_BaiToan\Deepleaning\data\dataset\raw\occluded\003944_face.jpg
000760_face.jpg,train,occluded,141,141,1.0,True,large,single_000760_face.jpg,C:\Thực tập LUMI\model_BaiToan\Deepleaning\data\dataset\raw\occluded\000760_face.jpg
52--Photographers_52_Photographers_photographertakingphoto_52_103.jpg_b135128.jpg,train,occluded,360,360,1.0,True,large,wider_52--Photographers_52_Photographers_photographertakingphoto_52_103.jpg,C:\Thực tập LUMI\model_BaiToan\Deepleaning\data\dataset\raw\occluded\52--Photographers_52_Photographers_photographertakingphoto_52_103.jpg_b135128.jpg
face_0007_aligned112.jpg,train,occluded,112,112,1.0,True,large,face_id_face_0007,C:\Thực tập LUMI\model_BaiToan\Deepleaning\data\dataset\raw\occluded\face_0007_aligned112.jpg
000417_face.jpg,train,occluded,194,194,1.0,True,large,single_000417_face.jpg,C:\Thực tập LUMI\model_BaiToan\Deepleaning\data\dataset\raw\occluded\000417_face.jpg
22--Picnic_22_Picnic_Picnic_22_537.jpg_b22247.jpg,train,occluded,204,204,1.0,True,large,wider_22--Picnic_22_Picnic_Picnic_22_537.jpg,C:\Thực tập LUMI\model_BaiToan\Deepleaning\data\dataset\raw\occluded\22--Picnic_22_Picnic_Picnic_22_537.jpg_b22247.jpg
005072_face.jpg,train,occluded,151,151,1.0,True,large,single_005072_face.jpg,C:\Thực tập LUMI\model_BaiToan\Deepleaning\data\dataset\raw\occluded\005072_face.jpg
30--Surgeons_30_Surgeons_Surgeons_30_865.jpg_b24754.jpg,train,occluded,120,120,1.0,True,large,wider_30--Surgeons_30_Surgeons_Surgeons_30_865.jpg,C:\Thực tập LUMI\model_BaiToan\Deepleaning\data\dataset\raw\occluded\30--Surgeons_30_Surgeons_Surgeons_30_865.jpg_b24754.jpg
0--Parade_0_Parade_Parade_0_928.jpg_b10442.jpg,train,occluded,224,224,1.0,True,large,wider_0--Parade_0_Parade_Parade_0_928.jpg,C:\Thực tập LUMI\model_BaiToan\Deepleaning\data\dataset\raw\occluded\0--Parade_0_Parade_Parade_0_928.jpg_b10442.jpg
face_0006_aligned112.jpg,train,occluded,112,112,1.0,True,large,face_id_face_0006,C:\Thực tập LUMI\model_BaiToan\Deepleaning\data\dataset\raw\occluded\face_0006_aligned112.jpg
35--Basketball_35_Basketball_Basketball_35_393.jpg_b28221.jpg,train,occluded,228,228,1.0,True,large,wider_35--Basketball_35_Basketball_Basketball_35_393.jpg,C:\Thực tập LUMI\model_BaiToan\Deepleaning\data\dataset\raw\occluded\35--Basketball_35_Basketball_Basketball_35_393.jpg_b28221.jpg
000646_face1.jpg,train,occluded,147,147,1.0,True,large,single_000646_face1.jpg,C:\Thực tập LUMI\model_BaiToan\Deepleaning\data\dataset\raw\occluded\000646_face1.jpg
004008_face.jpg,train,occluded,133,133,1.0,True,large,single_004008_face.jpg,C:\Thực tập LUMI\model_BaiToan\Deepleaning\data\dataset\raw\occluded\004008_face.jpg
31--Waiter_Waitress_31_Waiter_Waitress_Waiter_Waitress_31_386.jpg_b99292.jpg,train,occluded,188,188,1.0,True,large,wider_31--Waiter_Waitress_31_Waiter_Waitress_Waiter_Waitress_31_386.jpg,C:\Thực tập LUMI\model_BaiToan\Deepleaning\data\dataset\raw\occluded\31--Waiter_Waitress_31_Waiter_Waitress_Waiter_Waitress_31_386.jpg_b99292.jpg
46--Jockey_46_Jockey_Jockey_46_658.jpg_b125267.jpg,train,occluded,134,134,1.0,True,large,wider_46--Jockey_46_Jockey_Jockey_46_658.jpg,C:\Thực tập LUMI\model_BaiToan\Deepleaning\data\dataset\raw\occluded\46--Jockey_46_Jockey_Jockey_46_658.jpg_b125267.jpg
008276_face.jpg,train,occluded,153,153,1.0,True,large,single_008276_face.jpg,C:\Thực tập LUMI\model_BaiToan\Deepleaning\data\dataset\raw\occluded\008276_face.jpg
26--Soldier_Drilling_26_Soldier_Drilling_Soldiers_Drilling_26_691.jpg_b91654.jpg,train,occluded,151,151,1.0,True,large,wider_26--Soldier_Drilling_26_Soldier_Drilling_Soldiers_Drilling_26_691.jpg,C:\Thực tập LUMI\model_BaiToan\Deepleaning\data\dataset\raw\occluded\26--Soldier_Drilling_26_Soldier_Drilling_Soldiers_Drilling_26_691.jpg_b91654.jpg
26--Soldier_Drilling_26_Soldier_Drilling_Soldiers_Drilling_26_691.jpg_b91657.jpg,train,occluded,135,135,1.0,True,large,wider_26--Soldier_Drilling_26_Soldier_Drilling_Soldiers_Drilling_26_691.jpg,C:\Thực tập LUMI\model_BaiToan\Deepleaning\data\dataset\raw\occluded\26--Soldier_Drilling_26_Soldier_Drilling_Soldiers_Drilling_26_691.jpg_b91657.jpg
38--Tennis_38_Tennis_Tennis_38_195.jpg_b115772.jpg,train,occluded,308,308,1.0,True,large,wider_38--Tennis_38_Tennis_Tennis_38_195.jpg,C:\Thực tập LUMI\model_BaiToan\Deepleaning\data\dataset\raw\occluded\38--Tennis_38_Tennis_Tennis_38_195.jpg_b115772.jpg
35--Basketball_35_Basketball_basketballgame_ball_35_181.jpg_b111836.jpg,train,occluded,192,192,1.0,True,large,wider_35--Basketball_35_Basketball_basketballgame_ball_35_181.jpg,C:\Thực tập LUMI\model_BaiToan\Deepleaning\data\dataset\raw\occluded\35--Basketball_35_Basketball_basketballgame_ball_35_181.jpg_b111836.jpg
35--Basketball_35_Basketball_basketballgame_ball_35_181.jpg_b111837.jpg,train,occluded,234,234,1.0,True,large,wider_35--Basketball_35_Basketball_basketballgame_ball_35_181.jpg,C:\Thực tập LUMI\model_BaiToan\Deepleaning\data\dataset\raw\occluded\35--Basketball_35_Basketball_basketballgame_ball_35_181.jpg_b111837.jpg
000167_face.jpg,train,occluded,168,168,1.0,True,large,single_000167_face.jpg,C:\Thực tập LUMI\model_BaiToan\Deepleaning\data\dataset\raw\occluded\000167_face.jpg
007736_face.jpg,train,occluded,162,162,1.0,True,large,single_007736_face.jpg,C:\Thực tập LUMI\model_BaiToan\Deepleaning\data\dataset\raw\occluded\007736_face.jpg
001652_face.jpg,train,occluded,130,130,1.0,True,large,single_001652_face.jpg,C:\Thực tập LUMI\model_BaiToan\Deepleaning\data\dataset\raw\occluded\001652_face.jpg
007175_face.jpg,train,occluded,179,179,1.0,True,large,single_007175_face.jpg,C:\Thực tập LUMI\model_BaiToan\Deepleaning\data\dataset\raw\occluded\007175_face.jpg
003055_face.jpg,train,occluded,165,165,1.0,True,large,single_003055_face.jpg,C:\Thực tập LUMI\model_BaiToan\Deepleaning\data\dataset\raw\occluded\003055_face.jpg
006319_face.jpg,train,occluded,165,165,1.0,True,large,single_006319_face.jpg,C:\Thực tập LUMI\model_BaiToan\Deepleaning\data\dataset\raw\occluded\006319_face.jpg
27--Spa_27_Spa_Spa_27_725.jpg_b92955.jpg,train,occluded,234,234,1.0,True,large,wider_27--Spa_27_Spa_Spa_27_725.jpg,C:\Thực tập LUMI\model_BaiToan\Deepleaning\data\dataset\raw\occluded\27--Spa_27_Spa_Spa_27_725.jpg_b92955.jpg
50--Celebration_Or_Party_50_Celebration_Or_Party_birthdayparty_50_352.jpg_b133646.jpg,train,occluded,240,240,1.0,True,large,wider_50--Celebration_Or_Party_50_Celebration_Or_Party_birthdayparty_50_352.jpg,C:\Thực tập LUMI\model_BaiToan\Deepleaning\data\dataset\raw\occluded\50--Celebration_Or_Party_50_Celebration_Or_Party_birthdayparty_50_352.jpg_b133646.jpg
0--Parade_0_Parade_marchingband_1_512.jpg_b9287.jpg,train,occluded,112,112,1.0,True,large,wider_0--Parade_0_Parade_marchingband_1_512.jpg,C:\Thực tập LUMI\model_BaiToan\Deepleaning\data\dataset\raw\occluded\0--Parade_0_Parade_marchingband_1_512.jpg_b9287.jpg
AnhNTT_20260414_160855_212.jpg,train,occluded,112,112,1.0,True,large,person_session_AnhNTT_20260414_1608,C:\Thực tập LUMI\model_BaiToan\Deepleaning\data\dataset\raw\occluded\AnhNTT_20260414_160855_212.jpg
002098_face.jpg,train,occluded,138,138,1.0,True,large,single_002098_face.jpg,C:\Thực tập LUMI\model_BaiToan\Deepleaning\data\dataset\raw\occluded\002098_face.jpg
12--Group_12_Group_Group_12_Group_Group_12_192.jpg_b25136.jpg,train,occluded,126,126,1.0,True,large,wider_12--Group_12_Group_Group_12_Group_Group_12_192.jpg,C:\Thực tập LUMI\model_BaiToan\Deepleaning\data\dataset\raw\occluded\12--Group_12_Group_Group_12_Group_Group_12_192.jpg_b25136.jpg
000573_face.jpg,train,occluded,174,174,1.0,True,large,single_000573_face.jpg,C:\Thực tập LUMI\model_BaiToan\Deepleaning\data\dataset\raw\occluded\000573_face.jpg
003471_face.jpg,train,occluded,155,155,1.0,True,large,single_003471_face.jpg,C:\Thực tập LUMI\model_BaiToan\Deepleaning\data\dataset\raw\occluded\003471_face.jpg
007552_face.jpg,train,occluded,114,114,1.0,True,large,single_007552_face.jpg,C:\Thực tập LUMI\model_BaiToan\Deepleaning\data\dataset\raw\occluded\007552_face.jpg
3--Riot_3_Riot_Riot_3_482.jpg_b97413.jpg,train,occluded,212,212,1.0,True,large,wider_3--Riot_3_Riot_Riot_3_482.jpg,C:\Thực tập LUMI\model_BaiToan\Deepleaning\data\dataset\raw\occluded\3--Riot_3_Riot_Riot_3_482.jpg_b97413.jpg
19--Couple_19_Couple_Couple_19_830.jpg_b45618.jpg,train,occluded,330,330,1.0,True,large,wider_19--Couple_19_Couple_Couple_19_830.jpg,C:\Thực tập LUMI\model_BaiToan\Deepleaning\data\dataset\raw\occluded\19--Couple_19_Couple_Couple_19_830.jpg_b45618.jpg
9--Press_Conference_9_Press_Conference_Press_Conference_9_693.jpg_b39059.jpg,train,occluded,118,118,1.0,True,large,wider_9--Press_Conference_9_Press_Conference_Press_Conference_9_693.jpg,C:\Thực tập LUMI\model_BaiToan\Deepleaning\data\dataset\raw\occluded\9--Press_Conference_9_Press_Conference_Press_Conference_9_693.jpg_b39059.jpg
12--Group_12_Group_Large_Group_12_Group_Large_Group_12_774.jpg_b26633.jpg,train,occluded,182,182,1.0,True,large,wider_12--Group_12_Group_Large_Group_12_Group_Large_Group_12_774.jpg,C:\Thực tập LUMI\model_BaiToan\Deepleaning\data\dataset\raw\occluded\12--Group_12_Group_Large_Group_12_Group_Large_Group_12_774.jpg_b26633.jpg
13--Interview_13_Interview_Interview_Sequences_13_870.jpg_b36894.jpg,train,occluded,519,519,1.0,True,large,wider_13--Interview_13_Interview_Interview_Sequences_13_870.jpg,C:\Thực tập LUMI\model_BaiToan\Deepleaning\data\dataset\raw\occluded\13--Interview_13_Interview_Interview_Sequences_13_870.jpg_b36894.jpg
31--Waiter_Waitress_31_Waiter_Waitress_Waiter_Waitress_31_114.jpg_b99444.jpg,train,occluded,125,125,1.0,True,large,wider_31--Waiter_Waitress_31_Waiter_Waitress_Waiter_Waitress_31_114.jpg,C:\Thực tập LUMI\model_BaiToan\Deepleaning\data\dataset\raw\occluded\31--Waiter_Waitress_31_Waiter_Waitress_Waiter_Waitress_31_114.jpg_b99444.jpg
007959_face.jpg,train,occluded,144,144,1.0,True,large,single_007959_face.jpg,C:\Thực tập LUMI\model_BaiToan\Deepleaning\data\dataset\raw\occluded\007959_face.jpg
003455_face.jpg,train,occluded,142,142,1.0,True,large,single_003455_face.jpg,C:\Thực tập LUMI\model_BaiToan\Deepleaning\data\dataset\raw\occluded\003455_face.jpg
32--Worker_Laborer_32_Worker_Laborer_Worker_Laborer_32_190.jpg_b99527.jpg,train,occluded,196,196,1.0,True,large,wider_32--Worker_Laborer_32_Worker_Laborer_Worker_Laborer_32_190.jpg,C:\Thực tập LUMI\model_BaiToan\Deepleaning\data\dataset\raw\occluded\32--Worker_Laborer_32_Worker_Laborer_Worker_Laborer_32_190.jpg_b99527.jpg
000683_face.jpg,train,occluded,115,115,1.0,True,large,single_000683_face.jpg,C:\Thực tập LUMI\model_BaiToan\Deepleaning\data\dataset\raw\occluded\000683_face.jpg
006131_face.jpg,train,occluded,156,156,1.0,True,large,single_006131_face.jpg,C:\Thực tập LUMI\model_BaiToan\Deepleaning\data\dataset\raw\occluded\006131_face.jpg
3--Riot_3_Riot_Riot_3_505.jpg_b97634.jpg,train,occluded,140,140,1.0,True,large,wider_3--Riot_3_Riot_Riot_3_505.jpg,C:\Thực tập LUMI\model_BaiToan\Deepleaning\data\dataset\raw\occluded\3--Riot_3_Riot_Riot_3_505.jpg_b97634.jpg
3--Riot_3_Riot_Riot_3_505.jpg_b97635.jpg,train,occluded,127,127,1.0,True,large,wider_3--Riot_3_Riot_Riot_3_505.jpg,C:\Thực tập LUMI\model_BaiToan\Deepleaning\data\dataset\raw\occluded\3--Riot_3_Riot_Riot_3_505.jpg_b97635.jpg
PhongLT_20260415_090435_148.jpg,train,clear,112,112,1.0,True,large,person_session_PhongLT_20260415_0904,C:\Thực tập LUMI\model_BaiToan\Deepleaning\data\dataset\raw\clear\PhongLT_20260415_090435_148.jpg
PhongLT_20260415_090449_774.jpg,train,occluded,112,112,1.0,True,large,person_session_PhongLT_20260415_0904,C:\Thực tập LUMI\model_BaiToan\Deepleaning\data\dataset\raw\occluded\PhongLT_20260415_090449_774.jpg
PhongLT_20260415_090449_972.jpg,train,occluded,112,112,1.0,True,large,person_session_PhongLT_20260415_0904,C:\Thực tập LUMI\model_BaiToan\Deepleaning\data\dataset\raw\occluded\PhongLT_20260415_090449_972.jpg
PhongLT_20260415_090453_571.jpg,train,occluded,112,112,1.0,True,large,person_session_PhongLT_20260415_0904,C:\Thực tập LUMI\model_BaiToan\Deepleaning\data\dataset\raw\occluded\PhongLT_20260415_090453_571.jpg
PhongLT_20260415_090459_408.jpg,train,occluded,112,112,1.0,True,large,person_session_PhongLT_20260415_0904,C:\Thực tập LUMI\model_BaiToan\Deepleaning\data\dataset\raw\occluded\PhongLT_20260415_090459_408.jpg
20--Family_Group_20_Family_Group_Family_Group_20_439.jpg_b82669.jpg,train,occluded,230,230,1.0,True,large,wider_20--Family_Group_20_Family_Group_Family_Group_20_439.jpg,C:\Thực tập LUMI\model_BaiToan\Deepleaning\data\dataset\raw\occluded\20--Family_Group_20_Family_Group_Family_Group_20_439.jpg_b82669.jpg
2--Demonstration_2_Demonstration_Political_Rally_2_263.jpg_b81702.jpg,train,occluded,240,240,1.0,True,large,wider_2--Demonstration_2_Demonstration_Political_Rally_2_263.jpg,C:\Thực tập LUMI\model_BaiToan\Deepleaning\data\dataset\raw\occluded\2--Demonstration_2_Demonstration_Political_Rally_2_263.jpg_b81702.jpg
35--Basketball_35_Basketball_Basketball_35_175.jpg_b101126.jpg,train,occluded,114,114,1.0,True,large,wider_35--Basketball_35_Basketball_Basketball_35_175.jpg,C:\Thực tập LUMI\model_BaiToan\Deepleaning\data\dataset\raw\occluded\35--Basketball_35_Basketball_Basketball_35_175.jpg_b101126.jpg
15--Stock_Market_15_Stock_Market_Stock_Market_15_438.jpg_b38773.jpg,train,occluded,223,223,1.0,True,large,wider_15--Stock_Market_15_Stock_Market_Stock_Market_15_438.jpg,C:\Thực tập LUMI\model_BaiToan\Deepleaning\data\dataset\raw\occluded\15--Stock_Market_15_Stock_Market_Stock_Market_15_438.jpg_b38773.jpg
48--Parachutist_Paratrooper_48_Parachutist_Paratrooper_Parachutist_Paratrooper_48_660.jpg_b130235.jpg,train,occluded,142,142,1.0,True,large,wider_48--Parachutist_Paratrooper_48_Parachutist_Paratrooper_Parachutist_Paratrooper_48_660.jpg,C:\Thực tập LUMI\model_BaiToan\Deepleaning\data\dataset\raw\occluded\48--Parachutist_Paratrooper_48_Parachutist_Paratrooper_Parachutist_Paratrooper_48_660.jpg_b130235.jpg
KhanhDD_20260414_153856_768.jpg,train,occluded,112,112,1.0,True,large,person_session_KhanhDD_20260414_1538,C:\Thực tập LUMI\model_BaiToan\Deepleaning\data\dataset\raw\occluded\KhanhDD_20260414_153856_768.jpg
002489_face.jpg,train,occluded,134,134,1.0,True,large,single_002489_face.jpg,C:\Thực tập LUMI\model_BaiToan\Deepleaning\data\dataset\raw\occluded\002489_face.jpg
38--Tennis_38_Tennis_Tennis_38_373.jpg_b115724.jpg,train,occluded,127,127,1.0,True,large,wider_38--Tennis_38_Tennis_Tennis_38_373.jpg,C:\Thực tập LUMI\model_BaiToan\Deepleaning\data\dataset\raw\occluded\38--Tennis_38_Tennis_Tennis_38_373.jpg_b115724.jpg
11--Meeting_11_Meeting_Meeting_11_Meeting_Meeting_11_317.jpg_b22567.jpg,train,occluded,195,195,1.0,True,large,wider_11--Meeting_11_Meeting_Meeting_11_Meeting_Meeting_11_317.jpg,C:\Thực tập LUMI\model_BaiToan\Deepleaning\data\dataset\raw\occluded\11--Meeting_11_Meeting_Meeting_11_Meeting_Meeting_11_317.jpg_b22567.jpg
11--Meeting_11_Meeting_Meeting_11_Meeting_Meeting_11_317.jpg_b22573.jpg,train,occluded,82,82,1.0,True,medium,wider_11--Meeting_11_Meeting_Meeting_11_Meeting_Meeting_11_317.jpg,C:\Thực tập LUMI\model_BaiToan\Deepleaning\data\dataset\raw\occluded\11--Meeting_11_Meeting_Meeting_11_Meeting_Meeting_11_317.jpg_b22573.jpg
face_0025_aligned112.jpg,train,occluded,112,112,1.0,True,large,face_id_face_0025,C:\Thực tập LUMI\model_BaiToan\Deepleaning\data\dataset\raw\occluded\face_0025_aligned112.jpg
face_0025_crop.jpg,train,occluded,84,84,1.0,True,medium,face_id_face_0025,C:\Thực tập LUMI\model_BaiToan\Deepleaning\data\dataset\raw\occluded\face_0025_crop.jpg
35--Basketball_35_Basketball_playingbasketball_35_959.jpg_b101271.jpg,train,occluded,128,128,1.0,True,large,wider_35--Basketball_35_Basketball_playingbasketball_35_959.jpg,C:\Thực tập LUMI\model_BaiToan\Deepleaning\data\dataset\raw\occluded\35--Basketball_35_Basketball_playingbasketball_35_959.jpg_b101271.jpg
17--Ceremony_17_Ceremony_Ceremony_17_736.jpg_b42351.jpg,train,occluded,134,134,1.0,True,large,wider_17--Ceremony_17_Ceremony_Ceremony_17_736.jpg,C:\Thực tập LUMI\model_BaiToan\Deepleaning\data\dataset\raw\occluded\17--Ceremony_17_Ceremony_Ceremony_17_736.jpg_b42351.jpg
12--Group_12_Group_Group_12_Group_Group_12_305.jpg_b34382.jpg,train,occluded,178,178,1.0,True,large,wider_12--Group_12_Group_Group_12_Group_Group_12_305.jpg,C:\Thực tập LUMI\model_BaiToan\Deepleaning\data\dataset\raw\occluded\12--Group_12_Group_Group_12_Group_Group_12_305.jpg_b34382.jpg
005633_face.jpg,train,occluded,163,163,1.0,True,large,single_005633_face.jpg,C:\Thực tập LUMI\model_BaiToan\Deepleaning\data\dataset\raw\occluded\005633_face.jpg
003062_face.jpg,train,occluded,150,150,1.0,True,large,single_003062_face.jpg,C:\Thực tập LUMI\model_BaiToan\Deepleaning\data\dataset\raw\occluded\003062_face.jpg
8--Election_Campain_8_Election_Campain_Election_Campaign_8_82.jpg_b154536.jpg,train,occluded,645,645,1.0,True,large,wider_8--Election_Campain_8_Election_Campain_Election_Campaign_8_82.jpg,C:\Thực tập LUMI\model_BaiToan\Deepleaning\data\dataset\raw\occluded\8--Election_Campain_8_Election_Campain_Election_Campaign_8_82.jpg_b154536.jpg
13--Interview_13_Interview_Interview_2_People_Visible_13_475.jpg_b9840.jpg,train,occluded,250,250,1.0,True,large,wider_13--Interview_13_Interview_Interview_2_People_Visible_13_475.jpg,C:\Thực tập LUMI\model_BaiToan\Deepleaning\data\dataset\raw\occluded\13--Interview_13_Interview_Interview_2_People_Visible_13_475.jpg_b9840.jpg
01a0b241-6bb8-74f1-a86d-dcd3ab3c8112_nvr-llWGaUl9M9E771xokkJUiNr5fMyJBigI_1789697027279_img_face1.jpg,train,occluded,173,173,1.0,True,large,single_01a0b241-6bb8-74f1-a86d-dcd3ab3c8112_nvr-llWGaUl9M9E771xokkJUiNr5fMyJBigI_1789697027279_img_face1.jpg,C:\Thực tập LUMI\model_BaiToan\Deepleaning\data\dataset\raw\occluded\01a0b241-6bb8-74f1-a86d-dcd3ab3c8112_nvr-llWGaUl9M9E771xokkJUiNr5fMyJBigI_1789697027279_img_face1.jpg
7--Cheering_7_Cheering_Cheering_7_657.jpg_b151676.jpg,train,occluded,127,127,1.0,True,large,wider_7--Cheering_7_Cheering_Cheering_7_657.jpg,C:\Thực tập LUMI\model_BaiToan\Deepleaning\data\dataset\raw\occluded\7--Cheering_7_Cheering_Cheering_7_657.jpg_b151676.jpg
003980_face.jpg,train,occluded,173,173,1.0,True,large,single_003980_face.jpg,C:\Thực tập LUMI\model_BaiToan\Deepleaning\data\dataset\raw\occluded\003980_face.jpg
29--Students_Schoolkids_29_Students_Schoolkids_Students_Schoolkids_29_518.jpg_b95429.jpg,train,occluded,171,171,1.0,True,large,wider_29--Students_Schoolkids_29_Students_Schoolkids_Students_Schoolkids_29_518.jpg,C:\Thực tập LUMI\model_BaiToan\Deepleaning\data\dataset\raw\occluded\29--Students_Schoolkids_29_Students_Schoolkids_Students_Schoolkids_29_518.jpg_b95429.jpg
6--Funeral_6_Funeral_Funeral_6_414.jpg_b144704.jpg,train,occluded,116,116,1.0,True,large,wider_6--Funeral_6_Funeral_Funeral_6_414.jpg,C:\Thực tập LUMI\model_BaiToan\Deepleaning\data\dataset\raw\occluded\6--Funeral_6_Funeral_Funeral_6_414.jpg_b144704.jpg
007799_face.jpg,train,occluded,171,171,1.0,True,large,single_007799_face.jpg,C:\Thực tập LUMI\model_BaiToan\Deepleaning\data\dataset\raw\occluded\007799_face.jpg
2--Demonstration_2_Demonstration_Political_Rally_2_559.jpg_b64071.jpg,train,occluded,114,114,1.0,True,large,wider_2--Demonstration_2_Demonstration_Political_Rally_2_559.jpg,C:\Thực tập LUMI\model_BaiToan\Deepleaning\data\dataset\raw\occluded\2--Demonstration_2_Demonstration_Political_Rally_2_559.jpg_b64071.jpg
47--Matador_Bullfighter_47_Matador_Bullfighter_matadorbullfighting_47_517.jpg_b128728.jpg,train,occluded,112,112,1.0,True,large,wider_47--Matador_Bullfighter_47_Matador_Bullfighter_matadorbullfighting_47_517.jpg,C:\Thực tập LUMI\model_BaiToan\Deepleaning\data\dataset\raw\occluded\47--Matador_Bullfighter_47_Matador_Bullfighter_matadorbullfighting_47_517.jpg_b128728.jpg
002345_face.jpg,train,occluded,164,164,1.0,True,large,single_002345_face.jpg,C:\Thực tập LUMI\model_BaiToan\Deepleaning\data\dataset\raw\occluded\002345_face.jpg
01a0b226-7560-7a00-81a9-a0e3d41ec411_nvr-llWGaUl9M9E771xokkJUiNr5fMyJBigI_1789695260093_img_face.jpg,train,occluded,151,151,1.0,True,large,single_01a0b226-7560-7a00-81a9-a0e3d41ec411_nvr-llWGaUl9M9E771xokkJUiNr5fMyJBigI_1789695260093_img_face.jpg,C:\Thực tập LUMI\model_BaiToan\Deepleaning\data\dataset\raw\occluded\01a0b226-7560-7a00-81a9-a0e3d41ec411_nvr-llWGaUl9M9E771xokkJUiNr5fMyJBigI_1789695260093_img_face.jpg
000202_face.jpg,train,occluded,136,136,1.0,True,large,single_000202_face.jpg,C:\Thực tập LUMI\model_BaiToan\Deepleaning\data\dataset\raw\occluded\000202_face.jpg
49--Greeting_49_Greeting_peoplegreeting_49_253.jpg_b130420.jpg,train,occluded,362,362,1.0,True,large,wider_49--Greeting_49_Greeting_peoplegreeting_49_253.jpg,C:\Thực tập LUMI\model_BaiToan\Deepleaning\data\dataset\raw\occluded\49--Greeting_49_Greeting_peoplegreeting_49_253.jpg_b130420.jpg
007340_face.jpg,train,occluded,132,132,1.0,True,large,single_007340_face.jpg,C:\Thực tập LUMI\model_BaiToan\Deepleaning\data\dataset\raw\occluded\007340_face.jpg
000283_face.jpg,train,occluded,146,146,1.0,True,large,single_000283_face.jpg,C:\Thực tập LUMI\model_BaiToan\Deepleaning\data\dataset\raw\occluded\000283_face.jpg
001344_face.jpg,train,occluded,133,133,1.0,True,large,single_001344_face.jpg,C:\Thực tập LUMI\model_BaiToan\Deepleaning\data\dataset\raw\occluded\001344_face.jpg
002456_face.jpg,train,occluded,158,158,1.0,True,large,single_002456_face.jpg,C:\Thực tập LUMI\model_BaiToan\Deepleaning\data\dataset\raw\occluded\002456_face.jpg
29--Students_Schoolkids_29_Students_Schoolkids_Students_Schoolkids_29_315.jpg_b95203.jpg,train,occluded,194,194,1.0,True,large,wider_29--Students_Schoolkids_29_Students_Schoolkids_Students_Schoolkids_29_315.jpg,C:\Thực tập LUMI\model_BaiToan\Deepleaning\data\dataset\raw\occluded\29--Students_Schoolkids_29_Students_Schoolkids_Students_Schoolkids_29_315.jpg_b95203.jpg
29--Students_Schoolkids_29_Students_Schoolkids_Students_Schoolkids_29_315.jpg_b95204.jpg,train,occluded,148,148,1.0,True,large,wider_29--Students_Schoolkids_29_Students_Schoolkids_Students_Schoolkids_29_315.jpg,C:\Thực tập LUMI\model_BaiToan\Deepleaning\data\dataset\raw\occluded\29--Students_Schoolkids_29_Students_Schoolkids_Students_Schoolkids_29_315.jpg_b95204.jpg
61--Street_Battle_61_Street_Battle_streetfight_61_10.jpg_b146982.jpg,train,occluded,131,131,1.0,True,large,wider_61--Street_Battle_61_Street_Battle_streetfight_61_10.jpg,C:\Thực tập LUMI\model_BaiToan\Deepleaning\data\dataset\raw\occluded\61--Street_Battle_61_Street_Battle_streetfight_61_10.jpg_b146982.jpg
004324_face.jpg,train,occluded,123,123,1.0,True,large,single_004324_face.jpg,C:\Thực tập LUMI\model_BaiToan\Deepleaning\data\dataset\raw\occluded\004324_face.jpg
008287_face.jpg,train,occluded,142,142,1.0,True,large,single_008287_face.jpg,C:\Thực tập LUMI\model_BaiToan\Deepleaning\data\dataset\raw\occluded\008287_face.jpg
004748_face1.jpg,train,occluded,130,130,1.0,True,large,single_004748_face1.jpg,C:\Thực tập LUMI\model_BaiToan\Deepleaning\data\dataset\raw\occluded\004748_face1.jpg
006491_face.jpg,train,occluded,135,135,1.0,True,large,single_006491_face.jpg,C:\Thực tập LUMI\model_BaiToan\Deepleaning\data\dataset\raw\occluded\006491_face.jpg
35--Basketball_35_Basketball_basketballgame_ball_35_947.jpg_b105738.jpg,train,occluded,269,269,1.0,True,large,wider_35--Basketball_35_Basketball_basketballgame_ball_35_947.jpg,C:\Thực tập LUMI\model_BaiToan\Deepleaning\data\dataset\raw\occluded\35--Basketball_35_Basketball_basketballgame_ball_35_947.jpg_b105738.jpg
000447_face.jpg,train,occluded,129,129,1.0,True,large,single_000447_face.jpg,C:\Thực tập LUMI\model_BaiToan\Deepleaning\data\dataset\raw\occluded\000447_face.jpg
3--Riot_3_Riot_Riot_3_205.jpg_b97414.jpg,train,occluded,214,214,1.0,True,large,wider_3--Riot_3_Riot_Riot_3_205.jpg,C:\Thực tập LUMI\model_BaiToan\Deepleaning\data\dataset\raw\occluded\3--Riot_3_Riot_Riot_3_205.jpg_b97414.jpg
32--Worker_Laborer_32_Worker_Laborer_Worker_Laborer_32_357.jpg_b24906.jpg,train,occluded,112,112,1.0,True,large,wider_32--Worker_Laborer_32_Worker_Laborer_Worker_Laborer_32_357.jpg,C:\Thực tập LUMI\model_BaiToan\Deepleaning\data\dataset\raw\occluded\32--Worker_Laborer_32_Worker_Laborer_Worker_Laborer_32_357.jpg_b24906.jpg
006238_face.jpg,train,occluded,153,153,1.0,True,large,single_006238_face.jpg,C:\Thực tập LUMI\model_BaiToan\Deepleaning\data\dataset\raw\occluded\006238_face.jpg
01a0b34b-61a8-7773-9961-45ac8896d6f4_nvr-llWGaUl9M9E771xokkJUiNr5fMyJBigI_1789714457897_img_face14.jpg,train,occluded,138,138,1.0,True,large,single_01a0b34b-61a8-7773-9961-45ac8896d6f4_nvr-llWGaUl9M9E771xokkJUiNr5fMyJBigI_1789714457897_img_face14.jpg,C:\Thực tập LUMI\model_BaiToan\Deepleaning\data\dataset\raw\occluded\01a0b34b-61a8-7773-9961-45ac8896d6f4_nvr-llWGaUl9M9E771xokkJUiNr5fMyJBigI_1789714457897_img_face14.jpg
000004_face.jpg,train,occluded,155,155,1.0,True,large,single_000004_face.jpg,C:\Thực tập LUMI\model_BaiToan\Deepleaning\data\dataset\raw\occluded\000004_face.jpg
22--Picnic_22_Picnic_Picnic_22_654.jpg_b22209.jpg,train,occluded,120,120,1.0,True,large,wider_22--Picnic_22_Picnic_Picnic_22_654.jpg,C:\Thực tập LUMI\model_BaiToan\Deepleaning\data\dataset\raw\occluded\22--Picnic_22_Picnic_Picnic_22_654.jpg_b22209.jpg
006946_face.jpg,train,occluded,178,178,1.0,True,large,single_006946_face.jpg,C:\Thực tập LUMI\model_BaiToan\Deepleaning\data\dataset\raw\occluded\006946_face.jpg
2--Demonstration_2_Demonstration_Demonstrators_2_26.jpg_b67982.jpg,train,occluded,127,127,1.0,True,large,wider_2--Demonstration_2_Demonstration_Demonstrators_2_26.jpg,C:\Thực tập LUMI\model_BaiToan\Deepleaning\data\dataset\raw\occluded\2--Demonstration_2_Demonstration_Demonstrators_2_26.jpg_b67982.jpg
31--Waiter_Waitress_31_Waiter_Waitress_Waiter_Waitress_31_242.jpg_b99305.jpg,train,occluded,166,166,1.0,True,large,wider_31--Waiter_Waitress_31_Waiter_Waitress_Waiter_Waitress_31_242.jpg,C:\Thực tập LUMI\model_BaiToan\Deepleaning\data\dataset\raw\occluded\31--Waiter_Waitress_31_Waiter_Waitress_Waiter_Waitress_31_242.jpg_b99305.jpg
31--Waiter_Waitress_31_Waiter_Waitress_Waiter_Waitress_31_242.jpg_b99306.jpg,train,occluded,170,170,1.0,True,large,wider_31--Waiter_Waitress_31_Waiter_Waitress_Waiter_Waitress_31_242.jpg,C:\Thực tập LUMI\model_BaiToan\Deepleaning\data\dataset\raw\occluded\31--Waiter_Waitress_31_Waiter_Waitress_Waiter_Waitress_31_242.jpg_b99306.jpg
56--Voter_56_Voter_peoplevoting_56_328.jpg_b140840.jpg,train,occluded,160,160,1.0,True,large,wider_56--Voter_56_Voter_peoplevoting_56_328.jpg,C:\Thực tập LUMI\model_BaiToan\Deepleaning\data\dataset\raw\occluded\56--Voter_56_Voter_peoplevoting_56_328.jpg_b140840.jpg
39--Ice_Skating_39_Ice_Skating_Ice_Skating_39_665.jpg_b117845.jpg,train,occluded,286,286,1.0,True,large,wider_39--Ice_Skating_39_Ice_Skating_Ice_Skating_39_665.jpg,C:\Thực tập LUMI\model_BaiToan\Deepleaning\data\dataset\raw\occluded\39--Ice_Skating_39_Ice_Skating_Ice_Skating_39_665.jpg_b117845.jpg
004867_face.jpg,train,occluded,140,140,1.0,True,large,single_004867_face.jpg,C:\Thực tập LUMI\model_BaiToan\Deepleaning\data\dataset\raw\occluded\004867_face.jpg
001557_face.jpg,train,occluded,140,140,1.0,True,large,single_001557_face.jpg,C:\Thực tập LUMI\model_BaiToan\Deepleaning\data\dataset\raw\occluded\001557_face.jpg
50--Celebration_Or_Party_50_Celebration_Or_Party_houseparty_50_808.jpg_b132877.jpg,train,occluded,187,187,1.0,True,large,wider_50--Celebration_Or_Party_50_Celebration_Or_Party_houseparty_50_808.jpg,C:\Thực tập LUMI\model_BaiToan\Deepleaning\data\dataset\raw\occluded\50--Celebration_Or_Party_50_Celebration_Or_Party_houseparty_50_808.jpg_b132877.jpg
49--Greeting_49_Greeting_peoplegreeting_49_3.jpg_b130304.jpg,train,occluded,121,121,1.0,True,large,wider_49--Greeting_49_Greeting_peoplegreeting_49_3.jpg,C:\Thực tập LUMI\model_BaiToan\Deepleaning\data\dataset\raw\occluded\49--Greeting_49_Greeting_peoplegreeting_49_3.jpg_b130304.jpg
003976_face.jpg,train,occluded,153,153,1.0,True,large,single_003976_face.jpg,C:\Thực tập LUMI\model_BaiToan\Deepleaning\data\dataset\raw\occluded\003976_face.jpg
007055_face.jpg,train,occluded,136,136,1.0,True,large,single_007055_face.jpg,C:\Thực tập LUMI\model_BaiToan\Deepleaning\data\dataset\raw\occluded\007055_face.jpg
40--Gymnastics_40_Gymnastics_Gymnastics_40_668.jpg_b30827.jpg,train,occluded,156,156,1.0,True,large,wider_40--Gymnastics_40_Gymnastics_Gymnastics_40_668.jpg,C:\Thực tập LUMI\model_BaiToan\Deepleaning\data\dataset\raw\occluded\40--Gymnastics_40_Gymnastics_Gymnastics_40_668.jpg_b30827.jpg
005271_face.jpg,train,occluded,146,146,1.0,True,large,single_005271_face.jpg,C:\Thực tập LUMI\model_BaiToan\Deepleaning\data\dataset\raw\occluded\005271_face.jpg
01a0b427-5258-7310-8a0e-cf6dc05b89f3_nvr-llWGaUl9M9E771xokkJUiNr5fMyJBigI_1789728870977_img_face1.jpg,train,occluded,150,150,1.0,True,large,single_01a0b427-5258-7310-8a0e-cf6dc05b89f3_nvr-llWGaUl9M9E771xokkJUiNr5fMyJBigI_1789728870977_img_face1.jpg,C:\Thực tập LUMI\model_BaiToan\Deepleaning\data\dataset\raw\occluded\01a0b427-5258-7310-8a0e-cf6dc05b89f3_nvr-llWGaUl9M9E771xokkJUiNr5fMyJBigI_1789728870977_img_face1.jpg
6--Funeral_6_Funeral_Funeral_6_524.jpg_b145612.jpg,train,occluded,348,348,1.0,True,large,wider_6--Funeral_6_Funeral_Funeral_6_524.jpg,C:\Thực tập LUMI\model_BaiToan\Deepleaning\data\dataset\raw\occluded\6--Funeral_6_Funeral_Funeral_6_524.jpg_b145612.jpg
53--Raid_53_Raid_policeraid_53_385.jpg_b34736.jpg,train,occluded,128,128,1.0,True,large,wider_53--Raid_53_Raid_policeraid_53_385.jpg,C:\Thực tập LUMI\model_BaiToan\Deepleaning\data\dataset\raw\occluded\53--Raid_53_Raid_policeraid_53_385.jpg_b34736.jpg
50--Celebration_Or_Party_50_Celebration_Or_Party_houseparty_50_40.jpg_b132796.jpg,train,occluded,124,124,1.0,True,large,wider_50--Celebration_Or_Party_50_Celebration_Or_Party_houseparty_50_40.jpg,C:\Thực tập LUMI\model_BaiToan\Deepleaning\data\dataset\raw\occluded\50--Celebration_Or_Party_50_Celebration_Or_Party_houseparty_50_40.jpg_b132796.jpg
1--Handshaking_1_Handshaking_Handshaking_1_203.jpg_b16440.jpg,train,occluded,176,176,1.0,True,large,wider_1--Handshaking_1_Handshaking_Handshaking_1_203.jpg,C:\Thực tập LUMI\model_BaiToan\Deepleaning\data\dataset\raw\occluded\1--Handshaking_1_Handshaking_Handshaking_1_203.jpg_b16440.jpg
000833_face.jpg,train,occluded,164,164,1.0,True,large,single_000833_face.jpg,C:\Thực tập LUMI\model_BaiToan\Deepleaning\data\dataset\raw\occluded\000833_face.jpg
002944_face.jpg,train,occluded,152,152,1.0,True,large,single_002944_face.jpg,C:\Thực tập LUMI\model_BaiToan\Deepleaning\data\dataset\raw\occluded\002944_face.jpg
18--Concerts_18_Concerts_Concerts_18_258.jpg_b11230.jpg,train,occluded,142,142,1.0,True,large,wider_18--Concerts_18_Concerts_Concerts_18_258.jpg,C:\Thực tập LUMI\model_BaiToan\Deepleaning\data\dataset\raw\occluded\18--Concerts_18_Concerts_Concerts_18_258.jpg_b11230.jpg
PhongLT_20260415_090501_414.jpg,train,occluded,112,112,1.0,True,large,person_session_PhongLT_20260415_0905,C:\Thực tập LUMI\model_BaiToan\Deepleaning\data\dataset\raw\occluded\PhongLT_20260415_090501_414.jpg
PhongLT_20260415_090536_789.jpg,train,occluded,112,112,1.0,True,large,person_session_PhongLT_20260415_0905,C:\Thực tập LUMI\model_BaiToan\Deepleaning\data\dataset\raw\occluded\PhongLT_20260415_090536_789.jpg
PhongLT_20260415_090559_182.jpg,train,occluded,112,112,1.0,True,large,person_session_PhongLT_20260415_0905,C:\Thực tập LUMI\model_BaiToan\Deepleaning\data\dataset\raw\occluded\PhongLT_20260415_090559_182.jpg
10--People_Marching_10_People_Marching_People_Marching_2_905.jpg_b17308.jpg,train,occluded,118,118,1.0,True,large,wider_10--People_Marching_10_People_Marching_People_Marching_2_905.jpg,C:\Thực tập LUMI\model_BaiToan\Deepleaning\data\dataset\raw\occluded\10--People_Marching_10_People_Marching_People_Marching_2_905.jpg_b17308.jpg
PhongLT_20260415_090649_645.jpg,train,clear,112,112,1.0,True,large,person_session_PhongLT_20260415_0906,C:\Thực tập LUMI\model_BaiToan\Deepleaning\data\dataset\raw\clear\PhongLT_20260415_090649_645.jpg
PhongLT_20260415_090607_616.jpg,train,occluded,112,112,1.0,True,large,person_session_PhongLT_20260415_0906,C:\Thực tập LUMI\model_BaiToan\Deepleaning\data\dataset\raw\occluded\PhongLT_20260415_090607_616.jpg
PhongLT_20260415_090608_7.jpg,train,occluded,112,112,1.0,True,large,person_session_PhongLT_20260415_0906,C:\Thực tập LUMI\model_BaiToan\Deepleaning\data\dataset\raw\occluded\PhongLT_20260415_090608_7.jpg
26--Soldier_Drilling_26_Soldier_Drilling_Soldiers_Drilling_26_454.jpg_b91726.jpg,train,occluded,221,221,1.0,True,large,wider_26--Soldier_Drilling_26_Soldier_Drilling_Soldiers_Drilling_26_454.jpg,C:\Thực tập LUMI\model_BaiToan\Deepleaning\data\dataset\raw\occluded\26--Soldier_Drilling_26_Soldier_Drilling_Soldiers_Drilling_26_454.jpg_b91726.jpg
10--People_Marching_10_People_Marching_People_Marching_2_747.jpg_b21904.jpg,train,occluded,144,144,1.0,True,large,wider_10--People_Marching_10_People_Marching_People_Marching_2_747.jpg,C:\Thực tập LUMI\model_BaiToan\Deepleaning\data\dataset\raw\occluded\10--People_Marching_10_People_Marching_People_Marching_2_747.jpg_b21904.jpg
005507_face.jpg,train,occluded,123,123,1.0,True,large,single_005507_face.jpg,C:\Thực tập LUMI\model_BaiToan\Deepleaning\data\dataset\raw\occluded\005507_face.jpg
26--Soldier_Drilling_26_Soldier_Drilling_Soldiers_Drilling_26_420.jpg_b92463.jpg,train,occluded,113,113,1.0,True,large,wider_26--Soldier_Drilling_26_Soldier_Drilling_Soldiers_Drilling_26_420.jpg,C:\Thực tập LUMI\model_BaiToan\Deepleaning\data\dataset\raw\occluded\26--Soldier_Drilling_26_Soldier_Drilling_Soldiers_Drilling_26_420.jpg_b92463.jpg
face_0010_aligned112.jpg,train,occluded,112,112,1.0,True,large,face_id_face_0010,C:\Thực tập LUMI\model_BaiToan\Deepleaning\data\dataset\raw\occluded\face_0010_aligned112.jpg
face_0010_crop.jpg,train,occluded,87,87,1.0,True,medium,face_id_face_0010,C:\Thực tập LUMI\model_BaiToan\Deepleaning\data\dataset\raw\occluded\face_0010_crop.jpg
004756_face.jpg,train,occluded,168,168,1.0,True,large,single_004756_face.jpg,C:\Thực tập LUMI\model_BaiToan\Deepleaning\data\dataset\raw\occluded\004756_face.jpg
4--Dancing_4_Dancing_Dancing_4_576.jpg_b119332.jpg,train,occluded,134,134,1.0,True,large,wider_4--Dancing_4_Dancing_Dancing_4_576.jpg,C:\Thực tập LUMI\model_BaiToan\Deepleaning\data\dataset\raw\occluded\4--Dancing_4_Dancing_Dancing_4_576.jpg_b119332.jpg
4--Dancing_4_Dancing_Dancing_4_576.jpg_b119335.jpg,train,occluded,69,69,1.0,True,small,wider_4--Dancing_4_Dancing_Dancing_4_576.jpg,C:\Thực tập LUMI\model_BaiToan\Deepleaning\data\dataset\raw\occluded\4--Dancing_4_Dancing_Dancing_4_576.jpg_b119335.jpg
2--Demonstration_2_Demonstration_Political_Rally_2_414.jpg_b77317.jpg,train,occluded,204,204,1.0,True,large,wider_2--Demonstration_2_Demonstration_Political_Rally_2_414.jpg,C:\Thực tập LUMI\model_BaiToan\Deepleaning\data\dataset\raw\occluded\2--Demonstration_2_Demonstration_Political_Rally_2_414.jpg_b77317.jpg
13--Interview_13_Interview_Interview_2_People_Visible_13_14.jpg_b36223.jpg,train,occluded,748,748,1.0,True,large,wider_13--Interview_13_Interview_Interview_2_People_Visible_13_14.jpg,C:\Thực tập LUMI\model_BaiToan\Deepleaning\data\dataset\raw\occluded\13--Interview_13_Interview_Interview_2_People_Visible_13_14.jpg_b36223.jpg
004888_face.jpg,train,occluded,156,156,1.0,True,large,single_004888_face.jpg,C:\Thực tập LUMI\model_BaiToan\Deepleaning\data\dataset\raw\occluded\004888_face.jpg
23--Shoppers_23_Shoppers_Shoppers_23_115.jpg_b89690.jpg,train,occluded,120,120,1.0,True,large,wider_23--Shoppers_23_Shoppers_Shoppers_23_115.jpg,C:\Thực tập LUMI\model_BaiToan\Deepleaning\data\dataset\raw\occluded\23--Shoppers_23_Shoppers_Shoppers_23_115.jpg_b89690.jpg
47--Matador_Bullfighter_47_Matador_Bullfighter_matadorbullfighting_47_141.jpg_b128806.jpg,train,occluded,286,286,1.0,True,large,wider_47--Matador_Bullfighter_47_Matador_Bullfighter_matadorbullfighting_47_141.jpg,C:\Thực tập LUMI\model_BaiToan\Deepleaning\data\dataset\raw\occluded\47--Matador_Bullfighter_47_Matador_Bullfighter_matadorbullfighting_47_141.jpg_b128806.jpg
22--Picnic_22_Picnic_Picnic_22_213.jpg_b88943.jpg,train,occluded,154,154,1.0,True,large,wider_22--Picnic_22_Picnic_Picnic_22_213.jpg,C:\Thực tập LUMI\model_BaiToan\Deepleaning\data\dataset\raw\occluded\22--Picnic_22_Picnic_Picnic_22_213.jpg_b88943.jpg
000947_face.jpg,train,occluded,171,171,1.0,True,large,single_000947_face.jpg,C:\Thực tập LUMI\model_BaiToan\Deepleaning\data\dataset\raw\occluded\000947_face.jpg
003307_face.jpg,train,occluded,171,171,1.0,True,large,single_003307_face.jpg,C:\Thực tập LUMI\model_BaiToan\Deepleaning\data\dataset\raw\occluded\003307_face.jpg
003172_face.jpg,train,occluded,180,180,1.0,True,large,single_003172_face.jpg,C:\Thực tập LUMI\model_BaiToan\Deepleaning\data\dataset\raw\occluded\003172_face.jpg
003425_face.jpg,train,occluded,156,156,1.0,True,large,single_003425_face.jpg,C:\Thực tập LUMI\model_BaiToan\Deepleaning\data\dataset\raw\occluded\003425_face.jpg
2--Demonstration_2_Demonstration_Demonstration_Or_Protest_2_364.jpg_b15771.jpg,train,occluded,190,190,1.0,True,large,wider_2--Demonstration_2_Demonstration_Demonstration_Or_Protest_2_364.jpg,C:\Thực tập LUMI\model_BaiToan\Deepleaning\data\dataset\raw\occluded\2--Demonstration_2_Demonstration_Demonstration_Or_Protest_2_364.jpg_b15771.jpg
49--Greeting_49_Greeting_peoplegreeting_49_196.jpg_b130689.jpg,train,occluded,150,150,1.0,True,large,wider_49--Greeting_49_Greeting_peoplegreeting_49_196.jpg,C:\Thực tập LUMI\model_BaiToan\Deepleaning\data\dataset\raw\occluded\49--Greeting_49_Greeting_peoplegreeting_49_196.jpg_b130689.jpg
16--Award_Ceremony_16_Award_Ceremony_Awards_Ceremony_16_119.jpg_b39629.jpg,train,occluded,176,176,1.0,True,large,wider_16--Award_Ceremony_16_Award_Ceremony_Awards_Ceremony_16_119.jpg,C:\Thực tập LUMI\model_BaiToan\Deepleaning\data\dataset\raw\occluded\16--Award_Ceremony_16_Award_Ceremony_Awards_Ceremony_16_119.jpg_b39629.jpg
004930_face.jpg,train,occluded,187,187,1.0,True,large,single_004930_face.jpg,C:\Thực tập LUMI\model_BaiToan\Deepleaning\data\dataset\raw\occluded\004930_face.jpg
61--Street_Battle_61_Street_Battle_streetfight_61_209.jpg_b146915.jpg,train,occluded,180,180,1.0,True,large,wider_61--Street_Battle_61_Street_Battle_streetfight_61_209.jpg,C:\Thực tập LUMI\model_BaiToan\Deepleaning\data\dataset\raw\occluded\61--Street_Battle_61_Street_Battle_streetfight_61_209.jpg_b146915.jpg
01a0b75a-fe48-7bd3-bdf8-be32af27c80c_nvr-llWGaUl9M9E771xokkJUiNr5fMyJBigI_1789782589041_img_face.jpg,train,occluded,166,166,1.0,True,large,single_01a0b75a-fe48-7bd3-bdf8-be32af27c80c_nvr-llWGaUl9M9E771xokkJUiNr5fMyJBigI_1789782589041_img_face.jpg,C:\Thực tập LUMI\model_BaiToan\Deepleaning\data\dataset\raw\occluded\01a0b75a-fe48-7bd3-bdf8-be32af27c80c_nvr-llWGaUl9M9E771xokkJUiNr5fMyJBigI_1789782589041_img_face.jpg
01a0b343-0120-7a70-9a63-752303a165c5_nvr-llWGaUl9M9E771xokkJUiNr5fMyJBigI_1789713908259_img_face3.jpg,train,occluded,120,120,1.0,True,large,single_01a0b343-0120-7a70-9a63-752303a165c5_nvr-llWGaUl9M9E771xokkJUiNr5fMyJBigI_1789713908259_img_face3.jpg,C:\Thực tập LUMI\model_BaiToan\Deepleaning\data\dataset\raw\occluded\01a0b343-0120-7a70-9a63-752303a165c5_nvr-llWGaUl9M9E771xokkJUiNr5fMyJBigI_1789713908259_img_face3.jpg
008398_face.jpg,train,occluded,134,134,1.0,True,large,single_008398_face.jpg,C:\Thực tập LUMI\model_BaiToan\Deepleaning\data\dataset\raw\occluded\008398_face.jpg
006831_face.jpg,train,occluded,169,169,1.0,True,large,single_006831_face.jpg,C:\Thực tập LUMI\model_BaiToan\Deepleaning\data\dataset\raw\occluded\006831_face.jpg
000628_face.jpg,train,occluded,142,142,1.0,True,large,single_000628_face.jpg,C:\Thực tập LUMI\model_BaiToan\Deepleaning\data\dataset\raw\occluded\000628_face.jpg
007748_face.jpg,train,occluded,162,162,1.0,True,large,single_007748_face.jpg,C:\Thực tập LUMI\model_BaiToan\Deepleaning\data\dataset\raw\occluded\007748_face.jpg
000375_face.jpg,train,occluded,158,158,1.0,True,large,single_000375_face.jpg,C:\Thực tập LUMI\model_BaiToan\Deepleaning\data\dataset\raw\occluded\000375_face.jpg
000144_face.jpg,train,occluded,152,152,1.0,True,large,single_000144_face.jpg,C:\Thực tập LUMI\model_BaiToan\Deepleaning\data\dataset\raw\occluded\000144_face.jpg
007052_face.jpg,train,occluded,159,159,1.0,True,large,single_007052_face.jpg,C:\Thực tập LUMI\model_BaiToan\Deepleaning\data\dataset\raw\occluded\007052_face.jpg
003094_face.jpg,train,occluded,132,132,1.0,True,large,single_003094_face.jpg,C:\Thực tập LUMI\model_BaiToan\Deepleaning\data\dataset\raw\occluded\003094_face.jpg
1--Handshaking_1_Handshaking_Handshaking_1_234.jpg_b16429.jpg,train,occluded,180,180,1.0,True,large,wider_1--Handshaking_1_Handshaking_Handshaking_1_234.jpg,C:\Thực tập LUMI\model_BaiToan\Deepleaning\data\dataset\raw\occluded\1--Handshaking_1_Handshaking_Handshaking_1_234.jpg_b16429.jpg
41--Swimming_41_Swimming_Swimming_41_128.jpg_b31296.jpg,train,occluded,112,112,1.0,True,large,wider_41--Swimming_41_Swimming_Swimming_41_128.jpg,C:\Thực tập LUMI\model_BaiToan\Deepleaning\data\dataset\raw\occluded\41--Swimming_41_Swimming_Swimming_41_128.jpg_b31296.jpg
26--Soldier_Drilling_26_Soldier_Drilling_Soldiers_Drilling_26_142.jpg_b91697.jpg,train,occluded,225,225,1.0,True,large,wider_26--Soldier_Drilling_26_Soldier_Drilling_Soldiers_Drilling_26_142.jpg,C:\Thực tập LUMI\model_BaiToan\Deepleaning\data\dataset\raw\occluded\26--Soldier_Drilling_26_Soldier_Drilling_Soldiers_Drilling_26_142.jpg_b91697.jpg
001415_face.jpg,train,occluded,150,150,1.0,True,large,single_001415_face.jpg,C:\Thực tập LUMI\model_BaiToan\Deepleaning\data\dataset\raw\occluded\001415_face.jpg
01a0b816-e7c0-7220-bc96-a7ef17c5f3f7_nvr-llWGaUl9M9E771xokkJUiNr5fMyJBigI_1789794904124_img_face1.jpg,train,occluded,117,117,1.0,True,large,single_01a0b816-e7c0-7220-bc96-a7ef17c5f3f7_nvr-llWGaUl9M9E771xokkJUiNr5fMyJBigI_1789794904124_img_face1.jpg,C:\Thực tập LUMI\model_BaiToan\Deepleaning\data\dataset\raw\occluded\01a0b816-e7c0-7220-bc96-a7ef17c5f3f7_nvr-llWGaUl9M9E771xokkJUiNr5fMyJBigI_1789794904124_img_face1.jpg
001120_face.jpg,train,occluded,127,127,1.0,True,large,single_001120_face.jpg,C:\Thực tập LUMI\model_BaiToan\Deepleaning\data\dataset\raw\occluded\001120_face.jpg
004654_face.jpg,train,occluded,161,161,1.0,True,large,single_004654_face.jpg,C:\Thực tập LUMI\model_BaiToan\Deepleaning\data\dataset\raw\occluded\004654_face.jpg
006555_face.jpg,train,occluded,150,150,1.0,True,large,single_006555_face.jpg,C:\Thực tập LUMI\model_BaiToan\Deepleaning\data\dataset\raw\occluded\006555_face.jpg
31--Waiter_Waitress_31_Waiter_Waitress_Waiter_Waitress_31_377.jpg_b98761.jpg,train,occluded,200,200,1.0,True,large,wider_31--Waiter_Waitress_31_Waiter_Waitress_Waiter_Waitress_31_377.jpg,C:\Thực tập LUMI\model_BaiToan\Deepleaning\data\dataset\raw\occluded\31--Waiter_Waitress_31_Waiter_Waitress_Waiter_Waitress_31_377.jpg_b98761.jpg
31--Waiter_Waitress_31_Waiter_Waitress_Waiter_Waitress_31_377.jpg_b98762.jpg,train,occluded,126,126,1.0,True,large,wider_31--Waiter_Waitress_31_Waiter_Waitress_Waiter_Waitress_31_377.jpg,C:\Thực tập LUMI\model_BaiToan\Deepleaning\data\dataset\raw\occluded\31--Waiter_Waitress_31_Waiter_Waitress_Waiter_Waitress_31_377.jpg_b98762.jpg
25--Soldier_Patrol_25_Soldier_Patrol_Soldier_Patrol_25_993.jpg_b22880.jpg,train,occluded,170,170,1.0,True,large,wider_25--Soldier_Patrol_25_Soldier_Patrol_Soldier_Patrol_25_993.jpg,C:\Thực tập LUMI\model_BaiToan\Deepleaning\data\dataset\raw\occluded\25--Soldier_Patrol_25_Soldier_Patrol_Soldier_Patrol_25_993.jpg_b22880.jpg
004863_face.jpg,train,occluded,157,157,1.0,True,large,single_004863_face.jpg,C:\Thực tập LUMI\model_BaiToan\Deepleaning\data\dataset\raw\occluded\004863_face.jpg
59--people--driving--car_59_peopledrivingcar_peopledrivingcar_59_369.jpg_b144216.jpg,train,occluded,122,122,1.0,True,large,wider_59--people--driving--car_59_peopledrivingcar_peopledrivingcar_59_369.jpg,C:\Thực tập LUMI\model_BaiToan\Deepleaning\data\dataset\raw\occluded\59--people--driving--car_59_peopledrivingcar_peopledrivingcar_59_369.jpg_b144216.jpg
22--Picnic_22_Picnic_Picnic_22_835.jpg_b89024.jpg,train,occluded,167,167,1.0,True,large,wider_22--Picnic_22_Picnic_Picnic_22_835.jpg,C:\Thực tập LUMI\model_BaiToan\Deepleaning\data\dataset\raw\occluded\22--Picnic_22_Picnic_Picnic_22_835.jpg_b89024.jpg
22--Picnic_22_Picnic_Picnic_22_835.jpg_b89025.jpg,train,occluded,133,133,1.0,True,large,wider_22--Picnic_22_Picnic_Picnic_22_835.jpg,C:\Thực tập LUMI\model_BaiToan\Deepleaning\data\dataset\raw\occluded\22--Picnic_22_Picnic_Picnic_22_835.jpg_b89025.jpg
56--Voter_56_Voter_peoplevoting_56_775.jpg_b139641.jpg,train,occluded,258,258,1.0,True,large,wider_56--Voter_56_Voter_peoplevoting_56_775.jpg,C:\Thực tập LUMI\model_BaiToan\Deepleaning\data\dataset\raw\occluded\56--Voter_56_Voter_peoplevoting_56_775.jpg_b139641.jpg
18--Concerts_18_Concerts_Concerts_18_1008.jpg_b44576.jpg,train,occluded,128,128,1.0,True,large,wider_18--Concerts_18_Concerts_Concerts_18_1008.jpg,C:\Thực tập LUMI\model_BaiToan\Deepleaning\data\dataset\raw\occluded\18--Concerts_18_Concerts_Concerts_18_1008.jpg_b44576.jpg
12--Group_12_Group_Large_Group_12_Group_Large_Group_12_219.jpg_b27527.jpg,train,occluded,130,130,1.0,True,large,wider_12--Group_12_Group_Large_Group_12_Group_Large_Group_12_219.jpg,C:\Thực tập LUMI\model_BaiToan\Deepleaning\data\dataset\raw\occluded\12--Group_12_Group_Large_Group_12_Group_Large_Group_12_219.jpg_b27527.jpg
32--Worker_Laborer_32_Worker_Laborer_Worker_Laborer_32_426.jpg_b99686.jpg,train,occluded,394,394,1.0,True,large,wider_32--Worker_Laborer_32_Worker_Laborer_Worker_Laborer_32_426.jpg,C:\Thực tập LUMI\model_BaiToan\Deepleaning\data\dataset\raw\occluded\32--Worker_Laborer_32_Worker_Laborer_Worker_Laborer_32_426.jpg_b99686.jpg
25--Soldier_Patrol_25_Soldier_Patrol_Soldier_Patrol_25_556.jpg_b91230.jpg,train,occluded,140,140,1.0,True,large,wider_25--Soldier_Patrol_25_Soldier_Patrol_Soldier_Patrol_25_556.jpg,C:\Thực tập LUMI\model_BaiToan\Deepleaning\data\dataset\raw\occluded\25--Soldier_Patrol_25_Soldier_Patrol_Soldier_Patrol_25_556.jpg_b91230.jpg
48--Parachutist_Paratrooper_48_Parachutist_Paratrooper_Parachutist_Paratrooper_48_772.jpg_b130023.jpg,train,occluded,110,110,1.0,True,medium,wider_48--Parachutist_Paratrooper_48_Parachutist_Paratrooper_Parachutist_Paratrooper_48_772.jpg,C:\Thực tập LUMI\model_BaiToan\Deepleaning\data\dataset\raw\occluded\48--Parachutist_Paratrooper_48_Parachutist_Paratrooper_Parachutist_Paratrooper_48_772.jpg_b130023.jpg
48--Parachutist_Paratrooper_48_Parachutist_Paratrooper_Parachutist_Paratrooper_48_772.jpg_b130024.jpg,train,occluded,158,158,1.0,True,large,wider_48--Parachutist_Paratrooper_48_Parachutist_Paratrooper_Parachutist_Paratrooper_48_772.jpg,C:\Thực tập LUMI\model_BaiToan\Deepleaning\data\dataset\raw\occluded\48--Parachutist_Paratrooper_48_Parachutist_Paratrooper_Parachutist_Paratrooper_48_772.jpg_b130024.jpg
48--Parachutist_Paratrooper_48_Parachutist_Paratrooper_Parachutist_Paratrooper_48_772.jpg_b130026.jpg,train,occluded,200,200,1.0,True,large,wider_48--Parachutist_Paratrooper_48_Parachutist_Paratrooper_Parachutist_Paratrooper_48_772.jpg,C:\Thực tập LUMI\model_BaiToan\Deepleaning\data\dataset\raw\occluded\48--Parachutist_Paratrooper_48_Parachutist_Paratrooper_Parachutist_Paratrooper_48_772.jpg_b130026.jpg
48--Parachutist_Paratrooper_48_Parachutist_Paratrooper_Parachutist_Paratrooper_48_772.jpg_b130027.jpg,train,occluded,132,132,1.0,True,large,wider_48--Parachutist_Paratrooper_48_Parachutist_Paratrooper_Parachutist_Paratrooper_48_772.jpg,C:\Thực tập LUMI\model_BaiToan\Deepleaning\data\dataset\raw\occluded\48--Parachutist_Paratrooper_48_Parachutist_Paratrooper_Parachutist_Paratrooper_48_772.jpg_b130027.jpg
01a0b343-9d60-74a0-8fb8-c06a61169119_nvr-llWGaUl9M9E771xokkJUiNr5fMyJBigI_1789713948153_img_face18.jpg,train,occluded,113,113,1.0,True,large,single_01a0b343-9d60-74a0-8fb8-c06a61169119_nvr-llWGaUl9M9E771xokkJUiNr5fMyJBigI_1789713948153_img_face18.jpg,C:\Thực tập LUMI\model_BaiToan\Deepleaning\data\dataset\raw\occluded\01a0b343-9d60-74a0-8fb8-c06a61169119_nvr-llWGaUl9M9E771xokkJUiNr5fMyJBigI_1789713948153_img_face18.jpg
16--Award_Ceremony_16_Award_Ceremony_Awards_Ceremony_16_364.jpg_b39748.jpg,train,occluded,171,171,1.0,True,large,wider_16--Award_Ceremony_16_Award_Ceremony_Awards_Ceremony_16_364.jpg,C:\Thực tập LUMI\model_BaiToan\Deepleaning\data\dataset\raw\occluded\16--Award_Ceremony_16_Award_Ceremony_Awards_Ceremony_16_364.jpg_b39748.jpg
16--Award_Ceremony_16_Award_Ceremony_Awards_Ceremony_16_364.jpg_b39755.jpg,train,occluded,156,156,1.0,True,large,wider_16--Award_Ceremony_16_Award_Ceremony_Awards_Ceremony_16_364.jpg,C:\Thực tập LUMI\model_BaiToan\Deepleaning\data\dataset\raw\occluded\16--Award_Ceremony_16_Award_Ceremony_Awards_Ceremony_16_364.jpg_b39755.jpg
3--Riot_3_Riot_Riot_3_814.jpg_b97435.jpg,train,occluded,162,162,1.0,True,large,wider_3--Riot_3_Riot_Riot_3_814.jpg,C:\Thực tập LUMI\model_BaiToan\Deepleaning\data\dataset\raw\occluded\3--Riot_3_Riot_Riot_3_814.jpg_b97435.jpg
007837_face.jpg,train,occluded,181,181,1.0,True,large,single_007837_face.jpg,C:\Thực tập LUMI\model_BaiToan\Deepleaning\data\dataset\raw\occluded\007837_face.jpg
000949_face.jpg,train,occluded,178,178,1.0,True,large,single_000949_face.jpg,C:\Thực tập LUMI\model_BaiToan\Deepleaning\data\dataset\raw\occluded\000949_face.jpg
26--Soldier_Drilling_26_Soldier_Drilling_Soldiers_Drilling_26_935.jpg_b92337.jpg,train,occluded,130,130,1.0,True,large,wider_26--Soldier_Drilling_26_Soldier_Drilling_Soldiers_Drilling_26_935.jpg,C:\Thực tập LUMI\model_BaiToan\Deepleaning\data\dataset\raw\occluded\26--Soldier_Drilling_26_Soldier_Drilling_Soldiers_Drilling_26_935.jpg_b92337.jpg
01a0b34b-61a8-7773-9961-45ac8896d6f4_nvr-llWGaUl9M9E771xokkJUiNr5fMyJBigI_1789714457897_img_face15.jpg,train,occluded,170,170,1.0,True,large,single_01a0b34b-61a8-7773-9961-45ac8896d6f4_nvr-llWGaUl9M9E771xokkJUiNr5fMyJBigI_1789714457897_img_face15.jpg,C:\Thực tập LUMI\model_BaiToan\Deepleaning\data\dataset\raw\occluded\01a0b34b-61a8-7773-9961-45ac8896d6f4_nvr-llWGaUl9M9E771xokkJUiNr5fMyJBigI_1789714457897_img_face15.jpg
31--Waiter_Waitress_31_Waiter_Waitress_Waiter_Waitress_31_612.jpg_b99445.jpg,train,occluded,112,112,1.0,True,large,wider_31--Waiter_Waitress_31_Waiter_Waitress_Waiter_Waitress_31_612.jpg,C:\Thực tập LUMI\model_BaiToan\Deepleaning\data\dataset\raw\occluded\31--Waiter_Waitress_31_Waiter_Waitress_Waiter_Waitress_31_612.jpg_b99445.jpg
31--Waiter_Waitress_31_Waiter_Waitress_Waiter_Waitress_31_612.jpg_b99446.jpg,train,occluded,140,140,1.0,True,large,wider_31--Waiter_Waitress_31_Waiter_Waitress_Waiter_Waitress_31_612.jpg,C:\Thực tập LUMI\model_BaiToan\Deepleaning\data\dataset\raw\occluded\31--Waiter_Waitress_31_Waiter_Waitress_Waiter_Waitress_31_612.jpg_b99446.jpg
23--Shoppers_23_Shoppers_Shoppers_23_562.jpg_b90044.jpg,train,occluded,166,166,1.0,True,large,wider_23--Shoppers_23_Shoppers_Shoppers_23_562.jpg,C:\Thực tập LUMI\model_BaiToan\Deepleaning\data\dataset\raw\occluded\23--Shoppers_23_Shoppers_Shoppers_23_562.jpg_b90044.jpg
007975_face.jpg,train,occluded,163,163,1.0,True,large,single_007975_face.jpg,C:\Thực tập LUMI\model_BaiToan\Deepleaning\data\dataset\raw\occluded\007975_face.jpg
006048_face.jpg,train,occluded,150,150,1.0,True,large,single_006048_face.jpg,C:\Thực tập LUMI\model_BaiToan\Deepleaning\data\dataset\raw\occluded\006048_face.jpg
11--Meeting_11_Meeting_Meeting_11_Meeting_Meeting_11_36.jpg_b23011.jpg,train,occluded,276,276,1.0,True,large,wider_11--Meeting_11_Meeting_Meeting_11_Meeting_Meeting_11_36.jpg,C:\Thực tập LUMI\model_BaiToan\Deepleaning\data\dataset\raw\occluded\11--Meeting_11_Meeting_Meeting_11_Meeting_Meeting_11_36.jpg_b23011.jpg
000904_face.jpg,train,occluded,123,123,1.0,True,large,single_000904_face.jpg,C:\Thực tập LUMI\model_BaiToan\Deepleaning\data\dataset\raw\occluded\000904_face.jpg
002930_face.jpg,train,occluded,158,158,1.0,True,large,single_002930_face.jpg,C:\Thực tập LUMI\model_BaiToan\Deepleaning\data\dataset\raw\occluded\002930_face.jpg
27--Spa_27_Spa_Spa_27_728.jpg_b23228.jpg,train,occluded,682,682,1.0,True,large,wider_27--Spa_27_Spa_Spa_27_728.jpg,C:\Thực tập LUMI\model_BaiToan\Deepleaning\data\dataset\raw\occluded\27--Spa_27_Spa_Spa_27_728.jpg_b23228.jpg
01a0b356-bbe8-7833-86a5-38691fb3d192_nvr-llWGaUl9M9E771xokkJUiNr5fMyJBigI_1789715201741_img_face4.jpg,train,occluded,144,144,1.0,True,large,single_01a0b356-bbe8-7833-86a5-38691fb3d192_nvr-llWGaUl9M9E771xokkJUiNr5fMyJBigI_1789715201741_img_face4.jpg,C:\Thực tập LUMI\model_BaiToan\Deepleaning\data\dataset\raw\occluded\01a0b356-bbe8-7833-86a5-38691fb3d192_nvr-llWGaUl9M9E771xokkJUiNr5fMyJBigI_1789715201741_img_face4.jpg
002513_face.jpg,train,occluded,155,155,1.0,True,large,single_002513_face.jpg,C:\Thực tập LUMI\model_BaiToan\Deepleaning\data\dataset\raw\occluded\002513_face.jpg
34--Baseball_34_Baseball_Baseball_34_529.jpg_b101033.jpg,train,occluded,158,158,1.0,True,large,wider_34--Baseball_34_Baseball_Baseball_34_529.jpg,C:\Thực tập LUMI\model_BaiToan\Deepleaning\data\dataset\raw\occluded\34--Baseball_34_Baseball_Baseball_34_529.jpg_b101033.jpg
MinhNT_20260415_085911_822.jpg,train,occluded,112,112,1.0,True,large,person_session_MinhNT_20260415_0859,C:\Thực tập LUMI\model_BaiToan\Deepleaning\data\dataset\raw\occluded\MinhNT_20260415_085911_822.jpg
49--Greeting_49_Greeting_peoplegreeting_49_56.jpg_b33321.jpg,train,occluded,116,116,1.0,True,large,wider_49--Greeting_49_Greeting_peoplegreeting_49_56.jpg,C:\Thực tập LUMI\model_BaiToan\Deepleaning\data\dataset\raw\occluded\49--Greeting_49_Greeting_peoplegreeting_49_56.jpg_b33321.jpg
15--Stock_Market_15_Stock_Market_Stock_Market_15_377.jpg_b39240.jpg,train,occluded,118,118,1.0,True,large,wider_15--Stock_Market_15_Stock_Market_Stock_Market_15_377.jpg,C:\Thực tập LUMI\model_BaiToan\Deepleaning\data\dataset\raw\occluded\15--Stock_Market_15_Stock_Market_Stock_Market_15_377.jpg_b39240.jpg
15--Stock_Market_15_Stock_Market_Stock_Market_15_377.jpg_b39241.jpg,train,occluded,150,150,1.0,True,large,wider_15--Stock_Market_15_Stock_Market_Stock_Market_15_377.jpg,C:\Thực tập LUMI\model_BaiToan\Deepleaning\data\dataset\raw\occluded\15--Stock_Market_15_Stock_Market_Stock_Market_15_377.jpg_b39241.jpg
41--Swimming_41_Swimming_Swimming_41_52.jpg_b31203.jpg,train,occluded,244,244,1.0,True,large,wider_41--Swimming_41_Swimming_Swimming_41_52.jpg,C:\Thực tập LUMI\model_BaiToan\Deepleaning\data\dataset\raw\occluded\41--Swimming_41_Swimming_Swimming_41_52.jpg_b31203.jpg
1--Handshaking_1_Handshaking_Handshaking_1_199.jpg_b16838.jpg,train,occluded,116,116,1.0,True,large,wider_1--Handshaking_1_Handshaking_Handshaking_1_199.jpg,C:\Thực tập LUMI\model_BaiToan\Deepleaning\data\dataset\raw\occluded\1--Handshaking_1_Handshaking_Handshaking_1_199.jpg_b16838.jpg
001436_face.jpg,train,occluded,152,152,1.0,True,large,single_001436_face.jpg,C:\Thực tập LUMI\model_BaiToan\Deepleaning\data\dataset\raw\occluded\001436_face.jpg
007838_face.jpg,train,occluded,141,141,1.0,True,large,single_007838_face.jpg,C:\Thực tập LUMI\model_BaiToan\Deepleaning\data\dataset\raw\occluded\007838_face.jpg
2--Demonstration_2_Demonstration_Political_Rally_2_803.jpg_b72114.jpg,train,occluded,129,129,1.0,True,large,wider_2--Demonstration_2_Demonstration_Political_Rally_2_803.jpg,C:\Thực tập LUMI\model_BaiToan\Deepleaning\data\dataset\raw\occluded\2--Demonstration_2_Demonstration_Political_Rally_2_803.jpg_b72114.jpg
13--Interview_13_Interview_Interview_On_Location_13_186.jpg_b9601.jpg,train,occluded,132,132,1.0,True,large,wider_13--Interview_13_Interview_Interview_On_Location_13_186.jpg,C:\Thực tập LUMI\model_BaiToan\Deepleaning\data\dataset\raw\occluded\13--Interview_13_Interview_Interview_On_Location_13_186.jpg_b9601.jpg
002286_face.jpg,train,occluded,187,187,1.0,True,large,single_002286_face.jpg,C:\Thực tập LUMI\model_BaiToan\Deepleaning\data\dataset\raw\occluded\002286_face.jpg
000245_face.jpg,train,occluded,163,163,1.0,True,large,single_000245_face.jpg,C:\Thực tập LUMI\model_BaiToan\Deepleaning\data\dataset\raw\occluded\000245_face.jpg
12--Group_12_Group_Team_Organized_Group_12_Group_Team_Organized_Group_12_894.jpg_b27637.jpg,train,occluded,155,155,1.0,True,large,wider_12--Group_12_Group_Team_Organized_Group_12_Group_Team_Organized_Group_12_894.jpg,C:\Thực tập LUMI\model_BaiToan\Deepleaning\data\dataset\raw\occluded\12--Group_12_Group_Team_Organized_Group_12_Group_Team_Organized_Group_12_894.jpg_b27637.jpg
002793_face.jpg,train,occluded,122,122,1.0,True,large,single_002793_face.jpg,C:\Thực tập LUMI\model_BaiToan\Deepleaning\data\dataset\raw\occluded\002793_face.jpg
27--Spa_27_Spa_Spa_27_400.jpg_b92950.jpg,train,occluded,166,166,1.0,True,large,wider_27--Spa_27_Spa_Spa_27_400.jpg,C:\Thực tập LUMI\model_BaiToan\Deepleaning\data\dataset\raw\occluded\27--Spa_27_Spa_Spa_27_400.jpg_b92950.jpg
45--Balloonist_45_Balloonist_Balloonist_45_616.jpg_b124756.jpg,train,occluded,212,212,1.0,True,large,wider_45--Balloonist_45_Balloonist_Balloonist_45_616.jpg,C:\Thực tập LUMI\model_BaiToan\Deepleaning\data\dataset\raw\occluded\45--Balloonist_45_Balloonist_Balloonist_45_616.jpg_b124756.jpg
29--Students_Schoolkids_29_Students_Schoolkids_Students_Schoolkids_29_833.jpg_b95866.jpg,train,occluded,326,326,1.0,True,large,wider_29--Students_Schoolkids_29_Students_Schoolkids_Students_Schoolkids_29_833.jpg,C:\Thực tập LUMI\model_BaiToan\Deepleaning\data\dataset\raw\occluded\29--Students_Schoolkids_29_Students_Schoolkids_Students_Schoolkids_29_833.jpg_b95866.jpg
01a0b345-1078-7a52-b9f7-d6ac6e3c21e5_nvr-llWGaUl9M9E771xokkJUiNr5fMyJBigI_1789714043912_img_face13.jpg,train,occluded,113,113,1.0,True,large,single_01a0b345-1078-7a52-b9f7-d6ac6e3c21e5_nvr-llWGaUl9M9E771xokkJUiNr5fMyJBigI_1789714043912_img_face13.jpg,C:\Thực tập LUMI\model_BaiToan\Deepleaning\data\dataset\raw\occluded\01a0b345-1078-7a52-b9f7-d6ac6e3c21e5_nvr-llWGaUl9M9E771xokkJUiNr5fMyJBigI_1789714043912_img_face13.jpg
01a0b344-39a0-7401-8d95-8b5de21f8642_nvr-llWGaUl9M9E771xokkJUiNr5fMyJBigI_1789713988868_img_face5.jpg,train,occluded,114,114,1.0,True,large,single_01a0b344-39a0-7401-8d95-8b5de21f8642_nvr-llWGaUl9M9E771xokkJUiNr5fMyJBigI_1789713988868_img_face5.jpg,C:\Thực tập LUMI\model_BaiToan\Deepleaning\data\dataset\raw\occluded\01a0b344-39a0-7401-8d95-8b5de21f8642_nvr-llWGaUl9M9E771xokkJUiNr5fMyJBigI_1789713988868_img_face5.jpg
9--Press_Conference_9_Press_Conference_Press_Conference_9_328.jpg_b39084.jpg,train,occluded,188,188,1.0,True,large,wider_9--Press_Conference_9_Press_Conference_Press_Conference_9_328.jpg,C:\Thực tập LUMI\model_BaiToan\Deepleaning\data\dataset\raw\occluded\9--Press_Conference_9_Press_Conference_Press_Conference_9_328.jpg_b39084.jpg
11--Meeting_11_Meeting_Meeting_11_Meeting_Meeting_11_377.jpg_b22620.jpg,train,occluded,134,134,1.0,True,large,wider_11--Meeting_11_Meeting_Meeting_11_Meeting_Meeting_11_377.jpg,C:\Thực tập LUMI\model_BaiToan\Deepleaning\data\dataset\raw\occluded\11--Meeting_11_Meeting_Meeting_11_Meeting_Meeting_11_377.jpg_b22620.jpg
35--Basketball_35_Basketball_playingbasketball_35_405.jpg_b26832.jpg,train,occluded,190,190,1.0,True,large,wider_35--Basketball_35_Basketball_playingbasketball_35_405.jpg,C:\Thực tập LUMI\model_BaiToan\Deepleaning\data\dataset\raw\occluded\35--Basketball_35_Basketball_playingbasketball_35_405.jpg_b26832.jpg
007550_face.jpg,train,occluded,144,144,1.0,True,large,single_007550_face.jpg,C:\Thực tập LUMI\model_BaiToan\Deepleaning\data\dataset\raw\occluded\007550_face.jpg
000373_face.jpg,train,occluded,137,137,1.0,True,large,single_000373_face.jpg,C:\Thực tập LUMI\model_BaiToan\Deepleaning\data\dataset\raw\occluded\000373_face.jpg
01a0b36f-ed20-7f30-b22a-beb3eed18343_nvr-llWGaUl9M9E771xokkJUiNr5fMyJBigI_1789716852349_img_face.jpg,train,occluded,112,112,1.0,True,large,single_01a0b36f-ed20-7f30-b22a-beb3eed18343_nvr-llWGaUl9M9E771xokkJUiNr5fMyJBigI_1789716852349_img_face.jpg,C:\Thực tập LUMI\model_BaiToan\Deepleaning\data\dataset\raw\occluded\01a0b36f-ed20-7f30-b22a-beb3eed18343_nvr-llWGaUl9M9E771xokkJUiNr5fMyJBigI_1789716852349_img_face.jpg
41--Swimming_41_Swimming_Swimming_41_164.jpg_b121703.jpg,train,occluded,144,144,1.0,True,large,wider_41--Swimming_41_Swimming_Swimming_41_164.jpg,C:\Thực tập LUMI\model_BaiToan\Deepleaning\data\dataset\raw\occluded\41--Swimming_41_Swimming_Swimming_41_164.jpg_b121703.jpg
004776_face.jpg,train,occluded,135,135,1.0,True,large,single_004776_face.jpg,C:\Thực tập LUMI\model_BaiToan\Deepleaning\data\dataset\raw\occluded\004776_face.jpg
61--Street_Battle_61_Street_Battle_streetfight_61_101.jpg_b147051.jpg,train,occluded,180,180,1.0,True,large,wider_61--Street_Battle_61_Street_Battle_streetfight_61_101.jpg,C:\Thực tập LUMI\model_BaiToan\Deepleaning\data\dataset\raw\occluded\61--Street_Battle_61_Street_Battle_streetfight_61_101.jpg_b147051.jpg
2--Demonstration_2_Demonstration_Demonstration_Or_Protest_2_6.jpg_b60804.jpg,train,occluded,123,123,1.0,True,large,wider_2--Demonstration_2_Demonstration_Demonstration_Or_Protest_2_6.jpg,C:\Thực tập LUMI\model_BaiToan\Deepleaning\data\dataset\raw\occluded\2--Demonstration_2_Demonstration_Demonstration_Or_Protest_2_6.jpg_b60804.jpg
004883_face.jpg,train,occluded,148,148,1.0,True,large,single_004883_face.jpg,C:\Thực tập LUMI\model_BaiToan\Deepleaning\data\dataset\raw\occluded\004883_face.jpg
31--Waiter_Waitress_31_Waiter_Waitress_Waiter_Waitress_31_660.jpg_b98872.jpg,train,occluded,153,153,1.0,True,large,wider_31--Waiter_Waitress_31_Waiter_Waitress_Waiter_Waitress_31_660.jpg,C:\Thực tập LUMI\model_BaiToan\Deepleaning\data\dataset\raw\occluded\31--Waiter_Waitress_31_Waiter_Waitress_Waiter_Waitress_31_660.jpg_b98872.jpg
003565_face.jpg,train,occluded,160,160,1.0,True,large,single_003565_face.jpg,C:\Thực tập LUMI\model_BaiToan\Deepleaning\data\dataset\raw\occluded\003565_face.jpg
007634_face.jpg,train,occluded,156,156,1.0,True,large,single_007634_face.jpg,C:\Thực tập LUMI\model_BaiToan\Deepleaning\data\dataset\raw\occluded\007634_face.jpg
61--Street_Battle_61_Street_Battle_streetfight_61_492.jpg_b146824.jpg,train,occluded,121,121,1.0,True,large,wider_61--Street_Battle_61_Street_Battle_streetfight_61_492.jpg,C:\Thực tập LUMI\model_BaiToan\Deepleaning\data\dataset\raw\occluded\61--Street_Battle_61_Street_Battle_streetfight_61_492.jpg_b146824.jpg
01a0b343-33e8-73f1-867b-0bb9c9d95ecd_nvr-llWGaUl9M9E771xokkJUiNr5fMyJBigI_1789713921538_img_face21.jpg,train,occluded,147,147,1.0,True,large,single_01a0b343-33e8-73f1-867b-0bb9c9d95ecd_nvr-llWGaUl9M9E771xokkJUiNr5fMyJBigI_1789713921538_img_face21.jpg,C:\Thực tập LUMI\model_BaiToan\Deepleaning\data\dataset\raw\occluded\01a0b343-33e8-73f1-867b-0bb9c9d95ecd_nvr-llWGaUl9M9E771xokkJUiNr5fMyJBigI_1789713921538_img_face21.jpg
18--Concerts_18_Concerts_Concerts_18_1012.jpg_b43963.jpg,train,occluded,124,124,1.0,True,large,wider_18--Concerts_18_Concerts_Concerts_18_1012.jpg,C:\Thực tập LUMI\model_BaiToan\Deepleaning\data\dataset\raw\occluded\18--Concerts_18_Concerts_Concerts_18_1012.jpg_b43963.jpg
4--Dancing_4_Dancing_Dancing_4_233.jpg_b119287.jpg,train,occluded,196,196,1.0,True,large,wider_4--Dancing_4_Dancing_Dancing_4_233.jpg,C:\Thực tập LUMI\model_BaiToan\Deepleaning\data\dataset\raw\occluded\4--Dancing_4_Dancing_Dancing_4_233.jpg_b119287.jpg
61--Street_Battle_61_Street_Battle_streetfight_61_346.jpg_b147136.jpg,train,occluded,210,210,1.0,True,large,wider_61--Street_Battle_61_Street_Battle_streetfight_61_346.jpg,C:\Thực tập LUMI\model_BaiToan\Deepleaning\data\dataset\raw\occluded\61--Street_Battle_61_Street_Battle_streetfight_61_346.jpg_b147136.jpg
007908_face.jpg,train,occluded,129,129,1.0,True,large,single_007908_face.jpg,C:\Thực tập LUMI\model_BaiToan\Deepleaning\data\dataset\raw\occluded\007908_face.jpg
008061_face.jpg,train,occluded,163,163,1.0,True,large,single_008061_face.jpg,C:\Thực tập LUMI\model_BaiToan\Deepleaning\data\dataset\raw\occluded\008061_face.jpg
61--Street_Battle_61_Street_Battle_streetfight_61_767.jpg_b37074.jpg,train,occluded,166,166,1.0,True,large,wider_61--Street_Battle_61_Street_Battle_streetfight_61_767.jpg,C:\Thực tập LUMI\model_BaiToan\Deepleaning\data\dataset\raw\occluded\61--Street_Battle_61_Street_Battle_streetfight_61_767.jpg_b37074.jpg
17--Ceremony_17_Ceremony_Ceremony_17_365.jpg_b43008.jpg,train,occluded,360,360,1.0,True,large,wider_17--Ceremony_17_Ceremony_Ceremony_17_365.jpg,C:\Thực tập LUMI\model_BaiToan\Deepleaning\data\dataset\raw\occluded\17--Ceremony_17_Ceremony_Ceremony_17_365.jpg_b43008.jpg
1--Handshaking_1_Handshaking_Handshaking_1_626.jpg_b16817.jpg,train,occluded,114,114,1.0,True,large,wider_1--Handshaking_1_Handshaking_Handshaking_1_626.jpg,C:\Thực tập LUMI\model_BaiToan\Deepleaning\data\dataset\raw\occluded\1--Handshaking_1_Handshaking_Handshaking_1_626.jpg_b16817.jpg
002729_face.jpg,train,occluded,174,174,1.0,True,large,single_002729_face.jpg,C:\Thực tập LUMI\model_BaiToan\Deepleaning\data\dataset\raw\occluded\002729_face.jpg
12--Group_12_Group_Large_Group_12_Group_Large_Group_12_551.jpg_b8101.jpg,train,occluded,173,173,1.0,True,large,wider_12--Group_12_Group_Large_Group_12_Group_Large_Group_12_551.jpg,C:\Thực tập LUMI\model_BaiToan\Deepleaning\data\dataset\raw\occluded\12--Group_12_Group_Large_Group_12_Group_Large_Group_12_551.jpg_b8101.jpg
29--Students_Schoolkids_29_Students_Schoolkids_Students_Schoolkids_29_438.jpg_b95876.jpg,train,occluded,123,123,1.0,True,large,wider_29--Students_Schoolkids_29_Students_Schoolkids_Students_Schoolkids_29_438.jpg,C:\Thực tập LUMI\model_BaiToan\Deepleaning\data\dataset\raw\occluded\29--Students_Schoolkids_29_Students_Schoolkids_Students_Schoolkids_29_438.jpg_b95876.jpg
2--Demonstration_2_Demonstration_Political_Rally_2_166.jpg_b78189.jpg,train,occluded,118,118,1.0,True,large,wider_2--Demonstration_2_Demonstration_Political_Rally_2_166.jpg,C:\Thực tập LUMI\model_BaiToan\Deepleaning\data\dataset\raw\occluded\2--Demonstration_2_Demonstration_Political_Rally_2_166.jpg_b78189.jpg
2--Demonstration_2_Demonstration_Political_Rally_2_56.jpg_b65476.jpg,train,occluded,171,171,1.0,True,large,wider_2--Demonstration_2_Demonstration_Political_Rally_2_56.jpg,C:\Thực tập LUMI\model_BaiToan\Deepleaning\data\dataset\raw\occluded\2--Demonstration_2_Demonstration_Political_Rally_2_56.jpg_b65476.jpg
2--Demonstration_2_Demonstration_Political_Rally_2_56.jpg_b65477.jpg,train,occluded,133,133,1.0,True,large,wider_2--Demonstration_2_Demonstration_Political_Rally_2_56.jpg,C:\Thực tập LUMI\model_BaiToan\Deepleaning\data\dataset\raw\occluded\2--Demonstration_2_Demonstration_Political_Rally_2_56.jpg_b65477.jpg
2--Demonstration_2_Demonstration_Political_Rally_2_56.jpg_b65478.jpg,train,occluded,217,217,1.0,True,large,wider_2--Demonstration_2_Demonstration_Political_Rally_2_56.jpg,C:\Thực tập LUMI\model_BaiToan\Deepleaning\data\dataset\raw\occluded\2--Demonstration_2_Demonstration_Political_Rally_2_56.jpg_b65478.jpg
2--Demonstration_2_Demonstration_Political_Rally_2_56.jpg_b65479.jpg,train,occluded,64,64,1.0,True,small,wider_2--Demonstration_2_Demonstration_Political_Rally_2_56.jpg,C:\Thực tập LUMI\model_BaiToan\Deepleaning\data\dataset\raw\occluded\2--Demonstration_2_Demonstration_Political_Rally_2_56.jpg_b65479.jpg
5--Car_Accident_5_Car_Accident_Accident_5_111.jpg_b131595.jpg,train,occluded,117,117,1.0,True,large,wider_5--Car_Accident_5_Car_Accident_Accident_5_111.jpg,C:\Thực tập LUMI\model_BaiToan\Deepleaning\data\dataset\raw\occluded\5--Car_Accident_5_Car_Accident_Accident_5_111.jpg_b131595.jpg
007030_face.jpg,train,occluded,151,151,1.0,True,large,single_007030_face.jpg,C:\Thực tập LUMI\model_BaiToan\Deepleaning\data\dataset\raw\occluded\007030_face.jpg
35--Basketball_35_Basketball_Basketball_35_240.jpg_b110227.jpg,train,occluded,122,122,1.0,True,large,wider_35--Basketball_35_Basketball_Basketball_35_240.jpg,C:\Thực tập LUMI\model_BaiToan\Deepleaning\data\dataset\raw\occluded\35--Basketball_35_Basketball_Basketball_35_240.jpg_b110227.jpg
006388_face.jpg,train,occluded,178,178,1.0,True,large,single_006388_face.jpg,C:\Thực tập LUMI\model_BaiToan\Deepleaning\data\dataset\raw\occluded\006388_face.jpg
50--Celebration_Or_Party_50_Celebration_Or_Party_houseparty_50_321.jpg_b133595.jpg,train,clear,114,114,1.0,True,large,wider_50--Celebration_Or_Party_50_Celebration_Or_Party_houseparty_50_321.jpg,C:\Thực tập LUMI\model_BaiToan\Deepleaning\data\dataset\raw\clear\50--Celebration_Or_Party_50_Celebration_Or_Party_houseparty_50_321.jpg_b133595.jpg
50--Celebration_Or_Party_50_Celebration_Or_Party_houseparty_50_321.jpg_b133605.jpg,train,clear,82,82,1.0,True,medium,wider_50--Celebration_Or_Party_50_Celebration_Or_Party_houseparty_50_321.jpg,C:\Thực tập LUMI\model_BaiToan\Deepleaning\data\dataset\raw\clear\50--Celebration_Or_Party_50_Celebration_Or_Party_houseparty_50_321.jpg_b133605.jpg
50--Celebration_Or_Party_50_Celebration_Or_Party_houseparty_50_321.jpg_b133568.jpg,train,occluded,102,102,1.0,True,medium,wider_50--Celebration_Or_Party_50_Celebration_Or_Party_houseparty_50_321.jpg,C:\Thực tập LUMI\model_BaiToan\Deepleaning\data\dataset\raw\occluded\50--Celebration_Or_Party_50_Celebration_Or_Party_houseparty_50_321.jpg_b133568.jpg
50--Celebration_Or_Party_50_Celebration_Or_Party_houseparty_50_321.jpg_b133581.jpg,train,occluded,101,101,1.0,True,medium,wider_50--Celebration_Or_Party_50_Celebration_Or_Party_houseparty_50_321.jpg,C:\Thực tập LUMI\model_BaiToan\Deepleaning\data\dataset\raw\occluded\50--Celebration_Or_Party_50_Celebration_Or_Party_houseparty_50_321.jpg_b133581.jpg
50--Celebration_Or_Party_50_Celebration_Or_Party_houseparty_50_321.jpg_b133592.jpg,train,occluded,112,112,1.0,True,large,wider_50--Celebration_Or_Party_50_Celebration_Or_Party_houseparty_50_321.jpg,C:\Thực tập LUMI\model_BaiToan\Deepleaning\data\dataset\raw\occluded\50--Celebration_Or_Party_50_Celebration_Or_Party_houseparty_50_321.jpg_b133592.jpg
50--Celebration_Or_Party_50_Celebration_Or_Party_houseparty_50_321.jpg_b133597.jpg,train,occluded,122,122,1.0,True,large,wider_50--Celebration_Or_Party_50_Celebration_Or_Party_houseparty_50_321.jpg,C:\Thực tập LUMI\model_BaiToan\Deepleaning\data\dataset\raw\occluded\50--Celebration_Or_Party_50_Celebration_Or_Party_houseparty_50_321.jpg_b133597.jpg
50--Celebration_Or_Party_50_Celebration_Or_Party_houseparty_50_321.jpg_b133600.jpg,train,occluded,117,117,1.0,True,large,wider_50--Celebration_Or_Party_50_Celebration_Or_Party_houseparty_50_321.jpg,C:\Thực tập LUMI\model_BaiToan\Deepleaning\data\dataset\raw\occluded\50--Celebration_Or_Party_50_Celebration_Or_Party_houseparty_50_321.jpg_b133600.jpg
49--Greeting_49_Greeting_peoplegreeting_49_334.jpg_b131248.jpg,train,occluded,162,162,1.0,True,large,wider_49--Greeting_49_Greeting_peoplegreeting_49_334.jpg,C:\Thực tập LUMI\model_BaiToan\Deepleaning\data\dataset\raw\occluded\49--Greeting_49_Greeting_peoplegreeting_49_334.jpg_b131248.jpg
006108_face.jpg,train,occluded,163,163,1.0,True,large,single_006108_face.jpg,C:\Thực tập LUMI\model_BaiToan\Deepleaning\data\dataset\raw\occluded\006108_face.jpg
13--Interview_13_Interview_Interview_Sequences_13_1013.jpg_b37567.jpg,train,occluded,421,421,1.0,True,large,wider_13--Interview_13_Interview_Interview_Sequences_13_1013.jpg,C:\Thực tập LUMI\model_BaiToan\Deepleaning\data\dataset\raw\occluded\13--Interview_13_Interview_Interview_Sequences_13_1013.jpg_b37567.jpg
44--Aerobics_44_Aerobics_Aerobics_44_67.jpg_b123760.jpg,train,occluded,150,150,1.0,True,large,wider_44--Aerobics_44_Aerobics_Aerobics_44_67.jpg,C:\Thực tập LUMI\model_BaiToan\Deepleaning\data\dataset\raw\occluded\44--Aerobics_44_Aerobics_Aerobics_44_67.jpg_b123760.jpg
008013_face.jpg,train,occluded,123,123,1.0,True,large,single_008013_face.jpg,C:\Thực tập LUMI\model_BaiToan\Deepleaning\data\dataset\raw\occluded\008013_face.jpg
8--Election_Campain_8_Election_Campain_Election_Campaign_8_376.jpg_b155359.jpg,train,occluded,112,112,1.0,True,large,wider_8--Election_Campain_8_Election_Campain_Election_Campaign_8_376.jpg,C:\Thực tập LUMI\model_BaiToan\Deepleaning\data\dataset\raw\occluded\8--Election_Campain_8_Election_Campain_Election_Campaign_8_376.jpg_b155359.jpg
8--Election_Campain_8_Election_Campain_Election_Campaign_8_376.jpg_b155361.jpg,train,occluded,79,79,1.0,True,medium,wider_8--Election_Campain_8_Election_Campain_Election_Campaign_8_376.jpg,C:\Thực tập LUMI\model_BaiToan\Deepleaning\data\dataset\raw\occluded\8--Election_Campain_8_Election_Campain_Election_Campaign_8_376.jpg_b155361.jpg
52--Photographers_52_Photographers_photographertakingphoto_52_704.jpg_b135769.jpg,train,occluded,120,120,1.0,True,large,wider_52--Photographers_52_Photographers_photographertakingphoto_52_704.jpg,C:\Thực tập LUMI\model_BaiToan\Deepleaning\data\dataset\raw\occluded\52--Photographers_52_Photographers_photographertakingphoto_52_704.jpg_b135769.jpg
44--Aerobics_44_Aerobics_Aerobics_44_940.jpg_b123588.jpg,train,occluded,344,344,1.0,True,large,wider_44--Aerobics_44_Aerobics_Aerobics_44_940.jpg,C:\Thực tập LUMI\model_BaiToan\Deepleaning\data\dataset\raw\occluded\44--Aerobics_44_Aerobics_Aerobics_44_940.jpg_b123588.jpg
41--Swimming_41_Swimming_Swimmer_41_789.jpg_b121860.jpg,train,occluded,160,160,1.0,True,large,wider_41--Swimming_41_Swimming_Swimmer_41_789.jpg,C:\Thực tập LUMI\model_BaiToan\Deepleaning\data\dataset\raw\occluded\41--Swimming_41_Swimming_Swimmer_41_789.jpg_b121860.jpg
006254_face.jpg,train,occluded,146,146,1.0,True,large,single_006254_face.jpg,C:\Thực tập LUMI\model_BaiToan\Deepleaning\data\dataset\raw\occluded\006254_face.jpg
000815_face.jpg,train,occluded,166,166,1.0,True,large,single_000815_face.jpg,C:\Thực tập LUMI\model_BaiToan\Deepleaning\data\dataset\raw\occluded\000815_face.jpg
54--Rescue_54_Rescue_firemanrescue_54_724.jpg_b34911.jpg,train,occluded,120,120,1.0,True,large,wider_54--Rescue_54_Rescue_firemanrescue_54_724.jpg,C:\Thực tập LUMI\model_BaiToan\Deepleaning\data\dataset\raw\occluded\54--Rescue_54_Rescue_firemanrescue_54_724.jpg_b34911.jpg
002385_face.jpg,train,occluded,115,115,1.0,True,large,single_002385_face.jpg,C:\Thực tập LUMI\model_BaiToan\Deepleaning\data\dataset\raw\occluded\002385_face.jpg
56--Voter_56_Voter_peoplevoting_56_858.jpg_b140088.jpg,train,occluded,357,357,1.0,True,large,wider_56--Voter_56_Voter_peoplevoting_56_858.jpg,C:\Thực tập LUMI\model_BaiToan\Deepleaning\data\dataset\raw\occluded\56--Voter_56_Voter_peoplevoting_56_858.jpg_b140088.jpg
35--Basketball_35_Basketball_playingbasketball_35_45.jpg_b103093.jpg,train,occluded,120,120,1.0,True,large,wider_35--Basketball_35_Basketball_playingbasketball_35_45.jpg,C:\Thực tập LUMI\model_BaiToan\Deepleaning\data\dataset\raw\occluded\35--Basketball_35_Basketball_playingbasketball_35_45.jpg_b103093.jpg
9--Press_Conference_9_Press_Conference_Press_Conference_9_493.jpg_b156759.jpg,train,occluded,629,629,1.0,True,large,wider_9--Press_Conference_9_Press_Conference_Press_Conference_9_493.jpg,C:\Thực tập LUMI\model_BaiToan\Deepleaning\data\dataset\raw\occluded\9--Press_Conference_9_Press_Conference_Press_Conference_9_493.jpg_b156759.jpg
2--Demonstration_2_Demonstration_Protesters_2_758.jpg_b72646.jpg,train,occluded,151,151,1.0,True,large,wider_2--Demonstration_2_Demonstration_Protesters_2_758.jpg,C:\Thực tập LUMI\model_BaiToan\Deepleaning\data\dataset\raw\occluded\2--Demonstration_2_Demonstration_Protesters_2_758.jpg_b72646.jpg
003799_face.jpg,train,occluded,147,147,1.0,True,large,single_003799_face.jpg,C:\Thực tập LUMI\model_BaiToan\Deepleaning\data\dataset\raw\occluded\003799_face.jpg
01a0b344-aae8-7b61-9374-0c1d0378150a_nvr-llWGaUl9M9E771xokkJUiNr5fMyJBigI_1789714017393_img_face7.jpg,train,occluded,144,144,1.0,True,large,single_01a0b344-aae8-7b61-9374-0c1d0378150a_nvr-llWGaUl9M9E771xokkJUiNr5fMyJBigI_1789714017393_img_face7.jpg,C:\Thực tập LUMI\model_BaiToan\Deepleaning\data\dataset\raw\occluded\01a0b344-aae8-7b61-9374-0c1d0378150a_nvr-llWGaUl9M9E771xokkJUiNr5fMyJBigI_1789714017393_img_face7.jpg
002646_face.jpg,train,occluded,133,133,1.0,True,large,single_002646_face.jpg,C:\Thực tập LUMI\model_BaiToan\Deepleaning\data\dataset\raw\occluded\002646_face.jpg
MaiNT_20260414_160321_583.jpg,train,occluded,112,112,1.0,True,large,person_session_MaiNT_20260414_1603,C:\Thực tập LUMI\model_BaiToan\Deepleaning\data\dataset\raw\occluded\MaiNT_20260414_160321_583.jpg
10--People_Marching_10_People_Marching_People_Marching_10_People_Marching_People_Marching_10_People_Marching_People_Marching_10_599.jpg_b17130.jpg,train,occluded,130,130,1.0,True,large,wider_10--People_Marching_10_People_Marching_People_Marching_10_People_Marching_People_Marching_10_People_Marching_People_Marching_10_599.jpg,C:\Thực tập LUMI\model_BaiToan\Deepleaning\data\dataset\raw\occluded\10--People_Marching_10_People_Marching_People_Marching_10_People_Marching_People_Marching_10_People_Marching_People_Marching_10_599.jpg_b17130.jpg
004916_face.jpg,train,occluded,169,169,1.0,True,large,single_004916_face.jpg,C:\Thực tập LUMI\model_BaiToan\Deepleaning\data\dataset\raw\occluded\004916_face.jpg
11--Meeting_11_Meeting_Meeting_11_Meeting_Meeting_11_375.jpg_b6878.jpg,train,occluded,116,116,1.0,True,large,wider_11--Meeting_11_Meeting_Meeting_11_Meeting_Meeting_11_375.jpg,C:\Thực tập LUMI\model_BaiToan\Deepleaning\data\dataset\raw\occluded\11--Meeting_11_Meeting_Meeting_11_Meeting_Meeting_11_375.jpg_b6878.jpg
12--Group_12_Group_Large_Group_12_Group_Large_Group_12_193.jpg_b33164.jpg,train,occluded,119,119,1.0,True,large,wider_12--Group_12_Group_Large_Group_12_Group_Large_Group_12_193.jpg,C:\Thực tập LUMI\model_BaiToan\Deepleaning\data\dataset\raw\occluded\12--Group_12_Group_Large_Group_12_Group_Large_Group_12_193.jpg_b33164.jpg
49--Greeting_49_Greeting_peoplegreeting_49_949.jpg_b130671.jpg,train,occluded,116,116,1.0,True,large,wider_49--Greeting_49_Greeting_peoplegreeting_49_949.jpg,C:\Thực tập LUMI\model_BaiToan\Deepleaning\data\dataset\raw\occluded\49--Greeting_49_Greeting_peoplegreeting_49_949.jpg_b130671.jpg
01a0b3c0-0120-71c2-890c-071b7bd57b40_nvr-llWGaUl9M9E771xokkJUiNr5fMyJBigI_1789722100477_img_face2.jpg,train,occluded,153,153,1.0,True,large,single_01a0b3c0-0120-71c2-890c-071b7bd57b40_nvr-llWGaUl9M9E771xokkJUiNr5fMyJBigI_1789722100477_img_face2.jpg,C:\Thực tập LUMI\model_BaiToan\Deepleaning\data\dataset\raw\occluded\01a0b3c0-0120-71c2-890c-071b7bd57b40_nvr-llWGaUl9M9E771xokkJUiNr5fMyJBigI_1789722100477_img_face2.jpg
006177_face.jpg,train,occluded,123,123,1.0,True,large,single_006177_face.jpg,C:\Thực tập LUMI\model_BaiToan\Deepleaning\data\dataset\raw\occluded\006177_face.jpg
32--Worker_Laborer_32_Worker_Laborer_Worker_Laborer_32_170.jpg_b24957.jpg,train,occluded,134,134,1.0,True,large,wider_32--Worker_Laborer_32_Worker_Laborer_Worker_Laborer_32_170.jpg,C:\Thực tập LUMI\model_BaiToan\Deepleaning\data\dataset\raw\occluded\32--Worker_Laborer_32_Worker_Laborer_Worker_Laborer_32_170.jpg_b24957.jpg
13--Interview_13_Interview_Interview_Sequences_13_347.jpg_b9994.jpg,train,occluded,118,118,1.0,True,large,wider_13--Interview_13_Interview_Interview_Sequences_13_347.jpg,C:\Thực tập LUMI\model_BaiToan\Deepleaning\data\dataset\raw\occluded\13--Interview_13_Interview_Interview_Sequences_13_347.jpg_b9994.jpg
006654_face.jpg,train,occluded,174,174,1.0,True,large,single_006654_face.jpg,C:\Thực tập LUMI\model_BaiToan\Deepleaning\data\dataset\raw\occluded\006654_face.jpg
32--Worker_Laborer_32_Worker_Laborer_Worker_Laborer_32_366.jpg_b99840.jpg,train,occluded,122,122,1.0,True,large,wider_32--Worker_Laborer_32_Worker_Laborer_Worker_Laborer_32_366.jpg,C:\Thực tập LUMI\model_BaiToan\Deepleaning\data\dataset\raw\occluded\32--Worker_Laborer_32_Worker_Laborer_Worker_Laborer_32_366.jpg_b99840.jpg
AnhNTT_20260414_162532_821.jpg,train,occluded,112,112,1.0,True,large,person_session_AnhNTT_20260414_1625,C:\Thực tập LUMI\model_BaiToan\Deepleaning\data\dataset\raw\occluded\AnhNTT_20260414_162532_821.jpg
13--Interview_13_Interview_Interview_2_People_Visible_13_364.jpg_b36245.jpg,train,occluded,149,149,1.0,True,large,wider_13--Interview_13_Interview_Interview_2_People_Visible_13_364.jpg,C:\Thực tập LUMI\model_BaiToan\Deepleaning\data\dataset\raw\occluded\13--Interview_13_Interview_Interview_2_People_Visible_13_364.jpg_b36245.jpg
002811_face.jpg,train,occluded,140,140,1.0,True,large,single_002811_face.jpg,C:\Thực tập LUMI\model_BaiToan\Deepleaning\data\dataset\raw\occluded\002811_face.jpg
49--Greeting_49_Greeting_peoplegreeting_49_66.jpg_b130982.jpg,train,occluded,140,140,1.0,True,large,wider_49--Greeting_49_Greeting_peoplegreeting_49_66.jpg,C:\Thực tập LUMI\model_BaiToan\Deepleaning\data\dataset\raw\occluded\49--Greeting_49_Greeting_peoplegreeting_49_66.jpg_b130982.jpg
26--Soldier_Drilling_26_Soldier_Drilling_Soldiers_Drilling_26_860.jpg_b91698.jpg,train,occluded,234,234,1.0,True,large,wider_26--Soldier_Drilling_26_Soldier_Drilling_Soldiers_Drilling_26_860.jpg,C:\Thực tập LUMI\model_BaiToan\Deepleaning\data\dataset\raw\occluded\26--Soldier_Drilling_26_Soldier_Drilling_Soldiers_Drilling_26_860.jpg_b91698.jpg
002148_face.jpg,train,occluded,168,168,1.0,True,large,single_002148_face.jpg,C:\Thực tập LUMI\model_BaiToan\Deepleaning\data\dataset\raw\occluded\002148_face.jpg
10--People_Marching_10_People_Marching_People_Marching_2_792.jpg_b17744.jpg,train,occluded,196,196,1.0,True,large,wider_10--People_Marching_10_People_Marching_People_Marching_2_792.jpg,C:\Thực tập LUMI\model_BaiToan\Deepleaning\data\dataset\raw\occluded\10--People_Marching_10_People_Marching_People_Marching_2_792.jpg_b17744.jpg
001995_face.jpg,train,occluded,161,161,1.0,True,large,single_001995_face.jpg,C:\Thực tập LUMI\model_BaiToan\Deepleaning\data\dataset\raw\occluded\001995_face.jpg
61--Street_Battle_61_Street_Battle_streetfight_61_533.jpg_b146832.jpg,train,occluded,112,112,1.0,True,large,wider_61--Street_Battle_61_Street_Battle_streetfight_61_533.jpg,C:\Thực tập LUMI\model_BaiToan\Deepleaning\data\dataset\raw\occluded\61--Street_Battle_61_Street_Battle_streetfight_61_533.jpg_b146832.jpg
50--Celebration_Or_Party_50_Celebration_Or_Party_houseparty_50_264.jpg_b134201.jpg,train,occluded,140,140,1.0,True,large,wider_50--Celebration_Or_Party_50_Celebration_Or_Party_houseparty_50_264.jpg,C:\Thực tập LUMI\model_BaiToan\Deepleaning\data\dataset\raw\occluded\50--Celebration_Or_Party_50_Celebration_Or_Party_houseparty_50_264.jpg_b134201.jpg
004559_face.jpg,train,occluded,132,132,1.0,True,large,single_004559_face.jpg,C:\Thực tập LUMI\model_BaiToan\Deepleaning\data\dataset\raw\occluded\004559_face.jpg
001163_face.jpg,train,occluded,162,162,1.0,True,large,single_001163_face.jpg,C:\Thực tập LUMI\model_BaiToan\Deepleaning\data\dataset\raw\occluded\001163_face.jpg
01a0b353-83b0-7481-8705-c206ece50922_nvr-llWGaUl9M9E771xokkJUiNr5fMyJBigI_1789714990312_img_face2.jpg,train,occluded,148,148,1.0,True,large,single_01a0b353-83b0-7481-8705-c206ece50922_nvr-llWGaUl9M9E771xokkJUiNr5fMyJBigI_1789714990312_img_face2.jpg,C:\Thực tập LUMI\model_BaiToan\Deepleaning\data\dataset\raw\occluded\01a0b353-83b0-7481-8705-c206ece50922_nvr-llWGaUl9M9E771xokkJUiNr5fMyJBigI_1789714990312_img_face2.jpg
MinhTV_20260414_153434_999.jpg,train,occluded,112,112,1.0,True,large,person_session_MinhTV_20260414_1534,C:\Thực tập LUMI\model_BaiToan\Deepleaning\data\dataset\raw\occluded\MinhTV_20260414_153434_999.jpg
MinhTV_20260414_153435_269.jpg,train,occluded,112,112,1.0,True,large,person_session_MinhTV_20260414_1534,C:\Thực tập LUMI\model_BaiToan\Deepleaning\data\dataset\raw\occluded\MinhTV_20260414_153435_269.jpg
0--Parade_0_Parade_Parade_0_431.jpg_b10342.jpg,train,occluded,114,114,1.0,True,large,wider_0--Parade_0_Parade_Parade_0_431.jpg,C:\Thực tập LUMI\model_BaiToan\Deepleaning\data\dataset\raw\occluded\0--Parade_0_Parade_Parade_0_431.jpg_b10342.jpg
18--Concerts_18_Concerts_Concerts_18_902.jpg_b43384.jpg,train,occluded,118,118,1.0,True,large,wider_18--Concerts_18_Concerts_Concerts_18_902.jpg,C:\Thực tập LUMI\model_BaiToan\Deepleaning\data\dataset\raw\occluded\18--Concerts_18_Concerts_Concerts_18_902.jpg_b43384.jpg
007344_face.jpg,train,occluded,138,138,1.0,True,large,single_007344_face.jpg,C:\Thực tập LUMI\model_BaiToan\Deepleaning\data\dataset\raw\occluded\007344_face.jpg
003013_face.jpg,train,occluded,128,128,1.0,True,large,single_003013_face.jpg,C:\Thực tập LUMI\model_BaiToan\Deepleaning\data\dataset\raw\occluded\003013_face.jpg
32--Worker_Laborer_32_Worker_Laborer_Worker_Laborer_32_246.jpg_b99462.jpg,train,occluded,148,148,1.0,True,large,wider_32--Worker_Laborer_32_Worker_Laborer_Worker_Laborer_32_246.jpg,C:\Thực tập LUMI\model_BaiToan\Deepleaning\data\dataset\raw\occluded\32--Worker_Laborer_32_Worker_Laborer_Worker_Laborer_32_246.jpg_b99462.jpg
01a0b78f-4ce8-7ea0-a345-c3d88b0b3af5_nvr-llWGaUl9M9E771xokkJUiNr5fMyJBigI_1789786017475_img_face.jpg,train,occluded,95,95,1.0,True,medium,single_01a0b78f-4ce8-7ea0-a345-c3d88b0b3af5_nvr-llWGaUl9M9E771xokkJUiNr5fMyJBigI_1789786017475_img_face.jpg,C:\Thực tập LUMI\model_BaiToan\Deepleaning\data\dataset\raw\occluded\01a0b78f-4ce8-7ea0-a345-c3d88b0b3af5_nvr-llWGaUl9M9E771xokkJUiNr5fMyJBigI_1789786017475_img_face.jpg
38--Tennis_38_Tennis_Tennis_38_69.jpg_b116000.jpg,train,occluded,104,104,1.0,True,medium,wider_38--Tennis_38_Tennis_Tennis_38_69.jpg,C:\Thực tập LUMI\model_BaiToan\Deepleaning\data\dataset\raw\occluded\38--Tennis_38_Tennis_Tennis_38_69.jpg_b116000.jpg
0--Parade_0_Parade_marchingband_1_561.jpg_b3332.jpg,train,occluded,90,90,1.0,True,medium,wider_0--Parade_0_Parade_marchingband_1_561.jpg,C:\Thực tập LUMI\model_BaiToan\Deepleaning\data\dataset\raw\occluded\0--Parade_0_Parade_marchingband_1_561.jpg_b3332.jpg
45--Balloonist_45_Balloonist_Balloonist_45_737.jpg_b124489.jpg,train,occluded,75,75,1.0,True,medium,wider_45--Balloonist_45_Balloonist_Balloonist_45_737.jpg,C:\Thực tập LUMI\model_BaiToan\Deepleaning\data\dataset\raw\occluded\45--Balloonist_45_Balloonist_Balloonist_45_737.jpg_b124489.jpg
01a0b37b-7640-7632-ba5e-6b59c4b70105_nvr-llWGaUl9M9E771xokkJUiNr5fMyJBigI_1789717608062_img_face2.jpg,train,occluded,91,91,1.0,True,medium,single_01a0b37b-7640-7632-ba5e-6b59c4b70105_nvr-llWGaUl9M9E771xokkJUiNr5fMyJBigI_1789717608062_img_face2.jpg,C:\Thực tập LUMI\model_BaiToan\Deepleaning\data\dataset\raw\occluded\01a0b37b-7640-7632-ba5e-6b59c4b70105_nvr-llWGaUl9M9E771xokkJUiNr5fMyJBigI_1789717608062_img_face2.jpg
0--Parade_0_Parade_Parade_0_926.jpg_b11458.jpg,train,occluded,83,83,1.0,True,medium,wider_0--Parade_0_Parade_Parade_0_926.jpg,C:\Thực tập LUMI\model_BaiToan\Deepleaning\data\dataset\raw\occluded\0--Parade_0_Parade_Parade_0_926.jpg_b11458.jpg
43--Row_Boat_43_Row_Boat_Canoe_43_587.jpg_b122857.jpg,train,occluded,76,76,1.0,True,medium,wider_43--Row_Boat_43_Row_Boat_Canoe_43_587.jpg,C:\Thực tập LUMI\model_BaiToan\Deepleaning\data\dataset\raw\occluded\43--Row_Boat_43_Row_Boat_Canoe_43_587.jpg_b122857.jpg
36--Football_36_Football_americanfootball_ball_36_544.jpg_b113136.jpg,train,occluded,88,88,1.0,True,medium,wider_36--Football_36_Football_americanfootball_ball_36_544.jpg,C:\Thực tập LUMI\model_BaiToan\Deepleaning\data\dataset\raw\occluded\36--Football_36_Football_americanfootball_ball_36_544.jpg_b113136.jpg
01a0b414-bc88-7cd0-bc65-b31375565260_nvr-llWGaUl9M9E771xokkJUiNr5fMyJBigI_1789727653040_img_face.jpg,train,occluded,77,77,1.0,True,medium,single_01a0b414-bc88-7cd0-bc65-b31375565260_nvr-llWGaUl9M9E771xokkJUiNr5fMyJBigI_1789727653040_img_face.jpg,C:\Thực tập LUMI\model_BaiToan\Deepleaning\data\dataset\raw\occluded\01a0b414-bc88-7cd0-bc65-b31375565260_nvr-llWGaUl9M9E771xokkJUiNr5fMyJBigI_1789727653040_img_face.jpg
31--Waiter_Waitress_31_Waiter_Waitress_Waiter_Waitress_31_818.jpg_b24776.jpg,train,occluded,86,86,1.0,True,medium,wider_31--Waiter_Waitress_31_Waiter_Waitress_Waiter_Waitress_31_818.jpg,C:\Thực tập LUMI\model_BaiToan\Deepleaning\data\dataset\raw\occluded\31--Waiter_Waitress_31_Waiter_Waitress_Waiter_Waitress_31_818.jpg_b24776.jpg
31--Waiter_Waitress_31_Waiter_Waitress_Waiter_Waitress_31_818.jpg_b24777.jpg,train,occluded,68,68,1.0,True,small,wider_31--Waiter_Waitress_31_Waiter_Waitress_Waiter_Waitress_31_818.jpg,C:\Thực tập LUMI\model_BaiToan\Deepleaning\data\dataset\raw\occluded\31--Waiter_Waitress_31_Waiter_Waitress_Waiter_Waitress_31_818.jpg_b24777.jpg
01a0b446-5f90-70d1-a3a3-551f820d9f15_nvr-llWGaUl9M9E771xokkJUiNr5fMyJBigI_1789730905999_img_face1.jpg,train,occluded,79,79,1.0,True,medium,single_01a0b446-5f90-70d1-a3a3-551f820d9f15_nvr-llWGaUl9M9E771xokkJUiNr5fMyJBigI_1789730905999_img_face1.jpg,C:\Thực tập LUMI\model_BaiToan\Deepleaning\data\dataset\raw\occluded\01a0b446-5f90-70d1-a3a3-551f820d9f15_nvr-llWGaUl9M9E771xokkJUiNr5fMyJBigI_1789730905999_img_face1.jpg
01a0b7af-d120-7303-9256-b6d7676e03f8_nvr-llWGaUl9M9E771xokkJUiNr5fMyJBigI_1789788148650_img_face.jpg,train,occluded,95,95,1.0,True,medium,single_01a0b7af-d120-7303-9256-b6d7676e03f8_nvr-llWGaUl9M9E771xokkJUiNr5fMyJBigI_1789788148650_img_face.jpg,C:\Thực tập LUMI\model_BaiToan\Deepleaning\data\dataset\raw\occluded\01a0b7af-d120-7303-9256-b6d7676e03f8_nvr-llWGaUl9M9E771xokkJUiNr5fMyJBigI_1789788148650_img_face.jpg
50--Celebration_Or_Party_50_Celebration_Or_Party_houseparty_50_402.jpg_b132657.jpg,train,occluded,104,104,1.0,True,medium,wider_50--Celebration_Or_Party_50_Celebration_Or_Party_houseparty_50_402.jpg,C:\Thực tập LUMI\model_BaiToan\Deepleaning\data\dataset\raw\occluded\50--Celebration_Or_Party_50_Celebration_Or_Party_houseparty_50_402.jpg_b132657.jpg
01a0b248-3218-70c0-81a6-83f962744f7a_nvr-llWGaUl9M9E771xokkJUiNr5fMyJBigI_1789697471637_img_face.jpg,train,occluded,98,98,1.0,True,medium,single_01a0b248-3218-70c0-81a6-83f962744f7a_nvr-llWGaUl9M9E771xokkJUiNr5fMyJBigI_1789697471637_img_face.jpg,C:\Thực tập LUMI\model_BaiToan\Deepleaning\data\dataset\raw\occluded\01a0b248-3218-70c0-81a6-83f962744f7a_nvr-llWGaUl9M9E771xokkJUiNr5fMyJBigI_1789697471637_img_face.jpg
37--Soccer_37_Soccer_Soccer_37_254.jpg_b114474.jpg,train,occluded,76,76,1.0,True,medium,wider_37--Soccer_37_Soccer_Soccer_37_254.jpg,C:\Thực tập LUMI\model_BaiToan\Deepleaning\data\dataset\raw\occluded\37--Soccer_37_Soccer_Soccer_37_254.jpg_b114474.jpg
2--Demonstration_2_Demonstration_Political_Rally_2_507.jpg_b76547.jpg,train,occluded,77,77,1.0,True,medium,wider_2--Demonstration_2_Demonstration_Political_Rally_2_507.jpg,C:\Thực tập LUMI\model_BaiToan\Deepleaning\data\dataset\raw\occluded\2--Demonstration_2_Demonstration_Political_Rally_2_507.jpg_b76547.jpg
2--Demonstration_2_Demonstration_Protesters_2_26.jpg_b54545.jpg,train,occluded,83,83,1.0,True,medium,wider_2--Demonstration_2_Demonstration_Protesters_2_26.jpg,C:\Thực tập LUMI\model_BaiToan\Deepleaning\data\dataset\raw\occluded\2--Demonstration_2_Demonstration_Protesters_2_26.jpg_b54545.jpg
47--Matador_Bullfighter_47_Matador_Bullfighter_matadorbullfighting_47_6.jpg_b128501.jpg,train,occluded,83,83,1.0,True,medium,wider_47--Matador_Bullfighter_47_Matador_Bullfighter_matadorbullfighting_47_6.jpg,C:\Thực tập LUMI\model_BaiToan\Deepleaning\data\dataset\raw\occluded\47--Matador_Bullfighter_47_Matador_Bullfighter_matadorbullfighting_47_6.jpg_b128501.jpg
37--Soccer_37_Soccer_soccer_ball_37_512.jpg_b29868.jpg,train,occluded,102,102,1.0,True,medium,wider_37--Soccer_37_Soccer_soccer_ball_37_512.jpg,C:\Thực tập LUMI\model_BaiToan\Deepleaning\data\dataset\raw\occluded\37--Soccer_37_Soccer_soccer_ball_37_512.jpg_b29868.jpg
3--Riot_3_Riot_Riot_3_257.jpg_b97745.jpg,train,occluded,92,92,1.0,True,medium,wider_3--Riot_3_Riot_Riot_3_257.jpg,C:\Thực tập LUMI\model_BaiToan\Deepleaning\data\dataset\raw\occluded\3--Riot_3_Riot_Riot_3_257.jpg_b97745.jpg
28--Sports_Fan_28_Sports_Fan_Sports_Fan_28_685.jpg_b94177.jpg,train,occluded,90,90,1.0,True,medium,wider_28--Sports_Fan_28_Sports_Fan_Sports_Fan_28_685.jpg,C:\Thực tập LUMI\model_BaiToan\Deepleaning\data\dataset\raw\occluded\28--Sports_Fan_28_Sports_Fan_Sports_Fan_28_685.jpg_b94177.jpg
12--Group_12_Group_Team_Organized_Group_12_Group_Team_Organized_Group_12_862.jpg_b24899.jpg,train,occluded,90,90,1.0,True,medium,wider_12--Group_12_Group_Team_Organized_Group_12_Group_Team_Organized_Group_12_862.jpg,C:\Thực tập LUMI\model_BaiToan\Deepleaning\data\dataset\raw\occluded\12--Group_12_Group_Team_Organized_Group_12_Group_Team_Organized_Group_12_862.jpg_b24899.jpg
28--Sports_Fan_28_Sports_Fan_Sports_Fan_28_118.jpg_b23307.jpg,train,occluded,83,83,1.0,True,medium,wider_28--Sports_Fan_28_Sports_Fan_Sports_Fan_28_118.jpg,C:\Thực tập LUMI\model_BaiToan\Deepleaning\data\dataset\raw\occluded\28--Sports_Fan_28_Sports_Fan_Sports_Fan_28_118.jpg_b23307.jpg
01a0b346-9330-72a1-9be1-a7ae2c54ee24_nvr-llWGaUl9M9E771xokkJUiNr5fMyJBigI_1789714142491_img_face15.jpg,train,occluded,88,88,1.0,True,medium,single_01a0b346-9330-72a1-9be1-a7ae2c54ee24_nvr-llWGaUl9M9E771xokkJUiNr5fMyJBigI_1789714142491_img_face15.jpg,C:\Thực tập LUMI\model_BaiToan\Deepleaning\data\dataset\raw\occluded\01a0b346-9330-72a1-9be1-a7ae2c54ee24_nvr-llWGaUl9M9E771xokkJUiNr5fMyJBigI_1789714142491_img_face15.jpg
43--Row_Boat_43_Row_Boat_Canoe_43_273.jpg_b123214.jpg,train,occluded,92,92,1.0,True,medium,wider_43--Row_Boat_43_Row_Boat_Canoe_43_273.jpg,C:\Thực tập LUMI\model_BaiToan\Deepleaning\data\dataset\raw\occluded\43--Row_Boat_43_Row_Boat_Canoe_43_273.jpg_b123214.jpg
25--Soldier_Patrol_25_Soldier_Patrol_Soldier_Patrol_25_974.jpg_b90934.jpg,train,occluded,87,87,1.0,True,medium,wider_25--Soldier_Patrol_25_Soldier_Patrol_Soldier_Patrol_25_974.jpg,C:\Thực tập LUMI\model_BaiToan\Deepleaning\data\dataset\raw\occluded\25--Soldier_Patrol_25_Soldier_Patrol_Soldier_Patrol_25_974.jpg_b90934.jpg
39--Ice_Skating_39_Ice_Skating_Ice_Skating_39_176.jpg_b30185.jpg,train,occluded,108,108,1.0,True,medium,wider_39--Ice_Skating_39_Ice_Skating_Ice_Skating_39_176.jpg,C:\Thực tập LUMI\model_BaiToan\Deepleaning\data\dataset\raw\occluded\39--Ice_Skating_39_Ice_Skating_Ice_Skating_39_176.jpg_b30185.jpg
39--Ice_Skating_39_Ice_Skating_Ice_Skating_39_176.jpg_b30186.jpg,train,occluded,120,120,1.0,True,large,wider_39--Ice_Skating_39_Ice_Skating_Ice_Skating_39_176.jpg,C:\Thực tập LUMI\model_BaiToan\Deepleaning\data\dataset\raw\occluded\39--Ice_Skating_39_Ice_Skating_Ice_Skating_39_176.jpg_b30186.jpg
01a0b406-a328-79f1-a2e5-9129b8333759_nvr-llWGaUl9M9E771xokkJUiNr5fMyJBigI_1789726728974_img_face1.jpg,train,occluded,89,89,1.0,True,medium,single_01a0b406-a328-79f1-a2e5-9129b8333759_nvr-llWGaUl9M9E771xokkJUiNr5fMyJBigI_1789726728974_img_face1.jpg,C:\Thực tập LUMI\model_BaiToan\Deepleaning\data\dataset\raw\occluded\01a0b406-a328-79f1-a2e5-9129b8333759_nvr-llWGaUl9M9E771xokkJUiNr5fMyJBigI_1789726728974_img_face1.jpg
01a0b226-4e50-7673-bc39-c9ec240fd3bc_nvr-llWGaUl9M9E771xokkJUiNr5fMyJBigI_1789695250086_img_face.jpg,train,occluded,85,85,1.0,True,medium,single_01a0b226-4e50-7673-bc39-c9ec240fd3bc_nvr-llWGaUl9M9E771xokkJUiNr5fMyJBigI_1789695250086_img_face.jpg,C:\Thực tập LUMI\model_BaiToan\Deepleaning\data\dataset\raw\occluded\01a0b226-4e50-7673-bc39-c9ec240fd3bc_nvr-llWGaUl9M9E771xokkJUiNr5fMyJBigI_1789695250086_img_face.jpg
29--Students_Schoolkids_29_Students_Schoolkids_Students_Schoolkids_29_293.jpg_b95920.jpg,train,occluded,78,78,1.0,True,medium,wider_29--Students_Schoolkids_29_Students_Schoolkids_Students_Schoolkids_29_293.jpg,C:\Thực tập LUMI\model_BaiToan\Deepleaning\data\dataset\raw\occluded\29--Students_Schoolkids_29_Students_Schoolkids_Students_Schoolkids_29_293.jpg_b95920.jpg
0--Parade_0_Parade_Parade_0_534.jpg_b13281.jpg,train,occluded,99,99,1.0,True,medium,wider_0--Parade_0_Parade_Parade_0_534.jpg,C:\Thực tập LUMI\model_BaiToan\Deepleaning\data\dataset\raw\occluded\0--Parade_0_Parade_Parade_0_534.jpg_b13281.jpg
01a0b352-a120-7b90-872b-2b499a2c2064_nvr-llWGaUl9M9E771xokkJUiNr5fMyJBigI_1789714932155_img_face2.jpg,train,occluded,101,101,1.0,True,medium,single_01a0b352-a120-7b90-872b-2b499a2c2064_nvr-llWGaUl9M9E771xokkJUiNr5fMyJBigI_1789714932155_img_face2.jpg,C:\Thực tập LUMI\model_BaiToan\Deepleaning\data\dataset\raw\occluded\01a0b352-a120-7b90-872b-2b499a2c2064_nvr-llWGaUl9M9E771xokkJUiNr5fMyJBigI_1789714932155_img_face2.jpg
37--Soccer_37_Soccer_soccer_ball_37_84.jpg_b113569.jpg,train,occluded,77,77,1.0,True,medium,wider_37--Soccer_37_Soccer_soccer_ball_37_84.jpg,C:\Thực tập LUMI\model_BaiToan\Deepleaning\data\dataset\raw\occluded\37--Soccer_37_Soccer_soccer_ball_37_84.jpg_b113569.jpg
2--Demonstration_2_Demonstration_Demonstration_Or_Protest_2_114.jpg_b19447.jpg,train,occluded,94,94,1.0,True,medium,wider_2--Demonstration_2_Demonstration_Demonstration_Or_Protest_2_114.jpg,C:\Thực tập LUMI\model_BaiToan\Deepleaning\data\dataset\raw\occluded\2--Demonstration_2_Demonstration_Demonstration_Or_Protest_2_114.jpg_b19447.jpg
2--Demonstration_2_Demonstration_Demonstration_Or_Protest_2_114.jpg_b19450.jpg,train,occluded,126,126,1.0,True,large,wider_2--Demonstration_2_Demonstration_Demonstration_Or_Protest_2_114.jpg,C:\Thực tập LUMI\model_BaiToan\Deepleaning\data\dataset\raw\occluded\2--Demonstration_2_Demonstration_Demonstration_Or_Protest_2_114.jpg_b19450.jpg
0--Parade_0_Parade_Parade_0_465.jpg_b3440.jpg,train,occluded,84,84,1.0,True,medium,wider_0--Parade_0_Parade_Parade_0_465.jpg,C:\Thực tập LUMI\model_BaiToan\Deepleaning\data\dataset\raw\occluded\0--Parade_0_Parade_Parade_0_465.jpg_b3440.jpg
0--Parade_0_Parade_Parade_0_465.jpg_b3441.jpg,train,occluded,83,83,1.0,True,medium,wider_0--Parade_0_Parade_Parade_0_465.jpg,C:\Thực tập LUMI\model_BaiToan\Deepleaning\data\dataset\raw\occluded\0--Parade_0_Parade_Parade_0_465.jpg_b3441.jpg
0--Parade_0_Parade_Parade_0_465.jpg_b3442.jpg,train,occluded,77,77,1.0,True,medium,wider_0--Parade_0_Parade_Parade_0_465.jpg,C:\Thực tập LUMI\model_BaiToan\Deepleaning\data\dataset\raw\occluded\0--Parade_0_Parade_Parade_0_465.jpg_b3442.jpg
01a0b407-1c40-79f3-a715-1335c6599b33_nvr-llWGaUl9M9E771xokkJUiNr5fMyJBigI_1789726760719_img_face2.jpg,train,occluded,87,87,1.0,True,medium,single_01a0b407-1c40-79f3-a715-1335c6599b33_nvr-llWGaUl9M9E771xokkJUiNr5fMyJBigI_1789726760719_img_face2.jpg,C:\Thực tập LUMI\model_BaiToan\Deepleaning\data\dataset\raw\occluded\01a0b407-1c40-79f3-a715-1335c6599b33_nvr-llWGaUl9M9E771xokkJUiNr5fMyJBigI_1789726760719_img_face2.jpg
4--Dancing_4_Dancing_Dancing_4_378.jpg_b30801.jpg,train,occluded,102,102,1.0,True,medium,wider_4--Dancing_4_Dancing_Dancing_4_378.jpg,C:\Thực tập LUMI\model_BaiToan\Deepleaning\data\dataset\raw\occluded\4--Dancing_4_Dancing_Dancing_4_378.jpg_b30801.jpg
11--Meeting_11_Meeting_Meeting_11_Meeting_Meeting_11_219.jpg_b23653.jpg,train,occluded,94,94,1.0,True,medium,wider_11--Meeting_11_Meeting_Meeting_11_Meeting_Meeting_11_219.jpg,C:\Thực tập LUMI\model_BaiToan\Deepleaning\data\dataset\raw\occluded\11--Meeting_11_Meeting_Meeting_11_Meeting_Meeting_11_219.jpg_b23653.jpg
11--Meeting_11_Meeting_Meeting_11_Meeting_Meeting_11_219.jpg_b23654.jpg,train,occluded,90,90,1.0,True,medium,wider_11--Meeting_11_Meeting_Meeting_11_Meeting_Meeting_11_219.jpg,C:\Thực tập LUMI\model_BaiToan\Deepleaning\data\dataset\raw\occluded\11--Meeting_11_Meeting_Meeting_11_Meeting_Meeting_11_219.jpg_b23654.jpg
01a0b7b9-71f8-7721-b02b-e710536f3097_nvr-llWGaUl9M9E771xokkJUiNr5fMyJBigI_1789788779163_img_face.jpg,train,occluded,95,95,1.0,True,medium,single_01a0b7b9-71f8-7721-b02b-e710536f3097_nvr-llWGaUl9M9E771xokkJUiNr5fMyJBigI_1789788779163_img_face.jpg,C:\Thực tập LUMI\model_BaiToan\Deepleaning\data\dataset\raw\occluded\01a0b7b9-71f8-7721-b02b-e710536f3097_nvr-llWGaUl9M9E771xokkJUiNr5fMyJBigI_1789788779163_img_face.jpg
01a0b36f-ba58-7792-aaf1-ca7365f43750_nvr-llWGaUl9M9E771xokkJUiNr5fMyJBigI_1789716839754_img_face.jpg,train,occluded,89,89,1.0,True,medium,single_01a0b36f-ba58-7792-aaf1-ca7365f43750_nvr-llWGaUl9M9E771xokkJUiNr5fMyJBigI_1789716839754_img_face.jpg,C:\Thực tập LUMI\model_BaiToan\Deepleaning\data\dataset\raw\occluded\01a0b36f-ba58-7792-aaf1-ca7365f43750_nvr-llWGaUl9M9E771xokkJUiNr5fMyJBigI_1789716839754_img_face.jpg
38--Tennis_38_Tennis_Tennis_38_418.jpg_b115982.jpg,train,occluded,96,96,1.0,True,medium,wider_38--Tennis_38_Tennis_Tennis_38_418.jpg,C:\Thực tập LUMI\model_BaiToan\Deepleaning\data\dataset\raw\occluded\38--Tennis_38_Tennis_Tennis_38_418.jpg_b115982.jpg
01a0b348-e8d8-70c0-8948-73da6c43946f_nvr-llWGaUl9M9E771xokkJUiNr5fMyJBigI_1789714295796_img_face24.jpg,train,occluded,96,96,1.0,True,medium,single_01a0b348-e8d8-70c0-8948-73da6c43946f_nvr-llWGaUl9M9E771xokkJUiNr5fMyJBigI_1789714295796_img_face24.jpg,C:\Thực tập LUMI\model_BaiToan\Deepleaning\data\dataset\raw\occluded\01a0b348-e8d8-70c0-8948-73da6c43946f_nvr-llWGaUl9M9E771xokkJUiNr5fMyJBigI_1789714295796_img_face24.jpg
01a0b368-05b0-7e12-ac82-520c5430a777_nvr-llWGaUl9M9E771xokkJUiNr5fMyJBigI_1789716334552_img_face.jpg,train,occluded,76,76,1.0,True,medium,single_01a0b368-05b0-7e12-ac82-520c5430a777_nvr-llWGaUl9M9E771xokkJUiNr5fMyJBigI_1789716334552_img_face.jpg,C:\Thực tập LUMI\model_BaiToan\Deepleaning\data\dataset\raw\occluded\01a0b368-05b0-7e12-ac82-520c5430a777_nvr-llWGaUl9M9E771xokkJUiNr5fMyJBigI_1789716334552_img_face.jpg
8--Election_Campain_8_Election_Campain_Election_Campaign_8_284.jpg_b154460.jpg,train,occluded,83,83,1.0,True,medium,wider_8--Election_Campain_8_Election_Campain_Election_Campaign_8_284.jpg,C:\Thực tập LUMI\model_BaiToan\Deepleaning\data\dataset\raw\occluded\8--Election_Campain_8_Election_Campain_Election_Campaign_8_284.jpg_b154460.jpg
26--Soldier_Drilling_26_Soldier_Drilling_Soldiers_Drilling_26_453.jpg_b91620.jpg,train,occluded,102,102,1.0,True,medium,wider_26--Soldier_Drilling_26_Soldier_Drilling_Soldiers_Drilling_26_453.jpg,C:\Thực tập LUMI\model_BaiToan\Deepleaning\data\dataset\raw\occluded\26--Soldier_Drilling_26_Soldier_Drilling_Soldiers_Drilling_26_453.jpg_b91620.jpg
01a0b407-a8e0-7ad1-bdd9-9d3242c532a8_nvr-llWGaUl9M9E771xokkJUiNr5fMyJBigI_1789726796614_img_face.jpg,train,occluded,107,107,1.0,True,medium,single_01a0b407-a8e0-7ad1-bdd9-9d3242c532a8_nvr-llWGaUl9M9E771xokkJUiNr5fMyJBigI_1789726796614_img_face.jpg,C:\Thực tập LUMI\model_BaiToan\Deepleaning\data\dataset\raw\occluded\01a0b407-a8e0-7ad1-bdd9-9d3242c532a8_nvr-llWGaUl9M9E771xokkJUiNr5fMyJBigI_1789726796614_img_face.jpg
01a0b405-7660-74f2-baf6-4adceb97c27e_nvr-llWGaUl9M9E771xokkJUiNr5fMyJBigI_1789726651980_img_face2.jpg,train,occluded,87,87,1.0,True,medium,single_01a0b405-7660-74f2-baf6-4adceb97c27e_nvr-llWGaUl9M9E771xokkJUiNr5fMyJBigI_1789726651980_img_face2.jpg,C:\Thực tập LUMI\model_BaiToan\Deepleaning\data\dataset\raw\occluded\01a0b405-7660-74f2-baf6-4adceb97c27e_nvr-llWGaUl9M9E771xokkJUiNr5fMyJBigI_1789726651980_img_face2.jpg
01a0b405-7a48-7892-9213-9d9525e138e4_nvr-llWGaUl9M9E771xokkJUiNr5fMyJBigI_1789726653388_img_face2.jpg,train,occluded,98,98,1.0,True,medium,single_01a0b405-7a48-7892-9213-9d9525e138e4_nvr-llWGaUl9M9E771xokkJUiNr5fMyJBigI_1789726653388_img_face2.jpg,C:\Thực tập LUMI\model_BaiToan\Deepleaning\data\dataset\raw\occluded\01a0b405-7a48-7892-9213-9d9525e138e4_nvr-llWGaUl9M9E771xokkJUiNr5fMyJBigI_1789726653388_img_face2.jpg
4--Dancing_4_Dancing_Dancing_4_258.jpg_b119469.jpg,train,occluded,84,84,1.0,True,medium,wider_4--Dancing_4_Dancing_Dancing_4_258.jpg,C:\Thực tập LUMI\model_BaiToan\Deepleaning\data\dataset\raw\occluded\4--Dancing_4_Dancing_Dancing_4_258.jpg_b119469.jpg
35--Basketball_35_Basketball_basketballgame_ball_35_254.jpg_b27930.jpg,train,occluded,92,92,1.0,True,medium,wider_35--Basketball_35_Basketball_basketballgame_ball_35_254.jpg,C:\Thực tập LUMI\model_BaiToan\Deepleaning\data\dataset\raw\occluded\35--Basketball_35_Basketball_basketballgame_ball_35_254.jpg_b27930.jpg
34--Baseball_34_Baseball_Baseball_34_620.jpg_b101036.jpg,train,occluded,95,95,1.0,True,medium,wider_34--Baseball_34_Baseball_Baseball_34_620.jpg,C:\Thực tập LUMI\model_BaiToan\Deepleaning\data\dataset\raw\occluded\34--Baseball_34_Baseball_Baseball_34_620.jpg_b101036.jpg
01a0b345-1078-7a52-b9f7-d6ac6e3c21e5_nvr-llWGaUl9M9E771xokkJUiNr5fMyJBigI_1789714043912_img_face7.jpg,train,occluded,100,100,1.0,True,medium,single_01a0b345-1078-7a52-b9f7-d6ac6e3c21e5_nvr-llWGaUl9M9E771xokkJUiNr5fMyJBigI_1789714043912_img_face7.jpg,C:\Thực tập LUMI\model_BaiToan\Deepleaning\data\dataset\raw\occluded\01a0b345-1078-7a52-b9f7-d6ac6e3c21e5_nvr-llWGaUl9M9E771xokkJUiNr5fMyJBigI_1789714043912_img_face7.jpg
31--Waiter_Waitress_31_Waiter_Waitress_Waiter_Waitress_31_182.jpg_b98924.jpg,train,occluded,75,75,1.0,True,medium,wider_31--Waiter_Waitress_31_Waiter_Waitress_Waiter_Waitress_31_182.jpg,C:\Thực tập LUMI\model_BaiToan\Deepleaning\data\dataset\raw\occluded\31--Waiter_Waitress_31_Waiter_Waitress_Waiter_Waitress_31_182.jpg_b98924.jpg
31--Waiter_Waitress_31_Waiter_Waitress_Waiter_Waitress_31_182.jpg_b98926.jpg,train,occluded,75,75,1.0,True,medium,wider_31--Waiter_Waitress_31_Waiter_Waitress_Waiter_Waitress_31_182.jpg,C:\Thực tập LUMI\model_BaiToan\Deepleaning\data\dataset\raw\occluded\31--Waiter_Waitress_31_Waiter_Waitress_Waiter_Waitress_31_182.jpg_b98926.jpg
47--Matador_Bullfighter_47_Matador_Bullfighter_Matador_Bullfighter_47_195.jpg_b32130.jpg,train,occluded,83,83,1.0,True,medium,wider_47--Matador_Bullfighter_47_Matador_Bullfighter_Matador_Bullfighter_47_195.jpg,C:\Thực tập LUMI\model_BaiToan\Deepleaning\data\dataset\raw\occluded\47--Matador_Bullfighter_47_Matador_Bullfighter_Matador_Bullfighter_47_195.jpg_b32130.jpg
22--Picnic_22_Picnic_Picnic_22_164.jpg_b89462.jpg,train,occluded,86,86,1.0,True,medium,wider_22--Picnic_22_Picnic_Picnic_22_164.jpg,C:\Thực tập LUMI\model_BaiToan\Deepleaning\data\dataset\raw\occluded\22--Picnic_22_Picnic_Picnic_22_164.jpg_b89462.jpg
01a0b3c1-f138-7e21-b3b5-c57ef8e17473_nvr-llWGaUl9M9E771xokkJUiNr5fMyJBigI_1789722227276_img_face.jpg,train,occluded,78,78,1.0,True,medium,single_01a0b3c1-f138-7e21-b3b5-c57ef8e17473_nvr-llWGaUl9M9E771xokkJUiNr5fMyJBigI_1789722227276_img_face.jpg,C:\Thực tập LUMI\model_BaiToan\Deepleaning\data\dataset\raw\occluded\01a0b3c1-f138-7e21-b3b5-c57ef8e17473_nvr-llWGaUl9M9E771xokkJUiNr5fMyJBigI_1789722227276_img_face.jpg
12--Group_12_Group_Team_Organized_Group_12_Group_Team_Organized_Group_12_148.jpg_b35136.jpg,train,occluded,83,83,1.0,True,medium,wider_12--Group_12_Group_Team_Organized_Group_12_Group_Team_Organized_Group_12_148.jpg,C:\Thực tập LUMI\model_BaiToan\Deepleaning\data\dataset\raw\occluded\12--Group_12_Group_Team_Organized_Group_12_Group_Team_Organized_Group_12_148.jpg_b35136.jpg
12--Group_12_Group_Team_Organized_Group_12_Group_Team_Organized_Group_12_148.jpg_b35139.jpg,train,occluded,69,69,1.0,True,small,wider_12--Group_12_Group_Team_Organized_Group_12_Group_Team_Organized_Group_12_148.jpg,C:\Thực tập LUMI\model_BaiToan\Deepleaning\data\dataset\raw\occluded\12--Group_12_Group_Team_Organized_Group_12_Group_Team_Organized_Group_12_148.jpg_b35139.jpg
12--Group_12_Group_Team_Organized_Group_12_Group_Team_Organized_Group_12_148.jpg_b35141.jpg,train,occluded,76,76,1.0,True,medium,wider_12--Group_12_Group_Team_Organized_Group_12_Group_Team_Organized_Group_12_148.jpg,C:\Thực tập LUMI\model_BaiToan\Deepleaning\data\dataset\raw\occluded\12--Group_12_Group_Team_Organized_Group_12_Group_Team_Organized_Group_12_148.jpg_b35141.jpg
01a0b480-0948-7023-8a16-f93b7597d812_nvr-llWGaUl9M9E771xokkJUiNr5fMyJBigI_1789734685365_img_face.jpg,train,occluded,76,76,1.0,True,medium,single_01a0b480-0948-7023-8a16-f93b7597d812_nvr-llWGaUl9M9E771xokkJUiNr5fMyJBigI_1789734685365_img_face.jpg,C:\Thực tập LUMI\model_BaiToan\Deepleaning\data\dataset\raw\occluded\01a0b480-0948-7023-8a16-f93b7597d812_nvr-llWGaUl9M9E771xokkJUiNr5fMyJBigI_1789734685365_img_face.jpg
23--Shoppers_23_Shoppers_Shoppers_23_239.jpg_b89693.jpg,train,occluded,78,78,1.0,True,medium,wider_23--Shoppers_23_Shoppers_Shoppers_23_239.jpg,C:\Thực tập LUMI\model_BaiToan\Deepleaning\data\dataset\raw\occluded\23--Shoppers_23_Shoppers_Shoppers_23_239.jpg_b89693.jpg
01a0b913-1e28-7353-b994-5053de16cc8d_nvr-llWGaUl9M9E771xokkJUiNr5fMyJBigI_1789811433639_img_face.jpg,train,occluded,92,92,1.0,True,medium,single_01a0b913-1e28-7353-b994-5053de16cc8d_nvr-llWGaUl9M9E771xokkJUiNr5fMyJBigI_1789811433639_img_face.jpg,C:\Thực tập LUMI\model_BaiToan\Deepleaning\data\dataset\raw\occluded\01a0b913-1e28-7353-b994-5053de16cc8d_nvr-llWGaUl9M9E771xokkJUiNr5fMyJBigI_1789811433639_img_face.jpg
12--Group_12_Group_Large_Group_12_Group_Large_Group_12_664.jpg_b30050.jpg,train,occluded,81,81,1.0,True,medium,wider_12--Group_12_Group_Large_Group_12_Group_Large_Group_12_664.jpg,C:\Thực tập LUMI\model_BaiToan\Deepleaning\data\dataset\raw\occluded\12--Group_12_Group_Large_Group_12_Group_Large_Group_12_664.jpg_b30050.jpg
31--Waiter_Waitress_31_Waiter_Waitress_Waiter_Waitress_31_266.jpg_b99345.jpg,train,occluded,86,86,1.0,True,medium,wider_31--Waiter_Waitress_31_Waiter_Waitress_Waiter_Waitress_31_266.jpg,C:\Thực tập LUMI\model_BaiToan\Deepleaning\data\dataset\raw\occluded\31--Waiter_Waitress_31_Waiter_Waitress_Waiter_Waitress_31_266.jpg_b99345.jpg
01a0b229-82a0-76b2-9c14-eff021f89a14_nvr-llWGaUl9M9E771xokkJUiNr5fMyJBigI_1789695460864_img_face1.jpg,train,occluded,78,78,1.0,True,medium,single_01a0b229-82a0-76b2-9c14-eff021f89a14_nvr-llWGaUl9M9E771xokkJUiNr5fMyJBigI_1789695460864_img_face1.jpg,C:\Thực tập LUMI\model_BaiToan\Deepleaning\data\dataset\raw\occluded\01a0b229-82a0-76b2-9c14-eff021f89a14_nvr-llWGaUl9M9E771xokkJUiNr5fMyJBigI_1789695460864_img_face1.jpg
01a0b3bc-20f0-7bd2-9907-5763fa320fbc_nvr-llWGaUl9M9E771xokkJUiNr5fMyJBigI_1789721846504_img_face2.jpg,train,occluded,77,77,1.0,True,medium,single_01a0b3bc-20f0-7bd2-9907-5763fa320fbc_nvr-llWGaUl9M9E771xokkJUiNr5fMyJBigI_1789721846504_img_face2.jpg,C:\Thực tập LUMI\model_BaiToan\Deepleaning\data\dataset\raw\occluded\01a0b3bc-20f0-7bd2-9907-5763fa320fbc_nvr-llWGaUl9M9E771xokkJUiNr5fMyJBigI_1789721846504_img_face2.jpg
0--Parade_0_Parade_Parade_0_528.jpg_b4794.jpg,train,occluded,95,95,1.0,True,medium,wider_0--Parade_0_Parade_Parade_0_528.jpg,C:\Thực tập LUMI\model_BaiToan\Deepleaning\data\dataset\raw\occluded\0--Parade_0_Parade_Parade_0_528.jpg_b4794.jpg
11--Meeting_11_Meeting_Meeting_11_Meeting_Meeting_11_471.jpg_b22848.jpg,train,occluded,106,106,1.0,True,medium,wider_11--Meeting_11_Meeting_Meeting_11_Meeting_Meeting_11_471.jpg,C:\Thực tập LUMI\model_BaiToan\Deepleaning\data\dataset\raw\occluded\11--Meeting_11_Meeting_Meeting_11_Meeting_Meeting_11_471.jpg_b22848.jpg
11--Meeting_11_Meeting_Meeting_11_Meeting_Meeting_11_471.jpg_b22849.jpg,train,occluded,104,104,1.0,True,medium,wider_11--Meeting_11_Meeting_Meeting_11_Meeting_Meeting_11_471.jpg,C:\Thực tập LUMI\model_BaiToan\Deepleaning\data\dataset\raw\occluded\11--Meeting_11_Meeting_Meeting_11_Meeting_Meeting_11_471.jpg_b22849.jpg
19--Couple_19_Couple_Couple_19_94.jpg_b45507.jpg,train,occluded,103,103,1.0,True,medium,wider_19--Couple_19_Couple_Couple_19_94.jpg,C:\Thực tập LUMI\model_BaiToan\Deepleaning\data\dataset\raw\occluded\19--Couple_19_Couple_Couple_19_94.jpg_b45507.jpg
11--Meeting_11_Meeting_Meeting_11_Meeting_Meeting_11_441.jpg_b6257.jpg,train,occluded,103,103,1.0,True,medium,wider_11--Meeting_11_Meeting_Meeting_11_Meeting_Meeting_11_441.jpg,C:\Thực tập LUMI\model_BaiToan\Deepleaning\data\dataset\raw\occluded\11--Meeting_11_Meeting_Meeting_11_Meeting_Meeting_11_441.jpg_b6257.jpg
47--Matador_Bullfighter_47_Matador_Bullfighter_matadorbullfighting_47_102.jpg_b128673.jpg,train,occluded,84,84,1.0,True,medium,wider_47--Matador_Bullfighter_47_Matador_Bullfighter_matadorbullfighting_47_102.jpg,C:\Thực tập LUMI\model_BaiToan\Deepleaning\data\dataset\raw\occluded\47--Matador_Bullfighter_47_Matador_Bullfighter_matadorbullfighting_47_102.jpg_b128673.jpg
01a0b368-24f0-70e1-b119-783db847e180_nvr-llWGaUl9M9E771xokkJUiNr5fMyJBigI_1789716342856_img_face1.jpg,train,occluded,85,85,1.0,True,medium,single_01a0b368-24f0-70e1-b119-783db847e180_nvr-llWGaUl9M9E771xokkJUiNr5fMyJBigI_1789716342856_img_face1.jpg,C:\Thực tập LUMI\model_BaiToan\Deepleaning\data\dataset\raw\occluded\01a0b368-24f0-70e1-b119-783db847e180_nvr-llWGaUl9M9E771xokkJUiNr5fMyJBigI_1789716342856_img_face1.jpg
13--Interview_13_Interview_Interview_Sequences_13_335.jpg_b36717.jpg,train,occluded,111,111,1.0,True,medium,wider_13--Interview_13_Interview_Interview_Sequences_13_335.jpg,C:\Thực tập LUMI\model_BaiToan\Deepleaning\data\dataset\raw\occluded\13--Interview_13_Interview_Interview_Sequences_13_335.jpg_b36717.jpg
13--Interview_13_Interview_Interview_Sequences_13_335.jpg_b36718.jpg,train,occluded,66,66,1.0,True,small,wider_13--Interview_13_Interview_Interview_Sequences_13_335.jpg,C:\Thực tập LUMI\model_BaiToan\Deepleaning\data\dataset\raw\occluded\13--Interview_13_Interview_Interview_Sequences_13_335.jpg_b36718.jpg
35--Basketball_35_Basketball_basketballgame_ball_35_213.jpg_b102878.jpg,train,occluded,95,95,1.0,True,medium,wider_35--Basketball_35_Basketball_basketballgame_ball_35_213.jpg,C:\Thực tập LUMI\model_BaiToan\Deepleaning\data\dataset\raw\occluded\35--Basketball_35_Basketball_basketballgame_ball_35_213.jpg_b102878.jpg
37--Soccer_37_Soccer_soccer_ball_37_832.jpg_b29866.jpg,train,occluded,85,85,1.0,True,medium,wider_37--Soccer_37_Soccer_soccer_ball_37_832.jpg,C:\Thực tập LUMI\model_BaiToan\Deepleaning\data\dataset\raw\occluded\37--Soccer_37_Soccer_soccer_ball_37_832.jpg_b29866.jpg
01a0b7b9-0498-74c2-82da-4977c7711e52_nvr-llWGaUl9M9E771xokkJUiNr5fMyJBigI_1789788751147_img_face.jpg,train,occluded,84,84,1.0,True,medium,single_01a0b7b9-0498-74c2-82da-4977c7711e52_nvr-llWGaUl9M9E771xokkJUiNr5fMyJBigI_1789788751147_img_face.jpg,C:\Thực tập LUMI\model_BaiToan\Deepleaning\data\dataset\raw\occluded\01a0b7b9-0498-74c2-82da-4977c7711e52_nvr-llWGaUl9M9E771xokkJUiNr5fMyJBigI_1789788751147_img_face.jpg
32--Worker_Laborer_32_Worker_Laborer_Worker_Laborer_32_1010.jpg_b99671.jpg,train,occluded,108,108,1.0,True,medium,wider_32--Worker_Laborer_32_Worker_Laborer_Worker_Laborer_32_1010.jpg,C:\Thực tập LUMI\model_BaiToan\Deepleaning\data\dataset\raw\occluded\32--Worker_Laborer_32_Worker_Laborer_Worker_Laborer_32_1010.jpg_b99671.jpg
50--Celebration_Or_Party_50_Celebration_Or_Party_houseparty_50_30.jpg_b133228.jpg,train,occluded,75,75,1.0,True,medium,wider_50--Celebration_Or_Party_50_Celebration_Or_Party_houseparty_50_30.jpg,C:\Thực tập LUMI\model_BaiToan\Deepleaning\data\dataset\raw\occluded\50--Celebration_Or_Party_50_Celebration_Or_Party_houseparty_50_30.jpg_b133228.jpg
57--Angler_57_Angler_peoplefishing_57_839.jpg_b141093.jpg,train,occluded,79,79,1.0,True,medium,wider_57--Angler_57_Angler_peoplefishing_57_839.jpg,C:\Thực tập LUMI\model_BaiToan\Deepleaning\data\dataset\raw\occluded\57--Angler_57_Angler_peoplefishing_57_839.jpg_b141093.jpg
face_0040_crop.jpg,train,occluded,88,88,1.0,True,medium,face_id_face_0040,C:\Thực tập LUMI\model_BaiToan\Deepleaning\data\dataset\raw\occluded\face_0040_crop.jpg
01a0b7af-5038-7351-8c86-2a2a926db30e_nvr-llWGaUl9M9E771xokkJUiNr5fMyJBigI_1789788115328_img_face.jpg,train,occluded,86,86,1.0,True,medium,single_01a0b7af-5038-7351-8c86-2a2a926db30e_nvr-llWGaUl9M9E771xokkJUiNr5fMyJBigI_1789788115328_img_face.jpg,C:\Thực tập LUMI\model_BaiToan\Deepleaning\data\dataset\raw\occluded\01a0b7af-5038-7351-8c86-2a2a926db30e_nvr-llWGaUl9M9E771xokkJUiNr5fMyJBigI_1789788115328_img_face.jpg
2--Demonstration_2_Demonstration_Demonstrators_2_290.jpg_b14612.jpg,train,occluded,99,99,1.0,True,medium,wider_2--Demonstration_2_Demonstration_Demonstrators_2_290.jpg,C:\Thực tập LUMI\model_BaiToan\Deepleaning\data\dataset\raw\occluded\2--Demonstration_2_Demonstration_Demonstrators_2_290.jpg_b14612.jpg
0--Parade_0_Parade_Parade_0_698.jpg_b15121.jpg,train,occluded,93,93,1.0,True,medium,wider_0--Parade_0_Parade_Parade_0_698.jpg,C:\Thực tập LUMI\model_BaiToan\Deepleaning\data\dataset\raw\occluded\0--Parade_0_Parade_Parade_0_698.jpg_b15121.jpg
10--People_Marching_10_People_Marching_People_Marching_10_People_Marching_People_Marching_10_People_Marching_People_Marching_10_399.jpg_b20023.jpg,train,occluded,100,100,1.0,True,medium,wider_10--People_Marching_10_People_Marching_People_Marching_10_People_Marching_People_Marching_10_People_Marching_People_Marching_10_399.jpg,C:\Thực tập LUMI\model_BaiToan\Deepleaning\data\dataset\raw\occluded\10--People_Marching_10_People_Marching_People_Marching_10_People_Marching_People_Marching_10_People_Marching_People_Marching_10_399.jpg_b20023.jpg
22--Picnic_22_Picnic_Picnic_22_277.jpg_b89182.jpg,train,occluded,88,88,1.0,True,medium,wider_22--Picnic_22_Picnic_Picnic_22_277.jpg,C:\Thực tập LUMI\model_BaiToan\Deepleaning\data\dataset\raw\occluded\22--Picnic_22_Picnic_Picnic_22_277.jpg_b89182.jpg
22--Picnic_22_Picnic_Picnic_22_277.jpg_b89183.jpg,train,occluded,86,86,1.0,True,medium,wider_22--Picnic_22_Picnic_Picnic_22_277.jpg,C:\Thực tập LUMI\model_BaiToan\Deepleaning\data\dataset\raw\occluded\22--Picnic_22_Picnic_Picnic_22_277.jpg_b89183.jpg
61--Street_Battle_61_Street_Battle_streetfight_61_350.jpg_b37266.jpg,train,occluded,104,104,1.0,True,medium,wider_61--Street_Battle_61_Street_Battle_streetfight_61_350.jpg,C:\Thực tập LUMI\model_BaiToan\Deepleaning\data\dataset\raw\occluded\61--Street_Battle_61_Street_Battle_streetfight_61_350.jpg_b37266.jpg
35--Basketball_35_Basketball_playingbasketball_35_468.jpg_b102519.jpg,train,occluded,81,81,1.0,True,medium,wider_35--Basketball_35_Basketball_playingbasketball_35_468.jpg,C:\Thực tập LUMI\model_BaiToan\Deepleaning\data\dataset\raw\occluded\35--Basketball_35_Basketball_playingbasketball_35_468.jpg_b102519.jpg
12--Group_12_Group_Large_Group_12_Group_Large_Group_12_110.jpg_b25238.jpg,train,occluded,86,86,1.0,True,medium,wider_12--Group_12_Group_Large_Group_12_Group_Large_Group_12_110.jpg,C:\Thực tập LUMI\model_BaiToan\Deepleaning\data\dataset\raw\occluded\12--Group_12_Group_Large_Group_12_Group_Large_Group_12_110.jpg_b25238.jpg
6--Funeral_6_Funeral_Funeral_6_692.jpg_b144470.jpg,train,occluded,110,110,1.0,True,medium,wider_6--Funeral_6_Funeral_Funeral_6_692.jpg,C:\Thực tập LUMI\model_BaiToan\Deepleaning\data\dataset\raw\occluded\6--Funeral_6_Funeral_Funeral_6_692.jpg_b144470.jpg
01a0b231-0098-7cb0-84ad-da844b33df4b_nvr-llWGaUl9M9E771xokkJUiNr5fMyJBigI_1789695951486_img_face.jpg,train,occluded,79,79,1.0,True,medium,single_01a0b231-0098-7cb0-84ad-da844b33df4b_nvr-llWGaUl9M9E771xokkJUiNr5fMyJBigI_1789695951486_img_face.jpg,C:\Thực tập LUMI\model_BaiToan\Deepleaning\data\dataset\raw\occluded\01a0b231-0098-7cb0-84ad-da844b33df4b_nvr-llWGaUl9M9E771xokkJUiNr5fMyJBigI_1789695951486_img_face.jpg
01a0b406-39b0-7a21-a0dc-3fe2f2bc290f_nvr-llWGaUl9M9E771xokkJUiNr5fMyJBigI_1789726702837_img_face.jpg,train,occluded,99,99,1.0,True,medium,single_01a0b406-39b0-7a21-a0dc-3fe2f2bc290f_nvr-llWGaUl9M9E771xokkJUiNr5fMyJBigI_1789726702837_img_face.jpg,C:\Thực tập LUMI\model_BaiToan\Deepleaning\data\dataset\raw\occluded\01a0b406-39b0-7a21-a0dc-3fe2f2bc290f_nvr-llWGaUl9M9E771xokkJUiNr5fMyJBigI_1789726702837_img_face.jpg
01a0b407-4738-7a51-a064-4a1be9e92ee6_nvr-llWGaUl9M9E771xokkJUiNr5fMyJBigI_1789726771667_img_face.jpg,train,occluded,82,82,1.0,True,medium,single_01a0b407-4738-7a51-a064-4a1be9e92ee6_nvr-llWGaUl9M9E771xokkJUiNr5fMyJBigI_1789726771667_img_face.jpg,C:\Thực tập LUMI\model_BaiToan\Deepleaning\data\dataset\raw\occluded\01a0b407-4738-7a51-a064-4a1be9e92ee6_nvr-llWGaUl9M9E771xokkJUiNr5fMyJBigI_1789726771667_img_face.jpg
1--Handshaking_1_Handshaking_Handshaking_1_866.jpg_b16356.jpg,train,occluded,108,108,1.0,True,medium,wider_1--Handshaking_1_Handshaking_Handshaking_1_866.jpg,C:\Thực tập LUMI\model_BaiToan\Deepleaning\data\dataset\raw\occluded\1--Handshaking_1_Handshaking_Handshaking_1_866.jpg_b16356.jpg
11--Meeting_11_Meeting_Meeting_11_Meeting_Meeting_11_386.jpg_b23664.jpg,train,occluded,78,78,1.0,True,medium,wider_11--Meeting_11_Meeting_Meeting_11_Meeting_Meeting_11_386.jpg,C:\Thực tập LUMI\model_BaiToan\Deepleaning\data\dataset\raw\occluded\11--Meeting_11_Meeting_Meeting_11_Meeting_Meeting_11_386.jpg_b23664.jpg
01a0b249-10c0-7071-880d-0fc124effb0c_nvr-llWGaUl9M9E771xokkJUiNr5fMyJBigI_1789697528672_img_face.jpg,train,occluded,78,78,1.0,True,medium,single_01a0b249-10c0-7071-880d-0fc124effb0c_nvr-llWGaUl9M9E771xokkJUiNr5fMyJBigI_1789697528672_img_face.jpg,C:\Thực tập LUMI\model_BaiToan\Deepleaning\data\dataset\raw\occluded\01a0b249-10c0-7071-880d-0fc124effb0c_nvr-llWGaUl9M9E771xokkJUiNr5fMyJBigI_1789697528672_img_face.jpg
47--Matador_Bullfighter_47_Matador_Bullfighter_Matador_Bullfighter_47_245.jpg_b125960.jpg,train,occluded,98,98,1.0,True,medium,wider_47--Matador_Bullfighter_47_Matador_Bullfighter_Matador_Bullfighter_47_245.jpg,C:\Thực tập LUMI\model_BaiToan\Deepleaning\data\dataset\raw\occluded\47--Matador_Bullfighter_47_Matador_Bullfighter_Matador_Bullfighter_47_245.jpg_b125960.jpg
01a0b349-d338-7b70-8fda-7638f42f4508_nvr-llWGaUl9M9E771xokkJUiNr5fMyJBigI_1789714355848_img_face6.jpg,train,occluded,75,75,1.0,True,medium,single_01a0b349-d338-7b70-8fda-7638f42f4508_nvr-llWGaUl9M9E771xokkJUiNr5fMyJBigI_1789714355848_img_face6.jpg,C:\Thực tập LUMI\model_BaiToan\Deepleaning\data\dataset\raw\occluded\01a0b349-d338-7b70-8fda-7638f42f4508_nvr-llWGaUl9M9E771xokkJUiNr5fMyJBigI_1789714355848_img_face6.jpg
34--Baseball_34_Baseball_Baseball_34_109.jpg_b100643.jpg,train,occluded,76,76,1.0,True,medium,wider_34--Baseball_34_Baseball_Baseball_34_109.jpg,C:\Thực tập LUMI\model_BaiToan\Deepleaning\data\dataset\raw\occluded\34--Baseball_34_Baseball_Baseball_34_109.jpg_b100643.jpg
01a0b414-dbc8-70a2-880d-29f9ab4f7b9d_nvr-llWGaUl9M9E771xokkJUiNr5fMyJBigI_1789727661055_img_face.jpg,train,occluded,78,78,1.0,True,medium,single_01a0b414-dbc8-70a2-880d-29f9ab4f7b9d_nvr-llWGaUl9M9E771xokkJUiNr5fMyJBigI_1789727661055_img_face.jpg,C:\Thực tập LUMI\model_BaiToan\Deepleaning\data\dataset\raw\occluded\01a0b414-dbc8-70a2-880d-29f9ab4f7b9d_nvr-llWGaUl9M9E771xokkJUiNr5fMyJBigI_1789727661055_img_face.jpg
2--Demonstration_2_Demonstration_Demonstration_Or_Protest_2_659.jpg_b77628.jpg,train,occluded,91,91,1.0,True,medium,wider_2--Demonstration_2_Demonstration_Demonstration_Or_Protest_2_659.jpg,C:\Thực tập LUMI\model_BaiToan\Deepleaning\data\dataset\raw\occluded\2--Demonstration_2_Demonstration_Demonstration_Or_Protest_2_659.jpg_b77628.jpg
10--People_Marching_10_People_Marching_People_Marching_10_People_Marching_People_Marching_10_649.jpg_b20004.jpg,train,occluded,109,109,1.0,True,medium,wider_10--People_Marching_10_People_Marching_People_Marching_10_People_Marching_People_Marching_10_649.jpg,C:\Thực tập LUMI\model_BaiToan\Deepleaning\data\dataset\raw\occluded\10--People_Marching_10_People_Marching_People_Marching_10_People_Marching_People_Marching_10_649.jpg_b20004.jpg
15--Stock_Market_15_Stock_Market_Stock_Market_15_475.jpg_b39129.jpg,train,occluded,94,94,1.0,True,medium,wider_15--Stock_Market_15_Stock_Market_Stock_Market_15_475.jpg,C:\Thực tập LUMI\model_BaiToan\Deepleaning\data\dataset\raw\occluded\15--Stock_Market_15_Stock_Market_Stock_Market_15_475.jpg_b39129.jpg
13--Interview_13_Interview_Interview_Sequences_13_5.jpg_b9983.jpg,train,occluded,100,100,1.0,True,medium,wider_13--Interview_13_Interview_Interview_Sequences_13_5.jpg,C:\Thực tập LUMI\model_BaiToan\Deepleaning\data\dataset\raw\occluded\13--Interview_13_Interview_Interview_Sequences_13_5.jpg_b9983.jpg
11--Meeting_11_Meeting_Meeting_11_Meeting_Meeting_11_14.jpg_b23565.jpg,train,occluded,83,83,1.0,True,medium,wider_11--Meeting_11_Meeting_Meeting_11_Meeting_Meeting_11_14.jpg,C:\Thực tập LUMI\model_BaiToan\Deepleaning\data\dataset\raw\occluded\11--Meeting_11_Meeting_Meeting_11_Meeting_Meeting_11_14.jpg_b23565.jpg
12--Group_12_Group_Group_12_Group_Group_12_337.jpg_b32779.jpg,train,occluded,102,102,1.0,True,medium,wider_12--Group_12_Group_Group_12_Group_Group_12_337.jpg,C:\Thực tập LUMI\model_BaiToan\Deepleaning\data\dataset\raw\occluded\12--Group_12_Group_Group_12_Group_Group_12_337.jpg_b32779.jpg
2--Demonstration_2_Demonstration_Demonstration_Or_Protest_2_496.jpg_b19598.jpg,train,occluded,86,86,1.0,True,medium,wider_2--Demonstration_2_Demonstration_Demonstration_Or_Protest_2_496.jpg,C:\Thực tập LUMI\model_BaiToan\Deepleaning\data\dataset\raw\occluded\2--Demonstration_2_Demonstration_Demonstration_Or_Protest_2_496.jpg_b19598.jpg
01a0b352-a508-7ec1-b095-5b158c056d06_nvr-llWGaUl9M9E771xokkJUiNr5fMyJBigI_1789714933416_img_face3.jpg,train,occluded,107,107,1.0,True,medium,single_01a0b352-a508-7ec1-b095-5b158c056d06_nvr-llWGaUl9M9E771xokkJUiNr5fMyJBigI_1789714933416_img_face3.jpg,C:\Thực tập LUMI\model_BaiToan\Deepleaning\data\dataset\raw\occluded\01a0b352-a508-7ec1-b095-5b158c056d06_nvr-llWGaUl9M9E771xokkJUiNr5fMyJBigI_1789714933416_img_face3.jpg
22--Picnic_22_Picnic_Picnic_22_664.jpg_b89179.jpg,train,occluded,77,77,1.0,True,medium,wider_22--Picnic_22_Picnic_Picnic_22_664.jpg,C:\Thực tập LUMI\model_BaiToan\Deepleaning\data\dataset\raw\occluded\22--Picnic_22_Picnic_Picnic_22_664.jpg_b89179.jpg
2--Demonstration_2_Demonstration_Political_Rally_2_472.jpg_b49118.jpg,train,occluded,90,90,1.0,True,medium,wider_2--Demonstration_2_Demonstration_Political_Rally_2_472.jpg,C:\Thực tập LUMI\model_BaiToan\Deepleaning\data\dataset\raw\occluded\2--Demonstration_2_Demonstration_Political_Rally_2_472.jpg_b49118.jpg
2--Demonstration_2_Demonstration_Political_Rally_2_472.jpg_b49120.jpg,train,occluded,64,64,1.0,True,small,wider_2--Demonstration_2_Demonstration_Political_Rally_2_472.jpg,C:\Thực tập LUMI\model_BaiToan\Deepleaning\data\dataset\raw\occluded\2--Demonstration_2_Demonstration_Political_Rally_2_472.jpg_b49120.jpg
01a0b349-def0-7360-a5e5-28e86b1eb664_nvr-llWGaUl9M9E771xokkJUiNr5fMyJBigI_1789714358725_img_face14.jpg,train,occluded,87,87,1.0,True,medium,single_01a0b349-def0-7360-a5e5-28e86b1eb664_nvr-llWGaUl9M9E771xokkJUiNr5fMyJBigI_1789714358725_img_face14.jpg,C:\Thực tập LUMI\model_BaiToan\Deepleaning\data\dataset\raw\occluded\01a0b349-def0-7360-a5e5-28e86b1eb664_nvr-llWGaUl9M9E771xokkJUiNr5fMyJBigI_1789714358725_img_face14.jpg
45--Balloonist_45_Balloonist_Balloonist_45_147.jpg_b124825.jpg,train,occluded,90,90,1.0,True,medium,wider_45--Balloonist_45_Balloonist_Balloonist_45_147.jpg,C:\Thực tập LUMI\model_BaiToan\Deepleaning\data\dataset\raw\occluded\45--Balloonist_45_Balloonist_Balloonist_45_147.jpg_b124825.jpg
39--Ice_Skating_39_Ice_Skating_iceskiing_39_138.jpg_b30589.jpg,train,occluded,78,78,1.0,True,medium,wider_39--Ice_Skating_39_Ice_Skating_iceskiing_39_138.jpg,C:\Thực tập LUMI\model_BaiToan\Deepleaning\data\dataset\raw\occluded\39--Ice_Skating_39_Ice_Skating_iceskiing_39_138.jpg_b30589.jpg
01a0b36c-43a0-7420-b9bd-a44f8b3486d6_nvr-llWGaUl9M9E771xokkJUiNr5fMyJBigI_1789716612024_img_face2.jpg,train,occluded,110,110,1.0,True,medium,single_01a0b36c-43a0-7420-b9bd-a44f8b3486d6_nvr-llWGaUl9M9E771xokkJUiNr5fMyJBigI_1789716612024_img_face2.jpg,C:\Thực tập LUMI\model_BaiToan\Deepleaning\data\dataset\raw\occluded\01a0b36c-43a0-7420-b9bd-a44f8b3486d6_nvr-llWGaUl9M9E771xokkJUiNr5fMyJBigI_1789716612024_img_face2.jpg
40--Gymnastics_40_Gymnastics_Gymnastics_40_192.jpg_b120110.jpg,train,occluded,108,108,1.0,True,medium,wider_40--Gymnastics_40_Gymnastics_Gymnastics_40_192.jpg,C:\Thực tập LUMI\model_BaiToan\Deepleaning\data\dataset\raw\occluded\40--Gymnastics_40_Gymnastics_Gymnastics_40_192.jpg_b120110.jpg
29--Students_Schoolkids_29_Students_Schoolkids_Students_Schoolkids_29_531.jpg_b95043.jpg,train,occluded,111,111,1.0,True,medium,wider_29--Students_Schoolkids_29_Students_Schoolkids_Students_Schoolkids_29_531.jpg,C:\Thực tập LUMI\model_BaiToan\Deepleaning\data\dataset\raw\occluded\29--Students_Schoolkids_29_Students_Schoolkids_Students_Schoolkids_29_531.jpg_b95043.jpg
57--Angler_57_Angler_peoplefishing_57_442.jpg_b35940.jpg,train,occluded,94,94,1.0,True,medium,wider_57--Angler_57_Angler_peoplefishing_57_442.jpg,C:\Thực tập LUMI\model_BaiToan\Deepleaning\data\dataset\raw\occluded\57--Angler_57_Angler_peoplefishing_57_442.jpg_b35940.jpg
01a0b3c1-9760-7210-9ccf-2ce7bceba146_nvr-llWGaUl9M9E771xokkJUiNr5fMyJBigI_1789722204555_img_face.jpg,train,occluded,76,76,1.0,True,medium,single_01a0b3c1-9760-7210-9ccf-2ce7bceba146_nvr-llWGaUl9M9E771xokkJUiNr5fMyJBigI_1789722204555_img_face.jpg,C:\Thực tập LUMI\model_BaiToan\Deepleaning\data\dataset\raw\occluded\01a0b3c1-9760-7210-9ccf-2ce7bceba146_nvr-llWGaUl9M9E771xokkJUiNr5fMyJBigI_1789722204555_img_face.jpg
01a0b349-d338-7b70-8fda-7638f42f4508_nvr-llWGaUl9M9E771xokkJUiNr5fMyJBigI_1789714355848_img_face2.jpg,train,occluded,102,102,1.0,True,medium,single_01a0b349-d338-7b70-8fda-7638f42f4508_nvr-llWGaUl9M9E771xokkJUiNr5fMyJBigI_1789714355848_img_face2.jpg,C:\Thực tập LUMI\model_BaiToan\Deepleaning\data\dataset\raw\occluded\01a0b349-d338-7b70-8fda-7638f42f4508_nvr-llWGaUl9M9E771xokkJUiNr5fMyJBigI_1789714355848_img_face2.jpg
2--Demonstration_2_Demonstration_Demonstrators_2_370.jpg_b72980.jpg,train,occluded,83,83,1.0,True,medium,wider_2--Demonstration_2_Demonstration_Demonstrators_2_370.jpg,C:\Thực tập LUMI\model_BaiToan\Deepleaning\data\dataset\raw\occluded\2--Demonstration_2_Demonstration_Demonstrators_2_370.jpg_b72980.jpg
20--Family_Group_20_Family_Group_Family_Group_20_839.jpg_b81899.jpg,train,occluded,77,77,1.0,True,medium,wider_20--Family_Group_20_Family_Group_Family_Group_20_839.jpg,C:\Thực tập LUMI\model_BaiToan\Deepleaning\data\dataset\raw\occluded\20--Family_Group_20_Family_Group_Family_Group_20_839.jpg_b81899.jpg
01a0b455-ff90-7850-a63c-82185309f11b_nvr-llWGaUl9M9E771xokkJUiNr5fMyJBigI_1789731930753_img_face.jpg,train,occluded,87,87,1.0,True,medium,single_01a0b455-ff90-7850-a63c-82185309f11b_nvr-llWGaUl9M9E771xokkJUiNr5fMyJBigI_1789731930753_img_face.jpg,C:\Thực tập LUMI\model_BaiToan\Deepleaning\data\dataset\raw\occluded\01a0b455-ff90-7850-a63c-82185309f11b_nvr-llWGaUl9M9E771xokkJUiNr5fMyJBigI_1789731930753_img_face.jpg
01a0b36b-8820-7921-9157-fb2d50a0f263_nvr-llWGaUl9M9E771xokkJUiNr5fMyJBigI_1789716564150_img_face1.jpg,train,occluded,85,85,1.0,True,medium,single_01a0b36b-8820-7921-9157-fb2d50a0f263_nvr-llWGaUl9M9E771xokkJUiNr5fMyJBigI_1789716564150_img_face1.jpg,C:\Thực tập LUMI\model_BaiToan\Deepleaning\data\dataset\raw\occluded\01a0b36b-8820-7921-9157-fb2d50a0f263_nvr-llWGaUl9M9E771xokkJUiNr5fMyJBigI_1789716564150_img_face1.jpg
22--Picnic_22_Picnic_Picnic_22_308.jpg_b22211.jpg,train,occluded,104,104,1.0,True,medium,wider_22--Picnic_22_Picnic_Picnic_22_308.jpg,C:\Thực tập LUMI\model_BaiToan\Deepleaning\data\dataset\raw\occluded\22--Picnic_22_Picnic_Picnic_22_308.jpg_b22211.jpg
12--Group_12_Group_Team_Organized_Group_12_Group_Team_Organized_Group_12_738.jpg_b26727.jpg,train,occluded,108,108,1.0,True,medium,wider_12--Group_12_Group_Team_Organized_Group_12_Group_Team_Organized_Group_12_738.jpg,C:\Thực tập LUMI\model_BaiToan\Deepleaning\data\dataset\raw\occluded\12--Group_12_Group_Team_Organized_Group_12_Group_Team_Organized_Group_12_738.jpg_b26727.jpg
51--Dresses_51_Dresses_wearingdress_51_1003.jpg_b134603.jpg,train,occluded,78,78,1.0,True,medium,wider_51--Dresses_51_Dresses_wearingdress_51_1003.jpg,C:\Thực tập LUMI\model_BaiToan\Deepleaning\data\dataset\raw\occluded\51--Dresses_51_Dresses_wearingdress_51_1003.jpg_b134603.jpg
2--Demonstration_2_Demonstration_Demonstration_Or_Protest_2_709.jpg_b67723.jpg,train,occluded,108,108,1.0,True,medium,wider_2--Demonstration_2_Demonstration_Demonstration_Or_Protest_2_709.jpg,C:\Thực tập LUMI\model_BaiToan\Deepleaning\data\dataset\raw\occluded\2--Demonstration_2_Demonstration_Demonstration_Or_Protest_2_709.jpg_b67723.jpg
12--Group_12_Group_Large_Group_12_Group_Large_Group_12_243.jpg_b25358.jpg,train,occluded,110,110,1.0,True,medium,wider_12--Group_12_Group_Large_Group_12_Group_Large_Group_12_243.jpg,C:\Thực tập LUMI\model_BaiToan\Deepleaning\data\dataset\raw\occluded\12--Group_12_Group_Large_Group_12_Group_Large_Group_12_243.jpg_b25358.jpg
35--Basketball_35_Basketball_Basketball_35_163.jpg_b105734.jpg,train,occluded,106,106,1.0,True,medium,wider_35--Basketball_35_Basketball_Basketball_35_163.jpg,C:\Thực tập LUMI\model_BaiToan\Deepleaning\data\dataset\raw\occluded\35--Basketball_35_Basketball_Basketball_35_163.jpg_b105734.jpg
3--Riot_3_Riot_Riot_3_924.jpg_b97336.jpg,train,occluded,82,82,1.0,True,medium,wider_3--Riot_3_Riot_Riot_3_924.jpg,C:\Thực tập LUMI\model_BaiToan\Deepleaning\data\dataset\raw\occluded\3--Riot_3_Riot_Riot_3_924.jpg_b97336.jpg
3--Riot_3_Riot_Riot_3_924.jpg_b97338.jpg,train,occluded,90,90,1.0,True,medium,wider_3--Riot_3_Riot_Riot_3_924.jpg,C:\Thực tập LUMI\model_BaiToan\Deepleaning\data\dataset\raw\occluded\3--Riot_3_Riot_Riot_3_924.jpg_b97338.jpg
01a0b436-ee70-79a3-a91b-b1fe111f848f_nvr-llWGaUl9M9E771xokkJUiNr5fMyJBigI_1789729894709_img_face2.jpg,train,occluded,92,92,1.0,True,medium,single_01a0b436-ee70-79a3-a91b-b1fe111f848f_nvr-llWGaUl9M9E771xokkJUiNr5fMyJBigI_1789729894709_img_face2.jpg,C:\Thực tập LUMI\model_BaiToan\Deepleaning\data\dataset\raw\occluded\01a0b436-ee70-79a3-a91b-b1fe111f848f_nvr-llWGaUl9M9E771xokkJUiNr5fMyJBigI_1789729894709_img_face2.jpg
49--Greeting_49_Greeting_peoplegreeting_49_536.jpg_b130832.jpg,train,occluded,79,79,1.0,True,medium,wider_49--Greeting_49_Greeting_peoplegreeting_49_536.jpg,C:\Thực tập LUMI\model_BaiToan\Deepleaning\data\dataset\raw\occluded\49--Greeting_49_Greeting_peoplegreeting_49_536.jpg_b130832.jpg
01a0b436-fe10-7ac1-9290-1757cfe61ebb_nvr-llWGaUl9M9E771xokkJUiNr5fMyJBigI_1789729898350_img_face1.jpg,train,occluded,102,102,1.0,True,medium,single_01a0b436-fe10-7ac1-9290-1757cfe61ebb_nvr-llWGaUl9M9E771xokkJUiNr5fMyJBigI_1789729898350_img_face1.jpg,C:\Thực tập LUMI\model_BaiToan\Deepleaning\data\dataset\raw\occluded\01a0b436-fe10-7ac1-9290-1757cfe61ebb_nvr-llWGaUl9M9E771xokkJUiNr5fMyJBigI_1789729898350_img_face1.jpg
25--Soldier_Patrol_25_Soldier_Patrol_Soldier_Patrol_25_482.jpg_b91281.jpg,train,occluded,86,86,1.0,True,medium,wider_25--Soldier_Patrol_25_Soldier_Patrol_Soldier_Patrol_25_482.jpg,C:\Thực tập LUMI\model_BaiToan\Deepleaning\data\dataset\raw\occluded\25--Soldier_Patrol_25_Soldier_Patrol_Soldier_Patrol_25_482.jpg_b91281.jpg
56--Voter_56_Voter_peoplevoting_56_874.jpg_b35607.jpg,train,occluded,75,75,1.0,True,medium,wider_56--Voter_56_Voter_peoplevoting_56_874.jpg,C:\Thực tập LUMI\model_BaiToan\Deepleaning\data\dataset\raw\occluded\56--Voter_56_Voter_peoplevoting_56_874.jpg_b35607.jpg
35--Basketball_35_Basketball_playingbasketball_35_203.jpg_b106069.jpg,train,occluded,91,91,1.0,True,medium,wider_35--Basketball_35_Basketball_playingbasketball_35_203.jpg,C:\Thực tập LUMI\model_BaiToan\Deepleaning\data\dataset\raw\occluded\35--Basketball_35_Basketball_playingbasketball_35_203.jpg_b106069.jpg
01a0b261-c110-71f2-b54a-4583f57579ba_nvr-llWGaUl9M9E771xokkJUiNr5fMyJBigI_1789699146423_img_face2.jpg,train,occluded,79,79,1.0,True,medium,single_01a0b261-c110-71f2-b54a-4583f57579ba_nvr-llWGaUl9M9E771xokkJUiNr5fMyJBigI_1789699146423_img_face2.jpg,C:\Thực tập LUMI\model_BaiToan\Deepleaning\data\dataset\raw\occluded\01a0b261-c110-71f2-b54a-4583f57579ba_nvr-llWGaUl9M9E771xokkJUiNr5fMyJBigI_1789699146423_img_face2.jpg
12--Group_12_Group_Team_Organized_Group_12_Group_Team_Organized_Group_12_516.jpg_b26260.jpg,train,occluded,102,102,1.0,True,medium,wider_12--Group_12_Group_Team_Organized_Group_12_Group_Team_Organized_Group_12_516.jpg,C:\Thực tập LUMI\model_BaiToan\Deepleaning\data\dataset\raw\occluded\12--Group_12_Group_Team_Organized_Group_12_Group_Team_Organized_Group_12_516.jpg_b26260.jpg
01a0b7ba-8f20-7e12-8011-a881a18f8237_nvr-llWGaUl9M9E771xokkJUiNr5fMyJBigI_1789788852883_img_face1.jpg,train,occluded,84,84,1.0,True,medium,single_01a0b7ba-8f20-7e12-8011-a881a18f8237_nvr-llWGaUl9M9E771xokkJUiNr5fMyJBigI_1789788852883_img_face1.jpg,C:\Thực tập LUMI\model_BaiToan\Deepleaning\data\dataset\raw\occluded\01a0b7ba-8f20-7e12-8011-a881a18f8237_nvr-llWGaUl9M9E771xokkJUiNr5fMyJBigI_1789788852883_img_face1.jpg
17--Ceremony_17_Ceremony_Ceremony_17_443.jpg_b43249.jpg,train,occluded,97,97,1.0,True,medium,wider_17--Ceremony_17_Ceremony_Ceremony_17_443.jpg,C:\Thực tập LUMI\model_BaiToan\Deepleaning\data\dataset\raw\occluded\17--Ceremony_17_Ceremony_Ceremony_17_443.jpg_b43249.jpg
29--Students_Schoolkids_29_Students_Schoolkids_Students_Schoolkids_29_127.jpg_b95143.jpg,train,occluded,105,105,1.0,True,medium,wider_29--Students_Schoolkids_29_Students_Schoolkids_Students_Schoolkids_29_127.jpg,C:\Thực tập LUMI\model_BaiToan\Deepleaning\data\dataset\raw\occluded\29--Students_Schoolkids_29_Students_Schoolkids_Students_Schoolkids_29_127.jpg_b95143.jpg
01a0b3c1-ca28-70d3-8b96-2fca8274dff9_nvr-llWGaUl9M9E771xokkJUiNr5fMyJBigI_1789722217269_img_face1.jpg,train,occluded,103,103,1.0,True,medium,single_01a0b3c1-ca28-70d3-8b96-2fca8274dff9_nvr-llWGaUl9M9E771xokkJUiNr5fMyJBigI_1789722217269_img_face1.jpg,C:\Thực tập LUMI\model_BaiToan\Deepleaning\data\dataset\raw\occluded\01a0b3c1-ca28-70d3-8b96-2fca8274dff9_nvr-llWGaUl9M9E771xokkJUiNr5fMyJBigI_1789722217269_img_face1.jpg
01a0b343-33e8-73f1-867b-0bb9c9d95ecd_nvr-llWGaUl9M9E771xokkJUiNr5fMyJBigI_1789713921538_img_face11.jpg,train,occluded,98,98,1.0,True,medium,single_01a0b343-33e8-73f1-867b-0bb9c9d95ecd_nvr-llWGaUl9M9E771xokkJUiNr5fMyJBigI_1789713921538_img_face11.jpg,C:\Thực tập LUMI\model_BaiToan\Deepleaning\data\dataset\raw\occluded\01a0b343-33e8-73f1-867b-0bb9c9d95ecd_nvr-llWGaUl9M9E771xokkJUiNr5fMyJBigI_1789713921538_img_face11.jpg
51--Dresses_51_Dresses_wearingdress_51_402.jpg_b134312.jpg,train,occluded,95,95,1.0,True,medium,wider_51--Dresses_51_Dresses_wearingdress_51_402.jpg,C:\Thực tập LUMI\model_BaiToan\Deepleaning\data\dataset\raw\occluded\51--Dresses_51_Dresses_wearingdress_51_402.jpg_b134312.jpg
01a0b341-efb0-7bc1-bf1e-8e84b3f7f0bb_nvr-llWGaUl9M9E771xokkJUiNr5fMyJBigI_1789713838187_img_face3.jpg,train,occluded,78,78,1.0,True,medium,single_01a0b341-efb0-7bc1-bf1e-8e84b3f7f0bb_nvr-llWGaUl9M9E771xokkJUiNr5fMyJBigI_1789713838187_img_face3.jpg,C:\Thực tập LUMI\model_BaiToan\Deepleaning\data\dataset\raw\occluded\01a0b341-efb0-7bc1-bf1e-8e84b3f7f0bb_nvr-llWGaUl9M9E771xokkJUiNr5fMyJBigI_1789713838187_img_face3.jpg
face_0081_crop.jpg,train,occluded,102,102,1.0,True,medium,face_id_face_0081,C:\Thực tập LUMI\model_BaiToan\Deepleaning\data\dataset\raw\occluded\face_0081_crop.jpg
50--Celebration_Or_Party_50_Celebration_Or_Party_houseparty_50_155.jpg_b132774.jpg,train,occluded,77,77,1.0,True,medium,wider_50--Celebration_Or_Party_50_Celebration_Or_Party_houseparty_50_155.jpg,C:\Thực tập LUMI\model_BaiToan\Deepleaning\data\dataset\raw\occluded\50--Celebration_Or_Party_50_Celebration_Or_Party_houseparty_50_155.jpg_b132774.jpg
35--Basketball_35_Basketball_Basketball_35_174.jpg_b104553.jpg,train,occluded,90,90,1.0,True,medium,wider_35--Basketball_35_Basketball_Basketball_35_174.jpg,C:\Thực tập LUMI\model_BaiToan\Deepleaning\data\dataset\raw\occluded\35--Basketball_35_Basketball_Basketball_35_174.jpg_b104553.jpg
2--Demonstration_2_Demonstration_Demonstration_Or_Protest_2_377.jpg_b45830.jpg,train,occluded,94,94,1.0,True,medium,wider_2--Demonstration_2_Demonstration_Demonstration_Or_Protest_2_377.jpg,C:\Thực tập LUMI\model_BaiToan\Deepleaning\data\dataset\raw\occluded\2--Demonstration_2_Demonstration_Demonstration_Or_Protest_2_377.jpg_b45830.jpg
8--Election_Campain_8_Election_Campain_Election_Campaign_8_483.jpg_b154121.jpg,train,occluded,102,102,1.0,True,medium,wider_8--Election_Campain_8_Election_Campain_Election_Campaign_8_483.jpg,C:\Thực tập LUMI\model_BaiToan\Deepleaning\data\dataset\raw\occluded\8--Election_Campain_8_Election_Campain_Election_Campaign_8_483.jpg_b154121.jpg
57--Angler_57_Angler_peoplefishing_57_51.jpg_b35820.jpg,train,occluded,84,84,1.0,True,medium,wider_57--Angler_57_Angler_peoplefishing_57_51.jpg,C:\Thực tập LUMI\model_BaiToan\Deepleaning\data\dataset\raw\occluded\57--Angler_57_Angler_peoplefishing_57_51.jpg_b35820.jpg
47--Matador_Bullfighter_47_Matador_Bullfighter_matadorbullfighting_47_118.jpg_b127105.jpg,train,occluded,80,80,1.0,True,medium,wider_47--Matador_Bullfighter_47_Matador_Bullfighter_matadorbullfighting_47_118.jpg,C:\Thực tập LUMI\model_BaiToan\Deepleaning\data\dataset\raw\occluded\47--Matador_Bullfighter_47_Matador_Bullfighter_matadorbullfighting_47_118.jpg_b127105.jpg
0--Parade_0_Parade_Parade_0_357.jpg_b9433.jpg,train,occluded,105,105,1.0,True,medium,wider_0--Parade_0_Parade_Parade_0_357.jpg,C:\Thực tập LUMI\model_BaiToan\Deepleaning\data\dataset\raw\occluded\0--Parade_0_Parade_Parade_0_357.jpg_b9433.jpg
52--Photographers_52_Photographers_photographertakingphoto_52_318.jpg_b135535.jpg,train,occluded,78,78,1.0,True,medium,wider_52--Photographers_52_Photographers_photographertakingphoto_52_318.jpg,C:\Thực tập LUMI\model_BaiToan\Deepleaning\data\dataset\raw\occluded\52--Photographers_52_Photographers_photographertakingphoto_52_318.jpg_b135535.jpg
01a0b343-b4d0-7350-9150-b776cae4b19e_nvr-llWGaUl9M9E771xokkJUiNr5fMyJBigI_1789713954728_img_face20.jpg,train,occluded,99,99,1.0,True,medium,single_01a0b343-b4d0-7350-9150-b776cae4b19e_nvr-llWGaUl9M9E771xokkJUiNr5fMyJBigI_1789713954728_img_face20.jpg,C:\Thực tập LUMI\model_BaiToan\Deepleaning\data\dataset\raw\occluded\01a0b343-b4d0-7350-9150-b776cae4b19e_nvr-llWGaUl9M9E771xokkJUiNr5fMyJBigI_1789713954728_img_face20.jpg
40--Gymnastics_40_Gymnastics_Gymnastics_40_175.jpg_b31023.jpg,train,occluded,84,84,1.0,True,medium,wider_40--Gymnastics_40_Gymnastics_Gymnastics_40_175.jpg,C:\Thực tập LUMI\model_BaiToan\Deepleaning\data\dataset\raw\occluded\40--Gymnastics_40_Gymnastics_Gymnastics_40_175.jpg_b31023.jpg
40--Gymnastics_40_Gymnastics_Gymnastics_40_175.jpg_b31024.jpg,train,occluded,78,78,1.0,True,medium,wider_40--Gymnastics_40_Gymnastics_Gymnastics_40_175.jpg,C:\Thực tập LUMI\model_BaiToan\Deepleaning\data\dataset\raw\occluded\40--Gymnastics_40_Gymnastics_Gymnastics_40_175.jpg_b31024.jpg
01a0b889-1250-7fa3-82ca-6e92bd028e90_nvr-llWGaUl9M9E771xokkJUiNr5fMyJBigI_1789802386421_img_face.jpg,train,occluded,77,77,1.0,True,medium,single_01a0b889-1250-7fa3-82ca-6e92bd028e90_nvr-llWGaUl9M9E771xokkJUiNr5fMyJBigI_1789802386421_img_face.jpg,C:\Thực tập LUMI\model_BaiToan\Deepleaning\data\dataset\raw\occluded\01a0b889-1250-7fa3-82ca-6e92bd028e90_nvr-llWGaUl9M9E771xokkJUiNr5fMyJBigI_1789802386421_img_face.jpg
2--Demonstration_2_Demonstration_Demonstrators_2_273.jpg_b66051.jpg,train,occluded,94,94,1.0,True,medium,wider_2--Demonstration_2_Demonstration_Demonstrators_2_273.jpg,C:\Thực tập LUMI\model_BaiToan\Deepleaning\data\dataset\raw\occluded\2--Demonstration_2_Demonstration_Demonstrators_2_273.jpg_b66051.jpg
22--Picnic_22_Picnic_Picnic_22_126.jpg_b89282.jpg,train,occluded,106,106,1.0,True,medium,wider_22--Picnic_22_Picnic_Picnic_22_126.jpg,C:\Thực tập LUMI\model_BaiToan\Deepleaning\data\dataset\raw\occluded\22--Picnic_22_Picnic_Picnic_22_126.jpg_b89282.jpg
01a0b80a-8f98-7f52-ad77-bce188295e01_nvr-llWGaUl9M9E771xokkJUiNr5fMyJBigI_1789794095815_img_face2.jpg,train,occluded,95,95,1.0,True,medium,single_01a0b80a-8f98-7f52-ad77-bce188295e01_nvr-llWGaUl9M9E771xokkJUiNr5fMyJBigI_1789794095815_img_face2.jpg,C:\Thực tập LUMI\model_BaiToan\Deepleaning\data\dataset\raw\occluded\01a0b80a-8f98-7f52-ad77-bce188295e01_nvr-llWGaUl9M9E771xokkJUiNr5fMyJBigI_1789794095815_img_face2.jpg
13--Interview_13_Interview_Interview_Sequences_13_704.jpg_b36594.jpg,train,occluded,104,104,1.0,True,medium,wider_13--Interview_13_Interview_Interview_Sequences_13_704.jpg,C:\Thực tập LUMI\model_BaiToan\Deepleaning\data\dataset\raw\occluded\13--Interview_13_Interview_Interview_Sequences_13_704.jpg_b36594.jpg
01a0b976-cdb0-7581-b93f-eb422a022d56_nvr-llWGaUl9M9E771xokkJUiNr5fMyJBigI_1789817966524_img_face.jpg,train,occluded,109,109,1.0,True,medium,single_01a0b976-cdb0-7581-b93f-eb422a022d56_nvr-llWGaUl9M9E771xokkJUiNr5fMyJBigI_1789817966524_img_face.jpg,C:\Thực tập LUMI\model_BaiToan\Deepleaning\data\dataset\raw\occluded\01a0b976-cdb0-7581-b93f-eb422a022d56_nvr-llWGaUl9M9E771xokkJUiNr5fMyJBigI_1789817966524_img_face.jpg
14--Traffic_14_Traffic_Traffic_14_808.jpg_b37991.jpg,train,occluded,104,104,1.0,True,medium,wider_14--Traffic_14_Traffic_Traffic_14_808.jpg,C:\Thực tập LUMI\model_BaiToan\Deepleaning\data\dataset\raw\occluded\14--Traffic_14_Traffic_Traffic_14_808.jpg_b37991.jpg
56--Voter_56_Voter_peoplevoting_56_461.jpg_b139766.jpg,train,occluded,65,65,1.0,True,small,wider_56--Voter_56_Voter_peoplevoting_56_461.jpg,C:\Thực tập LUMI\model_BaiToan\Deepleaning\data\dataset\raw\occluded\56--Voter_56_Voter_peoplevoting_56_461.jpg_b139766.jpg
56--Voter_56_Voter_peoplevoting_56_461.jpg_b139781.jpg,train,occluded,110,110,1.0,True,medium,wider_56--Voter_56_Voter_peoplevoting_56_461.jpg,C:\Thực tập LUMI\model_BaiToan\Deepleaning\data\dataset\raw\occluded\56--Voter_56_Voter_peoplevoting_56_461.jpg_b139781.jpg
56--Voter_56_Voter_peoplevoting_56_461.jpg_b139784.jpg,train,occluded,94,94,1.0,True,medium,wider_56--Voter_56_Voter_peoplevoting_56_461.jpg,C:\Thực tập LUMI\model_BaiToan\Deepleaning\data\dataset\raw\occluded\56--Voter_56_Voter_peoplevoting_56_461.jpg_b139784.jpg
35--Basketball_35_Basketball_basketballgame_ball_35_543.jpg_b108540.jpg,train,occluded,99,99,1.0,True,medium,wider_35--Basketball_35_Basketball_basketballgame_ball_35_543.jpg,C:\Thực tập LUMI\model_BaiToan\Deepleaning\data\dataset\raw\occluded\35--Basketball_35_Basketball_basketballgame_ball_35_543.jpg_b108540.jpg
01a0b261-c110-71f2-b54a-4583f57579ba_nvr-llWGaUl9M9E771xokkJUiNr5fMyJBigI_1789699146423_img_face1.jpg,train,occluded,85,85,1.0,True,medium,single_01a0b261-c110-71f2-b54a-4583f57579ba_nvr-llWGaUl9M9E771xokkJUiNr5fMyJBigI_1789699146423_img_face1.jpg,C:\Thực tập LUMI\model_BaiToan\Deepleaning\data\dataset\raw\occluded\01a0b261-c110-71f2-b54a-4583f57579ba_nvr-llWGaUl9M9E771xokkJUiNr5fMyJBigI_1789699146423_img_face1.jpg
10--People_Marching_10_People_Marching_People_Marching_2_657.jpg_b20445.jpg,train,occluded,96,96,1.0,True,medium,wider_10--People_Marching_10_People_Marching_People_Marching_2_657.jpg,C:\Thực tập LUMI\model_BaiToan\Deepleaning\data\dataset\raw\occluded\10--People_Marching_10_People_Marching_People_Marching_2_657.jpg_b20445.jpg
0--Parade_0_Parade_Parade_0_324.jpg_b6389.jpg,train,occluded,111,111,1.0,True,medium,wider_0--Parade_0_Parade_Parade_0_324.jpg,C:\Thực tập LUMI\model_BaiToan\Deepleaning\data\dataset\raw\occluded\0--Parade_0_Parade_Parade_0_324.jpg_b6389.jpg
1--Handshaking_1_Handshaking_Handshaking_1_171.jpg_b16463.jpg,train,occluded,81,81,1.0,True,medium,wider_1--Handshaking_1_Handshaking_Handshaking_1_171.jpg,C:\Thực tập LUMI\model_BaiToan\Deepleaning\data\dataset\raw\occluded\1--Handshaking_1_Handshaking_Handshaking_1_171.jpg_b16463.jpg
0--Parade_0_Parade_Parade_0_897.jpg_b4028.jpg,train,occluded,104,104,1.0,True,medium,wider_0--Parade_0_Parade_Parade_0_897.jpg,C:\Thực tập LUMI\model_BaiToan\Deepleaning\data\dataset\raw\occluded\0--Parade_0_Parade_Parade_0_897.jpg_b4028.jpg
58--Hockey_58_Hockey_icehockey_puck_58_330.jpg_b36421.jpg,train,occluded,88,88,1.0,True,medium,wider_58--Hockey_58_Hockey_icehockey_puck_58_330.jpg,C:\Thực tập LUMI\model_BaiToan\Deepleaning\data\dataset\raw\occluded\58--Hockey_58_Hockey_icehockey_puck_58_330.jpg_b36421.jpg
50--Celebration_Or_Party_50_Celebration_Or_Party_birthdayparty_50_243.jpg_b132672.jpg,train,occluded,106,106,1.0,True,medium,wider_50--Celebration_Or_Party_50_Celebration_Or_Party_birthdayparty_50_243.jpg,C:\Thực tập LUMI\model_BaiToan\Deepleaning\data\dataset\raw\occluded\50--Celebration_Or_Party_50_Celebration_Or_Party_birthdayparty_50_243.jpg_b132672.jpg
01a0b7b9-f2e0-7430-9aa7-502cee46fe14_nvr-llWGaUl9M9E771xokkJUiNr5fMyJBigI_1789788812761_img_face.jpg,train,occluded,91,91,1.0,True,medium,single_01a0b7b9-f2e0-7430-9aa7-502cee46fe14_nvr-llWGaUl9M9E771xokkJUiNr5fMyJBigI_1789788812761_img_face.jpg,C:\Thực tập LUMI\model_BaiToan\Deepleaning\data\dataset\raw\occluded\01a0b7b9-f2e0-7430-9aa7-502cee46fe14_nvr-llWGaUl9M9E771xokkJUiNr5fMyJBigI_1789788812761_img_face.jpg
01a0b261-bd28-76a0-ac78-90a6ba976373_nvr-llWGaUl9M9E771xokkJUiNr5fMyJBigI_1789699145346_img_face2.jpg,train,occluded,100,100,1.0,True,medium,single_01a0b261-bd28-76a0-ac78-90a6ba976373_nvr-llWGaUl9M9E771xokkJUiNr5fMyJBigI_1789699145346_img_face2.jpg,C:\Thực tập LUMI\model_BaiToan\Deepleaning\data\dataset\raw\occluded\01a0b261-bd28-76a0-ac78-90a6ba976373_nvr-llWGaUl9M9E771xokkJUiNr5fMyJBigI_1789699145346_img_face2.jpg
01a0b461-b3a8-7203-b202-fa4dbf62cdfc_nvr-llWGaUl9M9E771xokkJUiNr5fMyJBigI_1789732697554_img_face.jpg,train,occluded,103,103,1.0,True,medium,single_01a0b461-b3a8-7203-b202-fa4dbf62cdfc_nvr-llWGaUl9M9E771xokkJUiNr5fMyJBigI_1789732697554_img_face.jpg,C:\Thực tập LUMI\model_BaiToan\Deepleaning\data\dataset\raw\occluded\01a0b461-b3a8-7203-b202-fa4dbf62cdfc_nvr-llWGaUl9M9E771xokkJUiNr5fMyJBigI_1789732697554_img_face.jpg
29--Students_Schoolkids_29_Students_Schoolkids_Students_Schoolkids_29_561.jpg_b95015.jpg,train,occluded,85,85,1.0,True,medium,wider_29--Students_Schoolkids_29_Students_Schoolkids_Students_Schoolkids_29_561.jpg,C:\Thực tập LUMI\model_BaiToan\Deepleaning\data\dataset\raw\occluded\29--Students_Schoolkids_29_Students_Schoolkids_Students_Schoolkids_29_561.jpg_b95015.jpg
29--Students_Schoolkids_29_Students_Schoolkids_Students_Schoolkids_29_561.jpg_b95018.jpg,train,occluded,83,83,1.0,True,medium,wider_29--Students_Schoolkids_29_Students_Schoolkids_Students_Schoolkids_29_561.jpg,C:\Thực tập LUMI\model_BaiToan\Deepleaning\data\dataset\raw\occluded\29--Students_Schoolkids_29_Students_Schoolkids_Students_Schoolkids_29_561.jpg_b95018.jpg
2--Demonstration_2_Demonstration_Protesters_2_410.jpg_b72666.jpg,train,occluded,76,76,1.0,True,medium,wider_2--Demonstration_2_Demonstration_Protesters_2_410.jpg,C:\Thực tập LUMI\model_BaiToan\Deepleaning\data\dataset\raw\occluded\2--Demonstration_2_Demonstration_Protesters_2_410.jpg_b72666.jpg
31--Waiter_Waitress_31_Waiter_Waitress_Waiter_Waitress_31_542.jpg_b99431.jpg,train,occluded,89,89,1.0,True,medium,wider_31--Waiter_Waitress_31_Waiter_Waitress_Waiter_Waitress_31_542.jpg,C:\Thực tập LUMI\model_BaiToan\Deepleaning\data\dataset\raw\occluded\31--Waiter_Waitress_31_Waiter_Waitress_Waiter_Waitress_31_542.jpg_b99431.jpg
13--Interview_13_Interview_Interview_Sequences_13_365.jpg_b36431.jpg,train,occluded,110,110,1.0,True,medium,wider_13--Interview_13_Interview_Interview_Sequences_13_365.jpg,C:\Thực tập LUMI\model_BaiToan\Deepleaning\data\dataset\raw\occluded\13--Interview_13_Interview_Interview_Sequences_13_365.jpg_b36431.jpg
12--Group_12_Group_Group_12_Group_Group_12_802.jpg_b30601.jpg,train,occluded,92,92,1.0,True,medium,wider_12--Group_12_Group_Group_12_Group_Group_12_802.jpg,C:\Thực tập LUMI\model_BaiToan\Deepleaning\data\dataset\raw\occluded\12--Group_12_Group_Group_12_Group_Group_12_802.jpg_b30601.jpg
50--Celebration_Or_Party_50_Celebration_Or_Party_houseparty_50_225.jpg_b133852.jpg,train,occluded,93,93,1.0,True,medium,wider_50--Celebration_Or_Party_50_Celebration_Or_Party_houseparty_50_225.jpg,C:\Thực tập LUMI\model_BaiToan\Deepleaning\data\dataset\raw\occluded\50--Celebration_Or_Party_50_Celebration_Or_Party_houseparty_50_225.jpg_b133852.jpg
21--Festival_21_Festival_Festival_21_13.jpg_b87920.jpg,train,occluded,76,76,1.0,True,medium,wider_21--Festival_21_Festival_Festival_21_13.jpg,C:\Thực tập LUMI\model_BaiToan\Deepleaning\data\dataset\raw\occluded\21--Festival_21_Festival_Festival_21_13.jpg_b87920.jpg
21--Festival_21_Festival_Festival_21_13.jpg_b87937.jpg,train,occluded,77,77,1.0,True,medium,wider_21--Festival_21_Festival_Festival_21_13.jpg,C:\Thực tập LUMI\model_BaiToan\Deepleaning\data\dataset\raw\occluded\21--Festival_21_Festival_Festival_21_13.jpg_b87937.jpg
12--Group_12_Group_Team_Organized_Group_12_Group_Team_Organized_Group_12_787.jpg_b35027.jpg,train,occluded,90,90,1.0,True,medium,wider_12--Group_12_Group_Team_Organized_Group_12_Group_Team_Organized_Group_12_787.jpg,C:\Thực tập LUMI\model_BaiToan\Deepleaning\data\dataset\raw\occluded\12--Group_12_Group_Team_Organized_Group_12_Group_Team_Organized_Group_12_787.jpg_b35027.jpg
01a0b7af-d508-7331-9f01-b2f8cc18bfee_nvr-llWGaUl9M9E771xokkJUiNr5fMyJBigI_1789788149231_img_face.jpg,train,occluded,96,96,1.0,True,medium,single_01a0b7af-d508-7331-9f01-b2f8cc18bfee_nvr-llWGaUl9M9E771xokkJUiNr5fMyJBigI_1789788149231_img_face.jpg,C:\Thực tập LUMI\model_BaiToan\Deepleaning\data\dataset\raw\occluded\01a0b7af-d508-7331-9f01-b2f8cc18bfee_nvr-llWGaUl9M9E771xokkJUiNr5fMyJBigI_1789788149231_img_face.jpg
01a0b347-b058-7d40-95b3-144a52adfab0_nvr-llWGaUl9M9E771xokkJUiNr5fMyJBigI_1789714214993_img_face18.jpg,train,occluded,82,82,1.0,True,medium,single_01a0b347-b058-7d40-95b3-144a52adfab0_nvr-llWGaUl9M9E771xokkJUiNr5fMyJBigI_1789714214993_img_face18.jpg,C:\Thực tập LUMI\model_BaiToan\Deepleaning\data\dataset\raw\occluded\01a0b347-b058-7d40-95b3-144a52adfab0_nvr-llWGaUl9M9E771xokkJUiNr5fMyJBigI_1789714214993_img_face18.jpg
01a0b352-a508-7ec1-b095-5b158c056d06_nvr-llWGaUl9M9E771xokkJUiNr5fMyJBigI_1789714933416_img_face1.jpg,train,occluded,87,87,1.0,True,medium,single_01a0b352-a508-7ec1-b095-5b158c056d06_nvr-llWGaUl9M9E771xokkJUiNr5fMyJBigI_1789714933416_img_face1.jpg,C:\Thực tập LUMI\model_BaiToan\Deepleaning\data\dataset\raw\occluded\01a0b352-a508-7ec1-b095-5b158c056d06_nvr-llWGaUl9M9E771xokkJUiNr5fMyJBigI_1789714933416_img_face1.jpg
8--Election_Campain_8_Election_Campain_Election_Campaign_8_271.jpg_b154998.jpg,train,occluded,83,83,1.0,True,medium,wider_8--Election_Campain_8_Election_Campain_Election_Campaign_8_271.jpg,C:\Thực tập LUMI\model_BaiToan\Deepleaning\data\dataset\raw\occluded\8--Election_Campain_8_Election_Campain_Election_Campaign_8_271.jpg_b154998.jpg
25--Soldier_Patrol_25_Soldier_Patrol_Soldier_Patrol_25_531.jpg_b91054.jpg,train,occluded,92,92,1.0,True,medium,wider_25--Soldier_Patrol_25_Soldier_Patrol_Soldier_Patrol_25_531.jpg,C:\Thực tập LUMI\model_BaiToan\Deepleaning\data\dataset\raw\occluded\25--Soldier_Patrol_25_Soldier_Patrol_Soldier_Patrol_25_531.jpg_b91054.jpg
12--Group_12_Group_Group_12_Group_Group_12_530.jpg_b26896.jpg,train,occluded,109,109,1.0,True,medium,wider_12--Group_12_Group_Group_12_Group_Group_12_530.jpg,C:\Thực tập LUMI\model_BaiToan\Deepleaning\data\dataset\raw\occluded\12--Group_12_Group_Group_12_Group_Group_12_530.jpg_b26896.jpg
0--Parade_0_Parade_marchingband_1_134.jpg_b9935.jpg,train,occluded,95,95,1.0,True,medium,wider_0--Parade_0_Parade_marchingband_1_134.jpg,C:\Thực tập LUMI\model_BaiToan\Deepleaning\data\dataset\raw\occluded\0--Parade_0_Parade_marchingband_1_134.jpg_b9935.jpg
01a0b343-f738-70a2-abb5-079eda7e998f_nvr-llWGaUl9M9E771xokkJUiNr5fMyJBigI_1789713971230_img_face12.jpg,train,occluded,92,92,1.0,True,medium,single_01a0b343-f738-70a2-abb5-079eda7e998f_nvr-llWGaUl9M9E771xokkJUiNr5fMyJBigI_1789713971230_img_face12.jpg,C:\Thực tập LUMI\model_BaiToan\Deepleaning\data\dataset\raw\occluded\01a0b343-f738-70a2-abb5-079eda7e998f_nvr-llWGaUl9M9E771xokkJUiNr5fMyJBigI_1789713971230_img_face12.jpg
01a0b428-5fe0-7860-b46e-2d99d76c8d4d_nvr-llWGaUl9M9E771xokkJUiNr5fMyJBigI_1789728940602_img_face2.jpg,train,occluded,75,75,1.0,True,medium,single_01a0b428-5fe0-7860-b46e-2d99d76c8d4d_nvr-llWGaUl9M9E771xokkJUiNr5fMyJBigI_1789728940602_img_face2.jpg,C:\Thực tập LUMI\model_BaiToan\Deepleaning\data\dataset\raw\occluded\01a0b428-5fe0-7860-b46e-2d99d76c8d4d_nvr-llWGaUl9M9E771xokkJUiNr5fMyJBigI_1789728940602_img_face2.jpg
01a0b407-1088-7c40-8f8d-7967d0a165ce_nvr-llWGaUl9M9E771xokkJUiNr5fMyJBigI_1789726757018_img_face2.jpg,train,occluded,90,90,1.0,True,medium,single_01a0b407-1088-7c40-8f8d-7967d0a165ce_nvr-llWGaUl9M9E771xokkJUiNr5fMyJBigI_1789726757018_img_face2.jpg,C:\Thực tập LUMI\model_BaiToan\Deepleaning\data\dataset\raw\occluded\01a0b407-1088-7c40-8f8d-7967d0a165ce_nvr-llWGaUl9M9E771xokkJUiNr5fMyJBigI_1789726757018_img_face2.jpg
01a0b405-6e90-7933-9bbe-de96b2f5c492_nvr-llWGaUl9M9E771xokkJUiNr5fMyJBigI_1789726650738_img_face2.jpg,train,occluded,93,93,1.0,True,medium,single_01a0b405-6e90-7933-9bbe-de96b2f5c492_nvr-llWGaUl9M9E771xokkJUiNr5fMyJBigI_1789726650738_img_face2.jpg,C:\Thực tập LUMI\model_BaiToan\Deepleaning\data\dataset\raw\occluded\01a0b405-6e90-7933-9bbe-de96b2f5c492_nvr-llWGaUl9M9E771xokkJUiNr5fMyJBigI_1789726650738_img_face2.jpg
27--Spa_27_Spa_Spa_27_165.jpg_b92933.jpg,train,occluded,85,85,1.0,True,medium,wider_27--Spa_27_Spa_Spa_27_165.jpg,C:\Thực tập LUMI\model_BaiToan\Deepleaning\data\dataset\raw\occluded\27--Spa_27_Spa_Spa_27_165.jpg_b92933.jpg
8--Election_Campain_8_Election_Campain_Election_Campaign_8_428.jpg_b155948.jpg,train,occluded,83,83,1.0,True,medium,wider_8--Election_Campain_8_Election_Campain_Election_Campaign_8_428.jpg,C:\Thực tập LUMI\model_BaiToan\Deepleaning\data\dataset\raw\occluded\8--Election_Campain_8_Election_Campain_Election_Campaign_8_428.jpg_b155948.jpg
27--Spa_27_Spa_Spa_27_621.jpg_b92858.jpg,train,occluded,87,87,1.0,True,medium,wider_27--Spa_27_Spa_Spa_27_621.jpg,C:\Thực tập LUMI\model_BaiToan\Deepleaning\data\dataset\raw\occluded\27--Spa_27_Spa_Spa_27_621.jpg_b92858.jpg
01a0b958-60a0-7b40-b851-f83fe68b5209_nvr-llWGaUl9M9E771xokkJUiNr5fMyJBigI_1789815972536_img_face1.jpg,train,occluded,86,86,1.0,True,medium,single_01a0b958-60a0-7b40-b851-f83fe68b5209_nvr-llWGaUl9M9E771xokkJUiNr5fMyJBigI_1789815972536_img_face1.jpg,C:\Thực tập LUMI\model_BaiToan\Deepleaning\data\dataset\raw\occluded\01a0b958-60a0-7b40-b851-f83fe68b5209_nvr-llWGaUl9M9E771xokkJUiNr5fMyJBigI_1789815972536_img_face1.jpg
19--Couple_19_Couple_Couple_19_461.jpg_b45486.jpg,train,occluded,96,96,1.0,True,medium,wider_19--Couple_19_Couple_Couple_19_461.jpg,C:\Thực tập LUMI\model_BaiToan\Deepleaning\data\dataset\raw\occluded\19--Couple_19_Couple_Couple_19_461.jpg_b45486.jpg
01a0b816-e7c0-7220-bc96-a7ef17c5f3f7_nvr-llWGaUl9M9E771xokkJUiNr5fMyJBigI_1789794904124_img_face2.jpg,train,occluded,93,93,1.0,True,medium,single_01a0b816-e7c0-7220-bc96-a7ef17c5f3f7_nvr-llWGaUl9M9E771xokkJUiNr5fMyJBigI_1789794904124_img_face2.jpg,C:\Thực tập LUMI\model_BaiToan\Deepleaning\data\dataset\raw\occluded\01a0b816-e7c0-7220-bc96-a7ef17c5f3f7_nvr-llWGaUl9M9E771xokkJUiNr5fMyJBigI_1789794904124_img_face2.jpg
face_0198_crop.jpg,train,occluded,94,94,1.0,True,medium,face_id_face_0198,C:\Thực tập LUMI\model_BaiToan\Deepleaning\data\dataset\raw\occluded\face_0198_crop.jpg
01a0b343-89d8-7fa2-b722-ae1f65bd77fb_nvr-llWGaUl9M9E771xokkJUiNr5fMyJBigI_1789713943134_img_face16.jpg,train,occluded,95,95,1.0,True,medium,single_01a0b343-89d8-7fa2-b722-ae1f65bd77fb_nvr-llWGaUl9M9E771xokkJUiNr5fMyJBigI_1789713943134_img_face16.jpg,C:\Thực tập LUMI\model_BaiToan\Deepleaning\data\dataset\raw\occluded\01a0b343-89d8-7fa2-b722-ae1f65bd77fb_nvr-llWGaUl9M9E771xokkJUiNr5fMyJBigI_1789713943134_img_face16.jpg
29--Students_Schoolkids_29_Students_Schoolkids_Students_Schoolkids_29_181.jpg_b95724.jpg,train,occluded,90,90,1.0,True,medium,wider_29--Students_Schoolkids_29_Students_Schoolkids_Students_Schoolkids_29_181.jpg,C:\Thực tập LUMI\model_BaiToan\Deepleaning\data\dataset\raw\occluded\29--Students_Schoolkids_29_Students_Schoolkids_Students_Schoolkids_29_181.jpg_b95724.jpg
1--Handshaking_1_Handshaking_Handshaking_1_59.jpg_b16492.jpg,train,occluded,102,102,1.0,True,medium,wider_1--Handshaking_1_Handshaking_Handshaking_1_59.jpg,C:\Thực tập LUMI\model_BaiToan\Deepleaning\data\dataset\raw\occluded\1--Handshaking_1_Handshaking_Handshaking_1_59.jpg_b16492.jpg
01a0b341-efb0-7bc1-bf1e-8e84b3f7f0bb_nvr-llWGaUl9M9E771xokkJUiNr5fMyJBigI_1789713838187_img_face6.jpg,train,occluded,84,84,1.0,True,medium,single_01a0b341-efb0-7bc1-bf1e-8e84b3f7f0bb_nvr-llWGaUl9M9E771xokkJUiNr5fMyJBigI_1789713838187_img_face6.jpg,C:\Thực tập LUMI\model_BaiToan\Deepleaning\data\dataset\raw\occluded\01a0b341-efb0-7bc1-bf1e-8e84b3f7f0bb_nvr-llWGaUl9M9E771xokkJUiNr5fMyJBigI_1789713838187_img_face6.jpg
2--Demonstration_2_Demonstration_Demonstration_Or_Protest_2_132.jpg_b76398.jpg,train,occluded,86,86,1.0,True,medium,wider_2--Demonstration_2_Demonstration_Demonstration_Or_Protest_2_132.jpg,C:\Thực tập LUMI\model_BaiToan\Deepleaning\data\dataset\raw\occluded\2--Demonstration_2_Demonstration_Demonstration_Or_Protest_2_132.jpg_b76398.jpg
4--Dancing_4_Dancing_Dancing_4_730.jpg_b119464.jpg,train,occluded,102,102,1.0,True,medium,wider_4--Dancing_4_Dancing_Dancing_4_730.jpg,C:\Thực tập LUMI\model_BaiToan\Deepleaning\data\dataset\raw\occluded\4--Dancing_4_Dancing_Dancing_4_730.jpg_b119464.jpg
13--Interview_13_Interview_Interview_Sequences_13_524.jpg_b36218.jpg,train,occluded,76,76,1.0,True,medium,wider_13--Interview_13_Interview_Interview_Sequences_13_524.jpg,C:\Thực tập LUMI\model_BaiToan\Deepleaning\data\dataset\raw\occluded\13--Interview_13_Interview_Interview_Sequences_13_524.jpg_b36218.jpg
01a0b3b9-cf30-7263-afcf-e65c92e61309_nvr-llWGaUl9M9E771xokkJUiNr5fMyJBigI_1789721694777_img_face1.jpg,train,occluded,106,106,1.0,True,medium,single_01a0b3b9-cf30-7263-afcf-e65c92e61309_nvr-llWGaUl9M9E771xokkJUiNr5fMyJBigI_1789721694777_img_face1.jpg,C:\Thực tập LUMI\model_BaiToan\Deepleaning\data\dataset\raw\occluded\01a0b3b9-cf30-7263-afcf-e65c92e61309_nvr-llWGaUl9M9E771xokkJUiNr5fMyJBigI_1789721694777_img_face1.jpg
33--Running_33_Running_Running_33_70.jpg_b100221.jpg,train,occluded,107,107,1.0,True,medium,wider_33--Running_33_Running_Running_33_70.jpg,C:\Thực tập LUMI\model_BaiToan\Deepleaning\data\dataset\raw\occluded\33--Running_33_Running_Running_33_70.jpg_b100221.jpg
2--Demonstration_2_Demonstration_Protesters_2_903.jpg_b73031.jpg,train,occluded,100,100,1.0,True,medium,wider_2--Demonstration_2_Demonstration_Protesters_2_903.jpg,C:\Thực tập LUMI\model_BaiToan\Deepleaning\data\dataset\raw\occluded\2--Demonstration_2_Demonstration_Protesters_2_903.jpg_b73031.jpg
01a0b3c1-6498-7310-af78-021d03443abc_nvr-llWGaUl9M9E771xokkJUiNr5fMyJBigI_1789722191815_img_face2.jpg,train,occluded,78,78,1.0,True,medium,single_01a0b3c1-6498-7310-af78-021d03443abc_nvr-llWGaUl9M9E771xokkJUiNr5fMyJBigI_1789722191815_img_face2.jpg,C:\Thực tập LUMI\model_BaiToan\Deepleaning\data\dataset\raw\occluded\01a0b3c1-6498-7310-af78-021d03443abc_nvr-llWGaUl9M9E771xokkJUiNr5fMyJBigI_1789722191815_img_face2.jpg
47--Matador_Bullfighter_47_Matador_Bullfighter_Matador_Bullfighter_47_781.jpg_b128749.jpg,train,occluded,78,78,1.0,True,medium,wider_47--Matador_Bullfighter_47_Matador_Bullfighter_Matador_Bullfighter_47_781.jpg,C:\Thực tập LUMI\model_BaiToan\Deepleaning\data\dataset\raw\occluded\47--Matador_Bullfighter_47_Matador_Bullfighter_Matador_Bullfighter_47_781.jpg_b128749.jpg
7--Cheering_7_Cheering_Cheering_7_662.jpg_b148310.jpg,train,occluded,90,90,1.0,True,medium,wider_7--Cheering_7_Cheering_Cheering_7_662.jpg,C:\Thực tập LUMI\model_BaiToan\Deepleaning\data\dataset\raw\occluded\7--Cheering_7_Cheering_Cheering_7_662.jpg_b148310.jpg
53--Raid_53_Raid_policeraid_53_318.jpg_b136504.jpg,train,occluded,81,81,1.0,True,medium,wider_53--Raid_53_Raid_policeraid_53_318.jpg,C:\Thực tập LUMI\model_BaiToan\Deepleaning\data\dataset\raw\occluded\53--Raid_53_Raid_policeraid_53_318.jpg_b136504.jpg
31--Waiter_Waitress_31_Waiter_Waitress_Waiter_Waitress_31_283.jpg_b98935.jpg,train,occluded,106,106,1.0,True,medium,wider_31--Waiter_Waitress_31_Waiter_Waitress_Waiter_Waitress_31_283.jpg,C:\Thực tập LUMI\model_BaiToan\Deepleaning\data\dataset\raw\occluded\31--Waiter_Waitress_31_Waiter_Waitress_Waiter_Waitress_31_283.jpg_b98935.jpg
53--Raid_53_Raid_policeraid_53_21.jpg_b136074.jpg,train,occluded,108,108,1.0,True,medium,wider_53--Raid_53_Raid_policeraid_53_21.jpg,C:\Thực tập LUMI\model_BaiToan\Deepleaning\data\dataset\raw\occluded\53--Raid_53_Raid_policeraid_53_21.jpg_b136074.jpg
4--Dancing_4_Dancing_Dancing_4_508.jpg_b118921.jpg,train,occluded,97,97,1.0,True,medium,wider_4--Dancing_4_Dancing_Dancing_4_508.jpg,C:\Thực tập LUMI\model_BaiToan\Deepleaning\data\dataset\raw\occluded\4--Dancing_4_Dancing_Dancing_4_508.jpg_b118921.jpg
31--Waiter_Waitress_31_Waiter_Waitress_Waiter_Waitress_31_838.jpg_b98804.jpg,train,occluded,91,91,1.0,True,medium,wider_31--Waiter_Waitress_31_Waiter_Waitress_Waiter_Waitress_31_838.jpg,C:\Thực tập LUMI\model_BaiToan\Deepleaning\data\dataset\raw\occluded\31--Waiter_Waitress_31_Waiter_Waitress_Waiter_Waitress_31_838.jpg_b98804.jpg
35--Basketball_35_Basketball_Basketball_35_840.jpg_b103070.jpg,train,occluded,76,76,1.0,True,medium,wider_35--Basketball_35_Basketball_Basketball_35_840.jpg,C:\Thực tập LUMI\model_BaiToan\Deepleaning\data\dataset\raw\occluded\35--Basketball_35_Basketball_Basketball_35_840.jpg_b103070.jpg
13--Interview_13_Interview_Interview_On_Location_13_490.jpg_b37168.jpg,train,occluded,96,96,1.0,True,medium,wider_13--Interview_13_Interview_Interview_On_Location_13_490.jpg,C:\Thực tập LUMI\model_BaiToan\Deepleaning\data\dataset\raw\occluded\13--Interview_13_Interview_Interview_On_Location_13_490.jpg_b37168.jpg
01a0b34b-61a8-7773-9961-45ac8896d6f4_nvr-llWGaUl9M9E771xokkJUiNr5fMyJBigI_1789714457897_img_face12.jpg,train,occluded,83,83,1.0,True,medium,single_01a0b34b-61a8-7773-9961-45ac8896d6f4_nvr-llWGaUl9M9E771xokkJUiNr5fMyJBigI_1789714457897_img_face12.jpg,C:\Thực tập LUMI\model_BaiToan\Deepleaning\data\dataset\raw\occluded\01a0b34b-61a8-7773-9961-45ac8896d6f4_nvr-llWGaUl9M9E771xokkJUiNr5fMyJBigI_1789714457897_img_face12.jpg
01a0b342-da10-7a82-b30b-18ef916855c3_nvr-llWGaUl9M9E771xokkJUiNr5fMyJBigI_1789713898039_img_face16.jpg,train,occluded,96,96,1.0,True,medium,single_01a0b342-da10-7a82-b30b-18ef916855c3_nvr-llWGaUl9M9E771xokkJUiNr5fMyJBigI_1789713898039_img_face16.jpg,C:\Thực tập LUMI\model_BaiToan\Deepleaning\data\dataset\raw\occluded\01a0b342-da10-7a82-b30b-18ef916855c3_nvr-llWGaUl9M9E771xokkJUiNr5fMyJBigI_1789713898039_img_face16.jpg
6--Funeral_6_Funeral_Funeral_6_105.jpg_b145678.jpg,train,occluded,81,81,1.0,True,medium,wider_6--Funeral_6_Funeral_Funeral_6_105.jpg,C:\Thực tập LUMI\model_BaiToan\Deepleaning\data\dataset\raw\occluded\6--Funeral_6_Funeral_Funeral_6_105.jpg_b145678.jpg
01a0b413-93a8-7ec1-ab9b-f38ec3436d06_nvr-llWGaUl9M9E771xokkJUiNr5fMyJBigI_1789727577841_img_face2.jpg,train,occluded,85,85,1.0,True,medium,single_01a0b413-93a8-7ec1-ab9b-f38ec3436d06_nvr-llWGaUl9M9E771xokkJUiNr5fMyJBigI_1789727577841_img_face2.jpg,C:\Thực tập LUMI\model_BaiToan\Deepleaning\data\dataset\raw\occluded\01a0b413-93a8-7ec1-ab9b-f38ec3436d06_nvr-llWGaUl9M9E771xokkJUiNr5fMyJBigI_1789727577841_img_face2.jpg
01a0b342-f180-7ad0-a8a1-ec9dfef62044_nvr-llWGaUl9M9E771xokkJUiNr5fMyJBigI_1789713904744_img_face11.jpg,train,occluded,85,85,1.0,True,medium,single_01a0b342-f180-7ad0-a8a1-ec9dfef62044_nvr-llWGaUl9M9E771xokkJUiNr5fMyJBigI_1789713904744_img_face11.jpg,C:\Thực tập LUMI\model_BaiToan\Deepleaning\data\dataset\raw\occluded\01a0b342-f180-7ad0-a8a1-ec9dfef62044_nvr-llWGaUl9M9E771xokkJUiNr5fMyJBigI_1789713904744_img_face11.jpg
01a0b352-a120-7b90-872b-2b499a2c2064_nvr-llWGaUl9M9E771xokkJUiNr5fMyJBigI_1789714932155_img_face5.jpg,train,occluded,86,86,1.0,True,medium,single_01a0b352-a120-7b90-872b-2b499a2c2064_nvr-llWGaUl9M9E771xokkJUiNr5fMyJBigI_1789714932155_img_face5.jpg,C:\Thực tập LUMI\model_BaiToan\Deepleaning\data\dataset\raw\occluded\01a0b352-a120-7b90-872b-2b499a2c2064_nvr-llWGaUl9M9E771xokkJUiNr5fMyJBigI_1789714932155_img_face5.jpg
2--Demonstration_2_Demonstration_Demonstrators_2_688.jpg_b65042.jpg,train,occluded,86,86,1.0,True,medium,wider_2--Demonstration_2_Demonstration_Demonstrators_2_688.jpg,C:\Thực tập LUMI\model_BaiToan\Deepleaning\data\dataset\raw\occluded\2--Demonstration_2_Demonstration_Demonstrators_2_688.jpg_b65042.jpg
2--Demonstration_2_Demonstration_Demonstration_Or_Protest_2_424.jpg_b47084.jpg,train,occluded,95,95,1.0,True,medium,wider_2--Demonstration_2_Demonstration_Demonstration_Or_Protest_2_424.jpg,C:\Thực tập LUMI\model_BaiToan\Deepleaning\data\dataset\raw\occluded\2--Demonstration_2_Demonstration_Demonstration_Or_Protest_2_424.jpg_b47084.jpg
23--Shoppers_23_Shoppers_Shoppers_23_460.jpg_b90398.jpg,train,occluded,78,78,1.0,True,medium,wider_23--Shoppers_23_Shoppers_Shoppers_23_460.jpg,C:\Thực tập LUMI\model_BaiToan\Deepleaning\data\dataset\raw\occluded\23--Shoppers_23_Shoppers_Shoppers_23_460.jpg_b90398.jpg
01a0b414-3ba0-75c0-b9ad-13e9a54e73d3_nvr-llWGaUl9M9E771xokkJUiNr5fMyJBigI_1789727620325_img_face2.jpg,train,occluded,85,85,1.0,True,medium,single_01a0b414-3ba0-75c0-b9ad-13e9a54e73d3_nvr-llWGaUl9M9E771xokkJUiNr5fMyJBigI_1789727620325_img_face2.jpg,C:\Thực tập LUMI\model_BaiToan\Deepleaning\data\dataset\raw\occluded\01a0b414-3ba0-75c0-b9ad-13e9a54e73d3_nvr-llWGaUl9M9E771xokkJUiNr5fMyJBigI_1789727620325_img_face2.jpg
2--Demonstration_2_Demonstration_Protesters_2_724.jpg_b72166.jpg,train,occluded,81,81,1.0,True,medium,wider_2--Demonstration_2_Demonstration_Protesters_2_724.jpg,C:\Thực tập LUMI\model_BaiToan\Deepleaning\data\dataset\raw\occluded\2--Demonstration_2_Demonstration_Protesters_2_724.jpg_b72166.jpg
2--Demonstration_2_Demonstration_Protesters_2_724.jpg_b72170.jpg,train,occluded,135,135,1.0,True,large,wider_2--Demonstration_2_Demonstration_Protesters_2_724.jpg,C:\Thực tập LUMI\model_BaiToan\Deepleaning\data\dataset\raw\occluded\2--Demonstration_2_Demonstration_Protesters_2_724.jpg_b72170.jpg
35--Basketball_35_Basketball_playingbasketball_35_861.jpg_b111435.jpg,train,occluded,108,108,1.0,True,medium,wider_35--Basketball_35_Basketball_playingbasketball_35_861.jpg,C:\Thực tập LUMI\model_BaiToan\Deepleaning\data\dataset\raw\occluded\35--Basketball_35_Basketball_playingbasketball_35_861.jpg_b111435.jpg
31--Waiter_Waitress_31_Waiter_Waitress_Waiter_Waitress_31_560.jpg_b99081.jpg,train,occluded,100,100,1.0,True,medium,wider_31--Waiter_Waitress_31_Waiter_Waitress_Waiter_Waitress_31_560.jpg,C:\Thực tập LUMI\model_BaiToan\Deepleaning\data\dataset\raw\occluded\31--Waiter_Waitress_31_Waiter_Waitress_Waiter_Waitress_31_560.jpg_b99081.jpg
25--Soldier_Patrol_25_Soldier_Patrol_Soldier_Patrol_25_548.jpg_b91241.jpg,train,occluded,85,85,1.0,True,medium,wider_25--Soldier_Patrol_25_Soldier_Patrol_Soldier_Patrol_25_548.jpg,C:\Thực tập LUMI\model_BaiToan\Deepleaning\data\dataset\raw\occluded\25--Soldier_Patrol_25_Soldier_Patrol_Soldier_Patrol_25_548.jpg_b91241.jpg
1--Handshaking_1_Handshaking_Handshaking_1_163.jpg_b16885.jpg,train,occluded,79,79,1.0,True,medium,wider_1--Handshaking_1_Handshaking_Handshaking_1_163.jpg,C:\Thực tập LUMI\model_BaiToan\Deepleaning\data\dataset\raw\occluded\1--Handshaking_1_Handshaking_Handshaking_1_163.jpg_b16885.jpg
50--Celebration_Or_Party_50_Celebration_Or_Party_houseparty_50_309.jpg_b133780.jpg,train,occluded,109,109,1.0,True,medium,wider_50--Celebration_Or_Party_50_Celebration_Or_Party_houseparty_50_309.jpg,C:\Thực tập LUMI\model_BaiToan\Deepleaning\data\dataset\raw\occluded\50--Celebration_Or_Party_50_Celebration_Or_Party_houseparty_50_309.jpg_b133780.jpg
01a0b368-05b0-73a2-97df-c265918a446c_nvr-llWGaUl9M9E771xokkJUiNr5fMyJBigI_1789716334005_img_face1.jpg,train,occluded,77,77,1.0,True,medium,single_01a0b368-05b0-73a2-97df-c265918a446c_nvr-llWGaUl9M9E771xokkJUiNr5fMyJBigI_1789716334005_img_face1.jpg,C:\Thực tập LUMI\model_BaiToan\Deepleaning\data\dataset\raw\occluded\01a0b368-05b0-73a2-97df-c265918a446c_nvr-llWGaUl9M9E771xokkJUiNr5fMyJBigI_1789716334005_img_face1.jpg
01a0b241-40c0-7610-ae8a-c154a57aadf9_nvr-llWGaUl9M9E771xokkJUiNr5fMyJBigI_1789697016751_img_face2.jpg,train,occluded,102,102,1.0,True,medium,single_01a0b241-40c0-7610-ae8a-c154a57aadf9_nvr-llWGaUl9M9E771xokkJUiNr5fMyJBigI_1789697016751_img_face2.jpg,C:\Thực tập LUMI\model_BaiToan\Deepleaning\data\dataset\raw\occluded\01a0b241-40c0-7610-ae8a-c154a57aadf9_nvr-llWGaUl9M9E771xokkJUiNr5fMyJBigI_1789697016751_img_face2.jpg
01a0b406-ca38-7423-867d-800e6edf8385_nvr-llWGaUl9M9E771xokkJUiNr5fMyJBigI_1789726738975_img_face1.jpg,train,occluded,94,94,1.0,True,medium,single_01a0b406-ca38-7423-867d-800e6edf8385_nvr-llWGaUl9M9E771xokkJUiNr5fMyJBigI_1789726738975_img_face1.jpg,C:\Thực tập LUMI\model_BaiToan\Deepleaning\data\dataset\raw\occluded\01a0b406-ca38-7423-867d-800e6edf8385_nvr-llWGaUl9M9E771xokkJUiNr5fMyJBigI_1789726738975_img_face1.jpg
01a0b348-6020-7a21-98c0-9c34a352b52c_nvr-llWGaUl9M9E771xokkJUiNr5fMyJBigI_1789714260018_img_face9.jpg,train,occluded,79,79,1.0,True,medium,single_01a0b348-6020-7a21-98c0-9c34a352b52c_nvr-llWGaUl9M9E771xokkJUiNr5fMyJBigI_1789714260018_img_face9.jpg,C:\Thực tập LUMI\model_BaiToan\Deepleaning\data\dataset\raw\occluded\01a0b348-6020-7a21-98c0-9c34a352b52c_nvr-llWGaUl9M9E771xokkJUiNr5fMyJBigI_1789714260018_img_face9.jpg
29--Students_Schoolkids_29_Students_Schoolkids_Students_Schoolkids_29_551.jpg_b95126.jpg,train,occluded,92,92,1.0,True,medium,wider_29--Students_Schoolkids_29_Students_Schoolkids_Students_Schoolkids_29_551.jpg,C:\Thực tập LUMI\model_BaiToan\Deepleaning\data\dataset\raw\occluded\29--Students_Schoolkids_29_Students_Schoolkids_Students_Schoolkids_29_551.jpg_b95126.jpg
29--Students_Schoolkids_29_Students_Schoolkids_Students_Schoolkids_29_551.jpg_b95131.jpg,train,occluded,119,119,1.0,True,large,wider_29--Students_Schoolkids_29_Students_Schoolkids_Students_Schoolkids_29_551.jpg,C:\Thực tập LUMI\model_BaiToan\Deepleaning\data\dataset\raw\occluded\29--Students_Schoolkids_29_Students_Schoolkids_Students_Schoolkids_29_551.jpg_b95131.jpg
6--Funeral_6_Funeral_Funeral_6_160.jpg_b36678.jpg,train,occluded,91,91,1.0,True,medium,wider_6--Funeral_6_Funeral_Funeral_6_160.jpg,C:\Thực tập LUMI\model_BaiToan\Deepleaning\data\dataset\raw\occluded\6--Funeral_6_Funeral_Funeral_6_160.jpg_b36678.jpg
6--Funeral_6_Funeral_Funeral_6_160.jpg_b36693.jpg,train,occluded,69,69,1.0,True,small,wider_6--Funeral_6_Funeral_Funeral_6_160.jpg,C:\Thực tập LUMI\model_BaiToan\Deepleaning\data\dataset\raw\occluded\6--Funeral_6_Funeral_Funeral_6_160.jpg_b36693.jpg
01a0b407-1088-7c40-8f8d-7967d0a165ce_nvr-llWGaUl9M9E771xokkJUiNr5fMyJBigI_1789726757018_img_face1.jpg,train,occluded,86,86,1.0,True,medium,single_01a0b407-1088-7c40-8f8d-7967d0a165ce_nvr-llWGaUl9M9E771xokkJUiNr5fMyJBigI_1789726757018_img_face1.jpg,C:\Thực tập LUMI\model_BaiToan\Deepleaning\data\dataset\raw\occluded\01a0b407-1088-7c40-8f8d-7967d0a165ce_nvr-llWGaUl9M9E771xokkJUiNr5fMyJBigI_1789726757018_img_face1.jpg
01a0b78e-acc0-7e91-a6de-3ed339b23b3e_nvr-llWGaUl9M9E771xokkJUiNr5fMyJBigI_1789785976394_img_face.jpg,train,occluded,84,84,1.0,True,medium,single_01a0b78e-acc0-7e91-a6de-3ed339b23b3e_nvr-llWGaUl9M9E771xokkJUiNr5fMyJBigI_1789785976394_img_face.jpg,C:\Thực tập LUMI\model_BaiToan\Deepleaning\data\dataset\raw\occluded\01a0b78e-acc0-7e91-a6de-3ed339b23b3e_nvr-llWGaUl9M9E771xokkJUiNr5fMyJBigI_1789785976394_img_face.jpg
0--Parade_0_Parade_marchingband_1_628.jpg_b7099.jpg,train,occluded,94,94,1.0,True,medium,wider_0--Parade_0_Parade_marchingband_1_628.jpg,C:\Thực tập LUMI\model_BaiToan\Deepleaning\data\dataset\raw\occluded\0--Parade_0_Parade_marchingband_1_628.jpg_b7099.jpg
0--Parade_0_Parade_marchingband_1_628.jpg_b7100.jpg,train,occluded,64,64,1.0,True,small,wider_0--Parade_0_Parade_marchingband_1_628.jpg,C:\Thực tập LUMI\model_BaiToan\Deepleaning\data\dataset\raw\occluded\0--Parade_0_Parade_marchingband_1_628.jpg_b7100.jpg
22--Picnic_22_Picnic_Picnic_22_339.jpg_b89186.jpg,train,occluded,74,74,1.0,True,small,wider_22--Picnic_22_Picnic_Picnic_22_339.jpg,C:\Thực tập LUMI\model_BaiToan\Deepleaning\data\dataset\raw\occluded\22--Picnic_22_Picnic_Picnic_22_339.jpg_b89186.jpg
01a0b45c-c208-7ec1-8193-665172ab8b15_nvr-llWGaUl9M9E771xokkJUiNr5fMyJBigI_1789732373399_img_face.jpg,train,occluded,66,66,1.0,True,small,single_01a0b45c-c208-7ec1-8193-665172ab8b15_nvr-llWGaUl9M9E771xokkJUiNr5fMyJBigI_1789732373399_img_face.jpg,C:\Thực tập LUMI\model_BaiToan\Deepleaning\data\dataset\raw\occluded\01a0b45c-c208-7ec1-8193-665172ab8b15_nvr-llWGaUl9M9E771xokkJUiNr5fMyJBigI_1789732373399_img_face.jpg
01a0b240-7988-7132-96fa-e3dca0d5ec7b_nvr-llWGaUl9M9E771xokkJUiNr5fMyJBigI_1789696965626_img_face.jpg,train,occluded,66,66,1.0,True,small,single_01a0b240-7988-7132-96fa-e3dca0d5ec7b_nvr-llWGaUl9M9E771xokkJUiNr5fMyJBigI_1789696965626_img_face.jpg,C:\Thực tập LUMI\model_BaiToan\Deepleaning\data\dataset\raw\occluded\01a0b240-7988-7132-96fa-e3dca0d5ec7b_nvr-llWGaUl9M9E771xokkJUiNr5fMyJBigI_1789696965626_img_face.jpg
28--Sports_Fan_28_Sports_Fan_Sports_Fan_28_113.jpg_b94184.jpg,train,occluded,73,73,1.0,True,small,wider_28--Sports_Fan_28_Sports_Fan_Sports_Fan_28_113.jpg,C:\Thực tập LUMI\model_BaiToan\Deepleaning\data\dataset\raw\occluded\28--Sports_Fan_28_Sports_Fan_Sports_Fan_28_113.jpg_b94184.jpg
7--Cheering_7_Cheering_Cheering_7_327.jpg_b148408.jpg,train,occluded,73,73,1.0,True,small,wider_7--Cheering_7_Cheering_Cheering_7_327.jpg,C:\Thực tập LUMI\model_BaiToan\Deepleaning\data\dataset\raw\occluded\7--Cheering_7_Cheering_Cheering_7_327.jpg_b148408.jpg
7--Cheering_7_Cheering_Cheering_7_327.jpg_b148485.jpg,train,occluded,76,76,1.0,True,medium,wider_7--Cheering_7_Cheering_Cheering_7_327.jpg,C:\Thực tập LUMI\model_BaiToan\Deepleaning\data\dataset\raw\occluded\7--Cheering_7_Cheering_Cheering_7_327.jpg_b148485.jpg
7--Cheering_7_Cheering_Cheering_7_683.jpg_b150466.jpg,train,occluded,74,74,1.0,True,small,wider_7--Cheering_7_Cheering_Cheering_7_683.jpg,C:\Thực tập LUMI\model_BaiToan\Deepleaning\data\dataset\raw\occluded\7--Cheering_7_Cheering_Cheering_7_683.jpg_b150466.jpg
35--Basketball_35_Basketball_playingbasketball_35_27.jpg_b108193.jpg,train,occluded,65,65,1.0,True,small,wider_35--Basketball_35_Basketball_playingbasketball_35_27.jpg,C:\Thực tập LUMI\model_BaiToan\Deepleaning\data\dataset\raw\occluded\35--Basketball_35_Basketball_playingbasketball_35_27.jpg_b108193.jpg
face_0019_crop.jpg,train,occluded,45,45,1.0,True,small,face_id_face_0019,C:\Thực tập LUMI\model_BaiToan\Deepleaning\data\dataset\raw\occluded\face_0019_crop.jpg
34--Baseball_34_Baseball_Baseball_34_194.jpg_b100793.jpg,train,occluded,64,64,1.0,True,small,wider_34--Baseball_34_Baseball_Baseball_34_194.jpg,C:\Thực tập LUMI\model_BaiToan\Deepleaning\data\dataset\raw\occluded\34--Baseball_34_Baseball_Baseball_34_194.jpg_b100793.jpg
23--Shoppers_23_Shoppers_Shoppers_23_537.jpg_b90078.jpg,train,occluded,70,70,1.0,True,small,wider_23--Shoppers_23_Shoppers_Shoppers_23_537.jpg,C:\Thực tập LUMI\model_BaiToan\Deepleaning\data\dataset\raw\occluded\23--Shoppers_23_Shoppers_Shoppers_23_537.jpg_b90078.jpg
57--Angler_57_Angler_peoplefishing_57_616.jpg_b141115.jpg,train,occluded,70,70,1.0,True,small,wider_57--Angler_57_Angler_peoplefishing_57_616.jpg,C:\Thực tập LUMI\model_BaiToan\Deepleaning\data\dataset\raw\occluded\57--Angler_57_Angler_peoplefishing_57_616.jpg_b141115.jpg
26--Soldier_Drilling_26_Soldier_Drilling_Soldiers_Drilling_26_133.jpg_b92307.jpg,train,occluded,66,66,1.0,True,small,wider_26--Soldier_Drilling_26_Soldier_Drilling_Soldiers_Drilling_26_133.jpg,C:\Thực tập LUMI\model_BaiToan\Deepleaning\data\dataset\raw\occluded\26--Soldier_Drilling_26_Soldier_Drilling_Soldiers_Drilling_26_133.jpg_b92307.jpg
11--Meeting_11_Meeting_Meeting_11_Meeting_Meeting_11_164.jpg_b23897.jpg,train,occluded,68,68,1.0,True,small,wider_11--Meeting_11_Meeting_Meeting_11_Meeting_Meeting_11_164.jpg,C:\Thực tập LUMI\model_BaiToan\Deepleaning\data\dataset\raw\occluded\11--Meeting_11_Meeting_Meeting_11_Meeting_Meeting_11_164.jpg_b23897.jpg
37--Soccer_37_Soccer_soccer_ball_37_404.jpg_b115648.jpg,train,occluded,72,72,1.0,True,small,wider_37--Soccer_37_Soccer_soccer_ball_37_404.jpg,C:\Thực tập LUMI\model_BaiToan\Deepleaning\data\dataset\raw\occluded\37--Soccer_37_Soccer_soccer_ball_37_404.jpg_b115648.jpg
01a0b3bc-3090-7fb0-ac9c-c20e5afb9350_nvr-llWGaUl9M9E771xokkJUiNr5fMyJBigI_1789721850903_img_face.jpg,train,occluded,57,57,1.0,True,small,single_01a0b3bc-3090-7fb0-ac9c-c20e5afb9350_nvr-llWGaUl9M9E771xokkJUiNr5fMyJBigI_1789721850903_img_face.jpg,C:\Thực tập LUMI\model_BaiToan\Deepleaning\data\dataset\raw\occluded\01a0b3bc-3090-7fb0-ac9c-c20e5afb9350_nvr-llWGaUl9M9E771xokkJUiNr5fMyJBigI_1789721850903_img_face.jpg
2--Demonstration_2_Demonstration_Political_Rally_2_2.jpg_b58142.jpg,train,occluded,70,70,1.0,True,small,wider_2--Demonstration_2_Demonstration_Political_Rally_2_2.jpg,C:\Thực tập LUMI\model_BaiToan\Deepleaning\data\dataset\raw\occluded\2--Demonstration_2_Demonstration_Political_Rally_2_2.jpg_b58142.jpg
01a0b343-89d8-7fa2-b722-ae1f65bd77fb_nvr-llWGaUl9M9E771xokkJUiNr5fMyJBigI_1789713943134_img_face13.jpg,train,occluded,67,67,1.0,True,small,single_01a0b343-89d8-7fa2-b722-ae1f65bd77fb_nvr-llWGaUl9M9E771xokkJUiNr5fMyJBigI_1789713943134_img_face13.jpg,C:\Thực tập LUMI\model_BaiToan\Deepleaning\data\dataset\raw\occluded\01a0b343-89d8-7fa2-b722-ae1f65bd77fb_nvr-llWGaUl9M9E771xokkJUiNr5fMyJBigI_1789713943134_img_face13.jpg
18--Concerts_18_Concerts_Concerts_18_610.jpg_b43627.jpg,train,occluded,73,73,1.0,True,small,wider_18--Concerts_18_Concerts_Concerts_18_610.jpg,C:\Thực tập LUMI\model_BaiToan\Deepleaning\data\dataset\raw\occluded\18--Concerts_18_Concerts_Concerts_18_610.jpg_b43627.jpg
12--Group_12_Group_Large_Group_12_Group_Large_Group_12_944.jpg_b34991.jpg,train,occluded,64,64,1.0,True,small,wider_12--Group_12_Group_Large_Group_12_Group_Large_Group_12_944.jpg,C:\Thực tập LUMI\model_BaiToan\Deepleaning\data\dataset\raw\occluded\12--Group_12_Group_Large_Group_12_Group_Large_Group_12_944.jpg_b34991.jpg
52--Photographers_52_Photographers_photographertakingphoto_52_404.jpg_b135770.jpg,train,occluded,74,74,1.0,True,small,wider_52--Photographers_52_Photographers_photographertakingphoto_52_404.jpg,C:\Thực tập LUMI\model_BaiToan\Deepleaning\data\dataset\raw\occluded\52--Photographers_52_Photographers_photographertakingphoto_52_404.jpg_b135770.jpg
2--Demonstration_2_Demonstration_Political_Rally_2_9.jpg_b65931.jpg,train,occluded,66,66,1.0,True,small,wider_2--Demonstration_2_Demonstration_Political_Rally_2_9.jpg,C:\Thực tập LUMI\model_BaiToan\Deepleaning\data\dataset\raw\occluded\2--Demonstration_2_Demonstration_Political_Rally_2_9.jpg_b65931.jpg
2--Demonstration_2_Demonstration_Demonstration_Or_Protest_2_453.jpg_b17645.jpg,train,occluded,66,66,1.0,True,small,wider_2--Demonstration_2_Demonstration_Demonstration_Or_Protest_2_453.jpg,C:\Thực tập LUMI\model_BaiToan\Deepleaning\data\dataset\raw\occluded\2--Demonstration_2_Demonstration_Demonstration_Or_Protest_2_453.jpg_b17645.jpg
01a0b3c1-8ba8-71c0-b06c-2f9dda532ad6_nvr-llWGaUl9M9E771xokkJUiNr5fMyJBigI_1789722201818_img_face.jpg,train,occluded,65,65,1.0,True,small,single_01a0b3c1-8ba8-71c0-b06c-2f9dda532ad6_nvr-llWGaUl9M9E771xokkJUiNr5fMyJBigI_1789722201818_img_face.jpg,C:\Thực tập LUMI\model_BaiToan\Deepleaning\data\dataset\raw\occluded\01a0b3c1-8ba8-71c0-b06c-2f9dda532ad6_nvr-llWGaUl9M9E771xokkJUiNr5fMyJBigI_1789722201818_img_face.jpg
0--Parade_0_Parade_marchingband_1_404.jpg_b1712.jpg,train,occluded,70,70,1.0,True,small,wider_0--Parade_0_Parade_marchingband_1_404.jpg,C:\Thực tập LUMI\model_BaiToan\Deepleaning\data\dataset\raw\occluded\0--Parade_0_Parade_marchingband_1_404.jpg_b1712.jpg
01a0b75a-bfc8-77c3-a5c9-6a0fa0263a4d_nvr-llWGaUl9M9E771xokkJUiNr5fMyJBigI_1789782573031_img_face.jpg,train,occluded,56,56,1.0,True,small,single_01a0b75a-bfc8-77c3-a5c9-6a0fa0263a4d_nvr-llWGaUl9M9E771xokkJUiNr5fMyJBigI_1789782573031_img_face.jpg,C:\Thực tập LUMI\model_BaiToan\Deepleaning\data\dataset\raw\occluded\01a0b75a-bfc8-77c3-a5c9-6a0fa0263a4d_nvr-llWGaUl9M9E771xokkJUiNr5fMyJBigI_1789782573031_img_face.jpg
44--Aerobics_44_Aerobics_Aerobics_44_176.jpg_b123980.jpg,train,occluded,73,73,1.0,True,small,wider_44--Aerobics_44_Aerobics_Aerobics_44_176.jpg,C:\Thực tập LUMI\model_BaiToan\Deepleaning\data\dataset\raw\occluded\44--Aerobics_44_Aerobics_Aerobics_44_176.jpg_b123980.jpg
12--Group_12_Group_Large_Group_12_Group_Large_Group_12_261.jpg_b31052.jpg,train,occluded,64,64,1.0,True,small,wider_12--Group_12_Group_Large_Group_12_Group_Large_Group_12_261.jpg,C:\Thực tập LUMI\model_BaiToan\Deepleaning\data\dataset\raw\occluded\12--Group_12_Group_Large_Group_12_Group_Large_Group_12_261.jpg_b31052.jpg
35--Basketball_35_Basketball_Basketball_35_84.jpg_b105785.jpg,train,occluded,69,69,1.0,True,small,wider_35--Basketball_35_Basketball_Basketball_35_84.jpg,C:\Thực tập LUMI\model_BaiToan\Deepleaning\data\dataset\raw\occluded\35--Basketball_35_Basketball_Basketball_35_84.jpg_b105785.jpg
01a0b75a-8918-7d61-bdcd-f4282a2d449f_nvr-llWGaUl9M9E771xokkJUiNr5fMyJBigI_1789782559064_img_face.jpg,train,occluded,44,44,1.0,True,small,single_01a0b75a-8918-7d61-bdcd-f4282a2d449f_nvr-llWGaUl9M9E771xokkJUiNr5fMyJBigI_1789782559064_img_face.jpg,C:\Thực tập LUMI\model_BaiToan\Deepleaning\data\dataset\raw\occluded\01a0b75a-8918-7d61-bdcd-f4282a2d449f_nvr-llWGaUl9M9E771xokkJUiNr5fMyJBigI_1789782559064_img_face.jpg
18--Concerts_18_Concerts_Concerts_18_640.jpg_b43427.jpg,train,occluded,66,66,1.0,True,small,wider_18--Concerts_18_Concerts_Concerts_18_640.jpg,C:\Thực tập LUMI\model_BaiToan\Deepleaning\data\dataset\raw\occluded\18--Concerts_18_Concerts_Concerts_18_640.jpg_b43427.jpg
8--Election_Campain_8_Election_Campain_Election_Campaign_8_320.jpg_b154933.jpg,train,occluded,64,64,1.0,True,small,wider_8--Election_Campain_8_Election_Campain_Election_Campaign_8_320.jpg,C:\Thực tập LUMI\model_BaiToan\Deepleaning\data\dataset\raw\occluded\8--Election_Campain_8_Election_Campain_Election_Campaign_8_320.jpg_b154933.jpg
19--Couple_19_Couple_Couple_19_133.jpg_b45409.jpg,train,occluded,74,74,1.0,True,small,wider_19--Couple_19_Couple_Couple_19_133.jpg,C:\Thực tập LUMI\model_BaiToan\Deepleaning\data\dataset\raw\occluded\19--Couple_19_Couple_Couple_19_133.jpg_b45409.jpg
01a0b754-14c0-7921-8487-f62b1f3e73ba_nvr-llWGaUl9M9E771xokkJUiNr5fMyJBigI_1789782136771_img_face.jpg,train,occluded,56,56,1.0,True,small,single_01a0b754-14c0-7921-8487-f62b1f3e73ba_nvr-llWGaUl9M9E771xokkJUiNr5fMyJBigI_1789782136771_img_face.jpg,C:\Thực tập LUMI\model_BaiToan\Deepleaning\data\dataset\raw\occluded\01a0b754-14c0-7921-8487-f62b1f3e73ba_nvr-llWGaUl9M9E771xokkJUiNr5fMyJBigI_1789782136771_img_face.jpg
35--Basketball_35_Basketball_basketballgame_ball_35_904.jpg_b26497.jpg,train,occluded,70,70,1.0,True,small,wider_35--Basketball_35_Basketball_basketballgame_ball_35_904.jpg,C:\Thực tập LUMI\model_BaiToan\Deepleaning\data\dataset\raw\occluded\35--Basketball_35_Basketball_basketballgame_ball_35_904.jpg_b26497.jpg
8--Election_Campain_8_Election_Campain_Election_Campaign_8_176.jpg_b154871.jpg,train,occluded,70,70,1.0,True,small,wider_8--Election_Campain_8_Election_Campain_Election_Campaign_8_176.jpg,C:\Thực tập LUMI\model_BaiToan\Deepleaning\data\dataset\raw\occluded\8--Election_Campain_8_Election_Campain_Election_Campaign_8_176.jpg_b154871.jpg
23--Shoppers_23_Shoppers_Shoppers_23_22.jpg_b22565.jpg,train,occluded,67,67,1.0,True,small,wider_23--Shoppers_23_Shoppers_Shoppers_23_22.jpg,C:\Thực tập LUMI\model_BaiToan\Deepleaning\data\dataset\raw\occluded\23--Shoppers_23_Shoppers_Shoppers_23_22.jpg_b22565.jpg
face_0020_crop.jpg,train,occluded,55,55,1.0,True,small,face_id_face_0020,C:\Thực tập LUMI\model_BaiToan\Deepleaning\data\dataset\raw\occluded\face_0020_crop.jpg
11--Meeting_11_Meeting_Meeting_11_Meeting_Meeting_11_176.jpg_b6687.jpg,train,occluded,66,66,1.0,True,small,wider_11--Meeting_11_Meeting_Meeting_11_Meeting_Meeting_11_176.jpg,C:\Thực tập LUMI\model_BaiToan\Deepleaning\data\dataset\raw\occluded\11--Meeting_11_Meeting_Meeting_11_Meeting_Meeting_11_176.jpg_b6687.jpg
35--Basketball_35_Basketball_playingbasketball_35_18.jpg_b104488.jpg,train,occluded,64,64,1.0,True,small,wider_35--Basketball_35_Basketball_playingbasketball_35_18.jpg,C:\Thực tập LUMI\model_BaiToan\Deepleaning\data\dataset\raw\occluded\35--Basketball_35_Basketball_playingbasketball_35_18.jpg_b104488.jpg
37--Soccer_37_Soccer_soccer_ball_37_41.jpg_b115061.jpg,train,occluded,64,64,1.0,True,small,wider_37--Soccer_37_Soccer_soccer_ball_37_41.jpg,C:\Thực tập LUMI\model_BaiToan\Deepleaning\data\dataset\raw\occluded\37--Soccer_37_Soccer_soccer_ball_37_41.jpg_b115061.jpg
8--Election_Campain_8_Election_Campain_Election_Campaign_8_86.jpg_b38696.jpg,train,occluded,64,64,1.0,True,small,wider_8--Election_Campain_8_Election_Campain_Election_Campaign_8_86.jpg,C:\Thực tập LUMI\model_BaiToan\Deepleaning\data\dataset\raw\occluded\8--Election_Campain_8_Election_Campain_Election_Campaign_8_86.jpg_b38696.jpg
43--Row_Boat_43_Row_Boat_Rowboat_43_681.jpg_b123146.jpg,train,occluded,71,71,1.0,True,small,wider_43--Row_Boat_43_Row_Boat_Rowboat_43_681.jpg,C:\Thực tập LUMI\model_BaiToan\Deepleaning\data\dataset\raw\occluded\43--Row_Boat_43_Row_Boat_Rowboat_43_681.jpg_b123146.jpg
47--Matador_Bullfighter_47_Matador_Bullfighter_Matador_Bullfighter_47_144.jpg_b127938.jpg,train,occluded,72,72,1.0,True,small,wider_47--Matador_Bullfighter_47_Matador_Bullfighter_Matador_Bullfighter_47_144.jpg,C:\Thực tập LUMI\model_BaiToan\Deepleaning\data\dataset\raw\occluded\47--Matador_Bullfighter_47_Matador_Bullfighter_Matador_Bullfighter_47_144.jpg_b127938.jpg
2--Demonstration_2_Demonstration_Demonstration_Or_Protest_2_1017.jpg_b55982.jpg,train,occluded,66,66,1.0,True,small,wider_2--Demonstration_2_Demonstration_Demonstration_Or_Protest_2_1017.jpg,C:\Thực tập LUMI\model_BaiToan\Deepleaning\data\dataset\raw\occluded\2--Demonstration_2_Demonstration_Demonstration_Or_Protest_2_1017.jpg_b55982.jpg
37--Soccer_37_Soccer_soccer_ball_37_862.jpg_b114961.jpg,train,occluded,68,68,1.0,True,small,wider_37--Soccer_37_Soccer_soccer_ball_37_862.jpg,C:\Thực tập LUMI\model_BaiToan\Deepleaning\data\dataset\raw\occluded\37--Soccer_37_Soccer_soccer_ball_37_862.jpg_b114961.jpg
2--Demonstration_2_Demonstration_Demonstration_Or_Protest_2_763.jpg_b54435.jpg,train,occluded,67,67,1.0,True,small,wider_2--Demonstration_2_Demonstration_Demonstration_Or_Protest_2_763.jpg,C:\Thực tập LUMI\model_BaiToan\Deepleaning\data\dataset\raw\occluded\2--Demonstration_2_Demonstration_Demonstration_Or_Protest_2_763.jpg_b54435.jpg
18--Concerts_18_Concerts_Concerts_18_660.jpg_b43566.jpg,train,occluded,66,66,1.0,True,small,wider_18--Concerts_18_Concerts_Concerts_18_660.jpg,C:\Thực tập LUMI\model_BaiToan\Deepleaning\data\dataset\raw\occluded\18--Concerts_18_Concerts_Concerts_18_660.jpg_b43566.jpg
18--Concerts_18_Concerts_Concerts_18_660.jpg_b43572.jpg,train,occluded,79,79,1.0,True,medium,wider_18--Concerts_18_Concerts_Concerts_18_660.jpg,C:\Thực tập LUMI\model_BaiToan\Deepleaning\data\dataset\raw\occluded\18--Concerts_18_Concerts_Concerts_18_660.jpg_b43572.jpg
49--Greeting_49_Greeting_peoplegreeting_49_572.jpg_b131283.jpg,train,occluded,72,72,1.0,True,small,wider_49--Greeting_49_Greeting_peoplegreeting_49_572.jpg,C:\Thực tập LUMI\model_BaiToan\Deepleaning\data\dataset\raw\occluded\49--Greeting_49_Greeting_peoplegreeting_49_572.jpg_b131283.jpg
01a0b1fa-f0c0-7300-9ae3-2d35cb6b7482_nvr-llWGaUl9M9E771xokkJUiNr5fMyJBigI_1789692408386_img_face.jpg,train,occluded,68,68,1.0,True,small,single_01a0b1fa-f0c0-7300-9ae3-2d35cb6b7482_nvr-llWGaUl9M9E771xokkJUiNr5fMyJBigI_1789692408386_img_face.jpg,C:\Thực tập LUMI\model_BaiToan\Deepleaning\data\dataset\raw\occluded\01a0b1fa-f0c0-7300-9ae3-2d35cb6b7482_nvr-llWGaUl9M9E771xokkJUiNr5fMyJBigI_1789692408386_img_face.jpg
14--Traffic_14_Traffic_Traffic_14_301.jpg_b37745.jpg,train,occluded,69,69,1.0,True,small,wider_14--Traffic_14_Traffic_Traffic_14_301.jpg,C:\Thực tập LUMI\model_BaiToan\Deepleaning\data\dataset\raw\occluded\14--Traffic_14_Traffic_Traffic_14_301.jpg_b37745.jpg
21--Festival_21_Festival_Festival_21_303.jpg_b84767.jpg,train,occluded,65,65,1.0,True,small,wider_21--Festival_21_Festival_Festival_21_303.jpg,C:\Thực tập LUMI\model_BaiToan\Deepleaning\data\dataset\raw\occluded\21--Festival_21_Festival_Festival_21_303.jpg_b84767.jpg
22--Picnic_22_Picnic_Picnic_22_740.jpg_b89500.jpg,train,occluded,65,65,1.0,True,small,wider_22--Picnic_22_Picnic_Picnic_22_740.jpg,C:\Thực tập LUMI\model_BaiToan\Deepleaning\data\dataset\raw\occluded\22--Picnic_22_Picnic_Picnic_22_740.jpg_b89500.jpg
12--Group_12_Group_Team_Organized_Group_12_Group_Team_Organized_Group_12_239.jpg_b29350.jpg,train,occluded,72,72,1.0,True,small,wider_12--Group_12_Group_Team_Organized_Group_12_Group_Team_Organized_Group_12_239.jpg,C:\Thực tập LUMI\model_BaiToan\Deepleaning\data\dataset\raw\occluded\12--Group_12_Group_Team_Organized_Group_12_Group_Team_Organized_Group_12_239.jpg_b29350.jpg
29--Students_Schoolkids_29_Students_Schoolkids_Students_Schoolkids_29_274.jpg_b95998.jpg,train,occluded,66,66,1.0,True,small,wider_29--Students_Schoolkids_29_Students_Schoolkids_Students_Schoolkids_29_274.jpg,C:\Thực tập LUMI\model_BaiToan\Deepleaning\data\dataset\raw\occluded\29--Students_Schoolkids_29_Students_Schoolkids_Students_Schoolkids_29_274.jpg_b95998.jpg
7--Cheering_7_Cheering_Cheering_7_231.jpg_b151561.jpg,train,occluded,65,65,1.0,True,small,wider_7--Cheering_7_Cheering_Cheering_7_231.jpg,C:\Thực tập LUMI\model_BaiToan\Deepleaning\data\dataset\raw\occluded\7--Cheering_7_Cheering_Cheering_7_231.jpg_b151561.jpg
7--Cheering_7_Cheering_Cheering_7_231.jpg_b151592.jpg,train,occluded,77,77,1.0,True,medium,wider_7--Cheering_7_Cheering_Cheering_7_231.jpg,C:\Thực tập LUMI\model_BaiToan\Deepleaning\data\dataset\raw\occluded\7--Cheering_7_Cheering_Cheering_7_231.jpg_b151592.jpg
01a0b248-b6e8-74e2-97df-1572dee92d0f_nvr-llWGaUl9M9E771xokkJUiNr5fMyJBigI_1789697505715_img_face.jpg,train,occluded,66,66,1.0,True,small,single_01a0b248-b6e8-74e2-97df-1572dee92d0f_nvr-llWGaUl9M9E771xokkJUiNr5fMyJBigI_1789697505715_img_face.jpg,C:\Thực tập LUMI\model_BaiToan\Deepleaning\data\dataset\raw\occluded\01a0b248-b6e8-74e2-97df-1572dee92d0f_nvr-llWGaUl9M9E771xokkJUiNr5fMyJBigI_1789697505715_img_face.jpg
01a0b7af-4480-7163-b609-4e1a533a08d1_nvr-llWGaUl9M9E771xokkJUiNr5fMyJBigI_1789788112283_img_face.jpg,train,occluded,65,65,1.0,True,small,single_01a0b7af-4480-7163-b609-4e1a533a08d1_nvr-llWGaUl9M9E771xokkJUiNr5fMyJBigI_1789788112283_img_face.jpg,C:\Thực tập LUMI\model_BaiToan\Deepleaning\data\dataset\raw\occluded\01a0b7af-4480-7163-b609-4e1a533a08d1_nvr-llWGaUl9M9E771xokkJUiNr5fMyJBigI_1789788112283_img_face.jpg
01a0b460-2538-7a73-8337-bf94d0ed7476_nvr-llWGaUl9M9E771xokkJUiNr5fMyJBigI_1789732594968_img_face1.jpg,train,occluded,67,67,1.0,True,small,single_01a0b460-2538-7a73-8337-bf94d0ed7476_nvr-llWGaUl9M9E771xokkJUiNr5fMyJBigI_1789732594968_img_face1.jpg,C:\Thực tập LUMI\model_BaiToan\Deepleaning\data\dataset\raw\occluded\01a0b460-2538-7a73-8337-bf94d0ed7476_nvr-llWGaUl9M9E771xokkJUiNr5fMyJBigI_1789732594968_img_face1.jpg
40--Gymnastics_40_Gymnastics_Gymnastics_40_422.jpg_b31089.jpg,train,occluded,64,64,1.0,True,small,wider_40--Gymnastics_40_Gymnastics_Gymnastics_40_422.jpg,C:\Thực tập LUMI\model_BaiToan\Deepleaning\data\dataset\raw\occluded\40--Gymnastics_40_Gymnastics_Gymnastics_40_422.jpg_b31089.jpg
01a0b246-cea0-7501-a351-3cf19d2ee35c_nvr-llWGaUl9M9E771xokkJUiNr5fMyJBigI_1789697380053_img_face.jpg,train,occluded,64,64,1.0,True,small,single_01a0b246-cea0-7501-a351-3cf19d2ee35c_nvr-llWGaUl9M9E771xokkJUiNr5fMyJBigI_1789697380053_img_face.jpg,C:\Thực tập LUMI\model_BaiToan\Deepleaning\data\dataset\raw\occluded\01a0b246-cea0-7501-a351-3cf19d2ee35c_nvr-llWGaUl9M9E771xokkJUiNr5fMyJBigI_1789697380053_img_face.jpg
12--Group_12_Group_Team_Organized_Group_12_Group_Team_Organized_Group_12_260.jpg_b24016.jpg,train,occluded,64,64,1.0,True,small,wider_12--Group_12_Group_Team_Organized_Group_12_Group_Team_Organized_Group_12_260.jpg,C:\Thực tập LUMI\model_BaiToan\Deepleaning\data\dataset\raw\occluded\12--Group_12_Group_Team_Organized_Group_12_Group_Team_Organized_Group_12_260.jpg_b24016.jpg
2--Demonstration_2_Demonstration_Demonstration_Or_Protest_2_606.jpg_b16054.jpg,train,occluded,64,64,1.0,True,small,wider_2--Demonstration_2_Demonstration_Demonstration_Or_Protest_2_606.jpg,C:\Thực tập LUMI\model_BaiToan\Deepleaning\data\dataset\raw\occluded\2--Demonstration_2_Demonstration_Demonstration_Or_Protest_2_606.jpg_b16054.jpg
2--Demonstration_2_Demonstration_Protesters_2_836.jpg_b71854.jpg,train,occluded,66,66,1.0,True,small,wider_2--Demonstration_2_Demonstration_Protesters_2_836.jpg,C:\Thực tập LUMI\model_BaiToan\Deepleaning\data\dataset\raw\occluded\2--Demonstration_2_Demonstration_Protesters_2_836.jpg_b71854.jpg
2--Demonstration_2_Demonstration_Protesters_2_836.jpg_b71863.jpg,train,occluded,76,76,1.0,True,medium,wider_2--Demonstration_2_Demonstration_Protesters_2_836.jpg,C:\Thực tập LUMI\model_BaiToan\Deepleaning\data\dataset\raw\occluded\2--Demonstration_2_Demonstration_Protesters_2_836.jpg_b71863.jpg
2--Demonstration_2_Demonstration_Demonstrators_2_139.jpg_b65035.jpg,train,occluded,64,64,1.0,True,small,wider_2--Demonstration_2_Demonstration_Demonstrators_2_139.jpg,C:\Thực tập LUMI\model_BaiToan\Deepleaning\data\dataset\raw\occluded\2--Demonstration_2_Demonstration_Demonstrators_2_139.jpg_b65035.jpg
01a0b348-e8d8-70c0-8948-73da6c43946f_nvr-llWGaUl9M9E771xokkJUiNr5fMyJBigI_1789714295796_img_face23.jpg,train,occluded,71,71,1.0,True,small,single_01a0b348-e8d8-70c0-8948-73da6c43946f_nvr-llWGaUl9M9E771xokkJUiNr5fMyJBigI_1789714295796_img_face23.jpg,C:\Thực tập LUMI\model_BaiToan\Deepleaning\data\dataset\raw\occluded\01a0b348-e8d8-70c0-8948-73da6c43946f_nvr-llWGaUl9M9E771xokkJUiNr5fMyJBigI_1789714295796_img_face23.jpg
01a0b428-6b98-7a13-86e8-fb394fbfd850_nvr-llWGaUl9M9E771xokkJUiNr5fMyJBigI_1789728943532_img_face2.jpg,train,occluded,72,72,1.0,True,small,single_01a0b428-6b98-7a13-86e8-fb394fbfd850_nvr-llWGaUl9M9E771xokkJUiNr5fMyJBigI_1789728943532_img_face2.jpg,C:\Thực tập LUMI\model_BaiToan\Deepleaning\data\dataset\raw\occluded\01a0b428-6b98-7a13-86e8-fb394fbfd850_nvr-llWGaUl9M9E771xokkJUiNr5fMyJBigI_1789728943532_img_face2.jpg
01a0b73c-1ff0-7100-a09d-88e4da83ee01_nvr-llWGaUl9M9E771xokkJUiNr5fMyJBigI_1789780566796_img_face.jpg,train,occluded,67,67,1.0,True,small,single_01a0b73c-1ff0-7100-a09d-88e4da83ee01_nvr-llWGaUl9M9E771xokkJUiNr5fMyJBigI_1789780566796_img_face.jpg,C:\Thực tập LUMI\model_BaiToan\Deepleaning\data\dataset\raw\occluded\01a0b73c-1ff0-7100-a09d-88e4da83ee01_nvr-llWGaUl9M9E771xokkJUiNr5fMyJBigI_1789780566796_img_face.jpg
0--Parade_0_Parade_marchingband_1_753.jpg_b15911.jpg,train,occluded,72,72,1.0,True,small,wider_0--Parade_0_Parade_marchingband_1_753.jpg,C:\Thực tập LUMI\model_BaiToan\Deepleaning\data\dataset\raw\occluded\0--Parade_0_Parade_marchingband_1_753.jpg_b15911.jpg
56--Voter_56_Voter_peoplevoting_56_459.jpg_b35393.jpg,train,occluded,65,65,1.0,True,small,wider_56--Voter_56_Voter_peoplevoting_56_459.jpg,C:\Thực tập LUMI\model_BaiToan\Deepleaning\data\dataset\raw\occluded\56--Voter_56_Voter_peoplevoting_56_459.jpg_b35393.jpg
31--Waiter_Waitress_31_Waiter_Waitress_Waiter_Waitress_31_877.jpg_b99433.jpg,train,clear,64,64,1.0,True,small,wider_31--Waiter_Waitress_31_Waiter_Waitress_Waiter_Waitress_31_877.jpg,C:\Thực tập LUMI\model_BaiToan\Deepleaning\data\dataset\raw\clear\31--Waiter_Waitress_31_Waiter_Waitress_Waiter_Waitress_31_877.jpg_b99433.jpg
31--Waiter_Waitress_31_Waiter_Waitress_Waiter_Waitress_31_877.jpg_b99434.jpg,train,occluded,104,104,1.0,True,medium,wider_31--Waiter_Waitress_31_Waiter_Waitress_Waiter_Waitress_31_877.jpg,C:\Thực tập LUMI\model_BaiToan\Deepleaning\data\dataset\raw\occluded\31--Waiter_Waitress_31_Waiter_Waitress_Waiter_Waitress_31_877.jpg_b99434.jpg
31--Waiter_Waitress_31_Waiter_Waitress_Waiter_Waitress_31_877.jpg_b99437.jpg,train,occluded,67,67,1.0,True,small,wider_31--Waiter_Waitress_31_Waiter_Waitress_Waiter_Waitress_31_877.jpg,C:\Thực tập LUMI\model_BaiToan\Deepleaning\data\dataset\raw\occluded\31--Waiter_Waitress_31_Waiter_Waitress_Waiter_Waitress_31_877.jpg_b99437.jpg
20--Family_Group_20_Family_Group_Family_Group_20_630.jpg_b83998.jpg,train,occluded,65,65,1.0,True,small,wider_20--Family_Group_20_Family_Group_Family_Group_20_630.jpg,C:\Thực tập LUMI\model_BaiToan\Deepleaning\data\dataset\raw\occluded\20--Family_Group_20_Family_Group_Family_Group_20_630.jpg_b83998.jpg
12--Group_12_Group_Team_Organized_Group_12_Group_Team_Organized_Group_12_98.jpg_b35206.jpg,train,occluded,69,69,1.0,True,small,wider_12--Group_12_Group_Team_Organized_Group_12_Group_Team_Organized_Group_12_98.jpg,C:\Thực tập LUMI\model_BaiToan\Deepleaning\data\dataset\raw\occluded\12--Group_12_Group_Team_Organized_Group_12_Group_Team_Organized_Group_12_98.jpg_b35206.jpg
4--Dancing_4_Dancing_Dancing_4_473.jpg_b119358.jpg,train,occluded,68,68,1.0,True,small,wider_4--Dancing_4_Dancing_Dancing_4_473.jpg,C:\Thực tập LUMI\model_BaiToan\Deepleaning\data\dataset\raw\occluded\4--Dancing_4_Dancing_Dancing_4_473.jpg_b119358.jpg
3--Riot_3_Riot_Riot_3_465.jpg_b97773.jpg,train,occluded,70,70,1.0,True,small,wider_3--Riot_3_Riot_Riot_3_465.jpg,C:\Thực tập LUMI\model_BaiToan\Deepleaning\data\dataset\raw\occluded\3--Riot_3_Riot_Riot_3_465.jpg_b97773.jpg
35--Basketball_35_Basketball_basketballgame_ball_35_35.jpg_b110456.jpg,train,occluded,65,65,1.0,True,small,wider_35--Basketball_35_Basketball_basketballgame_ball_35_35.jpg,C:\Thực tập LUMI\model_BaiToan\Deepleaning\data\dataset\raw\occluded\35--Basketball_35_Basketball_basketballgame_ball_35_35.jpg_b110456.jpg
43--Row_Boat_43_Row_Boat_Canoe_43_525.jpg_b122794.jpg,train,occluded,68,68,1.0,True,small,wider_43--Row_Boat_43_Row_Boat_Canoe_43_525.jpg,C:\Thực tập LUMI\model_BaiToan\Deepleaning\data\dataset\raw\occluded\43--Row_Boat_43_Row_Boat_Canoe_43_525.jpg_b122794.jpg
4--Dancing_4_Dancing_Dancing_4_843.jpg_b119557.jpg,train,occluded,64,64,1.0,True,small,wider_4--Dancing_4_Dancing_Dancing_4_843.jpg,C:\Thực tập LUMI\model_BaiToan\Deepleaning\data\dataset\raw\occluded\4--Dancing_4_Dancing_Dancing_4_843.jpg_b119557.jpg
7--Cheering_7_Cheering_Cheering_7_293.jpg_b37625.jpg,train,occluded,69,69,1.0,True,small,wider_7--Cheering_7_Cheering_Cheering_7_293.jpg,C:\Thực tập LUMI\model_BaiToan\Deepleaning\data\dataset\raw\occluded\7--Cheering_7_Cheering_Cheering_7_293.jpg_b37625.jpg
58--Hockey_58_Hockey_icehockey_puck_58_559.jpg_b143419.jpg,train,occluded,69,69,1.0,True,small,wider_58--Hockey_58_Hockey_icehockey_puck_58_559.jpg,C:\Thực tập LUMI\model_BaiToan\Deepleaning\data\dataset\raw\occluded\58--Hockey_58_Hockey_icehockey_puck_58_559.jpg_b143419.jpg
face_0028_crop.jpg,train,occluded,55,55,1.0,True,small,face_id_face_0028,C:\Thực tập LUMI\model_BaiToan\Deepleaning\data\dataset\raw\occluded\face_0028_crop.jpg
01a0b75f-8e40-76e3-97e9-35918e07c3ea_nvr-llWGaUl9M9E771xokkJUiNr5fMyJBigI_1789782888265_img_face.jpg,train,occluded,48,48,1.0,True,small,single_01a0b75f-8e40-76e3-97e9-35918e07c3ea_nvr-llWGaUl9M9E771xokkJUiNr5fMyJBigI_1789782888265_img_face.jpg,C:\Thực tập LUMI\model_BaiToan\Deepleaning\data\dataset\raw\occluded\01a0b75f-8e40-76e3-97e9-35918e07c3ea_nvr-llWGaUl9M9E771xokkJUiNr5fMyJBigI_1789782888265_img_face.jpg
0--Parade_0_Parade_marchingband_1_941.jpg_b9879.jpg,train,occluded,74,74,1.0,True,small,wider_0--Parade_0_Parade_marchingband_1_941.jpg,C:\Thực tập LUMI\model_BaiToan\Deepleaning\data\dataset\raw\occluded\0--Parade_0_Parade_marchingband_1_941.jpg_b9879.jpg
01a0b343-f738-70a2-abb5-079eda7e998f_nvr-llWGaUl9M9E771xokkJUiNr5fMyJBigI_1789713971230_img_face16.jpg,train,occluded,60,60,1.0,True,small,single_01a0b343-f738-70a2-abb5-079eda7e998f_nvr-llWGaUl9M9E771xokkJUiNr5fMyJBigI_1789713971230_img_face16.jpg,C:\Thực tập LUMI\model_BaiToan\Deepleaning\data\dataset\raw\occluded\01a0b343-f738-70a2-abb5-079eda7e998f_nvr-llWGaUl9M9E771xokkJUiNr5fMyJBigI_1789713971230_img_face16.jpg
01a0b347-b058-7d40-95b3-144a52adfab0_nvr-llWGaUl9M9E771xokkJUiNr5fMyJBigI_1789714214993_img_face14.jpg,train,occluded,55,55,1.0,True,small,single_01a0b347-b058-7d40-95b3-144a52adfab0_nvr-llWGaUl9M9E771xokkJUiNr5fMyJBigI_1789714214993_img_face14.jpg,C:\Thực tập LUMI\model_BaiToan\Deepleaning\data\dataset\raw\occluded\01a0b347-b058-7d40-95b3-144a52adfab0_nvr-llWGaUl9M9E771xokkJUiNr5fMyJBigI_1789714214993_img_face14.jpg
6--Funeral_6_Funeral_Funeral_6_302.jpg_b145702.jpg,train,occluded,72,72,1.0,True,small,wider_6--Funeral_6_Funeral_Funeral_6_302.jpg,C:\Thực tập LUMI\model_BaiToan\Deepleaning\data\dataset\raw\occluded\6--Funeral_6_Funeral_Funeral_6_302.jpg_b145702.jpg
10--People_Marching_10_People_Marching_People_Marching_10_People_Marching_People_Marching_10_341.jpg_b19203.jpg,train,occluded,72,72,1.0,True,small,wider_10--People_Marching_10_People_Marching_People_Marching_10_People_Marching_People_Marching_10_341.jpg,C:\Thực tập LUMI\model_BaiToan\Deepleaning\data\dataset\raw\occluded\10--People_Marching_10_People_Marching_People_Marching_10_People_Marching_People_Marching_10_341.jpg_b19203.jpg
23--Shoppers_23_Shoppers_Shoppers_23_25.jpg_b22345.jpg,train,occluded,69,69,1.0,True,small,wider_23--Shoppers_23_Shoppers_Shoppers_23_25.jpg,C:\Thực tập LUMI\model_BaiToan\Deepleaning\data\dataset\raw\occluded\23--Shoppers_23_Shoppers_Shoppers_23_25.jpg_b22345.jpg
31--Waiter_Waitress_31_Waiter_Waitress_Waiter_Waitress_31_514.jpg_b98732.jpg,train,occluded,70,70,1.0,True,small,wider_31--Waiter_Waitress_31_Waiter_Waitress_Waiter_Waitress_31_514.jpg,C:\Thực tập LUMI\model_BaiToan\Deepleaning\data\dataset\raw\occluded\31--Waiter_Waitress_31_Waiter_Waitress_Waiter_Waitress_31_514.jpg_b98732.jpg
31--Waiter_Waitress_31_Waiter_Waitress_Waiter_Waitress_31_514.jpg_b98743.jpg,train,occluded,72,72,1.0,True,small,wider_31--Waiter_Waitress_31_Waiter_Waitress_Waiter_Waitress_31_514.jpg,C:\Thực tập LUMI\model_BaiToan\Deepleaning\data\dataset\raw\occluded\31--Waiter_Waitress_31_Waiter_Waitress_Waiter_Waitress_31_514.jpg_b98743.jpg
4--Dancing_4_Dancing_Dancing_4_156.jpg_b30642.jpg,train,occluded,73,73,1.0,True,small,wider_4--Dancing_4_Dancing_Dancing_4_156.jpg,C:\Thực tập LUMI\model_BaiToan\Deepleaning\data\dataset\raw\occluded\4--Dancing_4_Dancing_Dancing_4_156.jpg_b30642.jpg
01a0b245-1538-78b1-9e61-3e8a6c954356_nvr-llWGaUl9M9E771xokkJUiNr5fMyJBigI_1789697267587_img_face.jpg,train,occluded,69,69,1.0,True,small,single_01a0b245-1538-78b1-9e61-3e8a6c954356_nvr-llWGaUl9M9E771xokkJUiNr5fMyJBigI_1789697267587_img_face.jpg,C:\Thực tập LUMI\model_BaiToan\Deepleaning\data\dataset\raw\occluded\01a0b245-1538-78b1-9e61-3e8a6c954356_nvr-llWGaUl9M9E771xokkJUiNr5fMyJBigI_1789697267587_img_face.jpg
50--Celebration_Or_Party_50_Celebration_Or_Party_houseparty_50_110.jpg_b132979.jpg,train,occluded,64,64,1.0,True,small,wider_50--Celebration_Or_Party_50_Celebration_Or_Party_houseparty_50_110.jpg,C:\Thực tập LUMI\model_BaiToan\Deepleaning\data\dataset\raw\occluded\50--Celebration_Or_Party_50_Celebration_Or_Party_houseparty_50_110.jpg_b132979.jpg
01a0b7af-cd38-78e1-9076-a4820ceea9c3_nvr-llWGaUl9M9E771xokkJUiNr5fMyJBigI_1789788147169_img_face.jpg,train,occluded,70,70,1.0,True,small,single_01a0b7af-cd38-78e1-9076-a4820ceea9c3_nvr-llWGaUl9M9E771xokkJUiNr5fMyJBigI_1789788147169_img_face.jpg,C:\Thực tập LUMI\model_BaiToan\Deepleaning\data\dataset\raw\occluded\01a0b7af-cd38-78e1-9076-a4820ceea9c3_nvr-llWGaUl9M9E771xokkJUiNr5fMyJBigI_1789788147169_img_face.jpg
0--Parade_0_Parade_marchingband_1_901.jpg_b10101.jpg,train,occluded,71,71,1.0,True,small,wider_0--Parade_0_Parade_marchingband_1_901.jpg,C:\Thực tập LUMI\model_BaiToan\Deepleaning\data\dataset\raw\occluded\0--Parade_0_Parade_marchingband_1_901.jpg_b10101.jpg
01a0b442-8b18-7bb1-9a25-280d263b99bd_nvr-llWGaUl9M9E771xokkJUiNr5fMyJBigI_1789730655030_img_face1.jpg,train,occluded,61,61,1.0,True,small,single_01a0b442-8b18-7bb1-9a25-280d263b99bd_nvr-llWGaUl9M9E771xokkJUiNr5fMyJBigI_1789730655030_img_face1.jpg,C:\Thực tập LUMI\model_BaiToan\Deepleaning\data\dataset\raw\occluded\01a0b442-8b18-7bb1-9a25-280d263b99bd_nvr-llWGaUl9M9E771xokkJUiNr5fMyJBigI_1789730655030_img_face1.jpg
11--Meeting_11_Meeting_Meeting_11_Meeting_Meeting_11_91.jpg_b22395.jpg,train,occluded,66,66,1.0,True,small,wider_11--Meeting_11_Meeting_Meeting_11_Meeting_Meeting_11_91.jpg,C:\Thực tập LUMI\model_BaiToan\Deepleaning\data\dataset\raw\occluded\11--Meeting_11_Meeting_Meeting_11_Meeting_Meeting_11_91.jpg_b22395.jpg
01a0b235-32d0-7722-afe4-5ce391cf576a_nvr-llWGaUl9M9E771xokkJUiNr5fMyJBigI_1789696226018_img_face.jpg,train,occluded,69,69,1.0,True,small,single_01a0b235-32d0-7722-afe4-5ce391cf576a_nvr-llWGaUl9M9E771xokkJUiNr5fMyJBigI_1789696226018_img_face.jpg,C:\Thực tập LUMI\model_BaiToan\Deepleaning\data\dataset\raw\occluded\01a0b235-32d0-7722-afe4-5ce391cf576a_nvr-llWGaUl9M9E771xokkJUiNr5fMyJBigI_1789696226018_img_face.jpg
12--Group_12_Group_Group_12_Group_Group_12_29.jpg_b7855.jpg,train,occluded,73,73,1.0,True,small,wider_12--Group_12_Group_Group_12_Group_Group_12_29.jpg,C:\Thực tập LUMI\model_BaiToan\Deepleaning\data\dataset\raw\occluded\12--Group_12_Group_Group_12_Group_Group_12_29.jpg_b7855.jpg
17--Ceremony_17_Ceremony_Ceremony_17_626.jpg_b41171.jpg,train,occluded,73,73,1.0,True,small,wider_17--Ceremony_17_Ceremony_Ceremony_17_626.jpg,C:\Thực tập LUMI\model_BaiToan\Deepleaning\data\dataset\raw\occluded\17--Ceremony_17_Ceremony_Ceremony_17_626.jpg_b41171.jpg
face_0199_crop.jpg,train,occluded,52,52,1.0,True,small,face_id_face_0199,C:\Thực tập LUMI\model_BaiToan\Deepleaning\data\dataset\raw\occluded\face_0199_crop.jpg
6--Funeral_6_Funeral_Funeral_6_142.jpg_b144461.jpg,train,occluded,67,67,1.0,True,small,wider_6--Funeral_6_Funeral_Funeral_6_142.jpg,C:\Thực tập LUMI\model_BaiToan\Deepleaning\data\dataset\raw\occluded\6--Funeral_6_Funeral_Funeral_6_142.jpg_b144461.jpg
6--Funeral_6_Funeral_Funeral_6_142.jpg_b144462.jpg,train,occluded,64,64,1.0,True,small,wider_6--Funeral_6_Funeral_Funeral_6_142.jpg,C:\Thực tập LUMI\model_BaiToan\Deepleaning\data\dataset\raw\occluded\6--Funeral_6_Funeral_Funeral_6_142.jpg_b144462.jpg
37--Soccer_37_Soccer_soccer_ball_37_28.jpg_b29919.jpg,train,occluded,65,65,1.0,True,small,wider_37--Soccer_37_Soccer_soccer_ball_37_28.jpg,C:\Thực tập LUMI\model_BaiToan\Deepleaning\data\dataset\raw\occluded\37--Soccer_37_Soccer_soccer_ball_37_28.jpg_b29919.jpg
01a0b246-a3a8-7270-ba64-3b3f58be372e_nvr-llWGaUl9M9E771xokkJUiNr5fMyJBigI_1789697369302_img_face.jpg,train,occluded,72,72,1.0,True,small,single_01a0b246-a3a8-7270-ba64-3b3f58be372e_nvr-llWGaUl9M9E771xokkJUiNr5fMyJBigI_1789697369302_img_face.jpg,C:\Thực tập LUMI\model_BaiToan\Deepleaning\data\dataset\raw\occluded\01a0b246-a3a8-7270-ba64-3b3f58be372e_nvr-llWGaUl9M9E771xokkJUiNr5fMyJBigI_1789697369302_img_face.jpg
39--Ice_Skating_39_Ice_Skating_Ice_Skating_39_163.jpg_b30417.jpg,train,occluded,70,70,1.0,True,small,wider_39--Ice_Skating_39_Ice_Skating_Ice_Skating_39_163.jpg,C:\Thực tập LUMI\model_BaiToan\Deepleaning\data\dataset\raw\occluded\39--Ice_Skating_39_Ice_Skating_Ice_Skating_39_163.jpg_b30417.jpg
39--Ice_Skating_39_Ice_Skating_Ice_Skating_39_163.jpg_b30418.jpg,train,occluded,72,72,1.0,True,small,wider_39--Ice_Skating_39_Ice_Skating_Ice_Skating_39_163.jpg,C:\Thực tập LUMI\model_BaiToan\Deepleaning\data\dataset\raw\occluded\39--Ice_Skating_39_Ice_Skating_Ice_Skating_39_163.jpg_b30418.jpg
0--Parade_0_Parade_Parade_0_782.jpg_b464.jpg,train,occluded,65,65,1.0,True,small,wider_0--Parade_0_Parade_Parade_0_782.jpg,C:\Thực tập LUMI\model_BaiToan\Deepleaning\data\dataset\raw\occluded\0--Parade_0_Parade_Parade_0_782.jpg_b464.jpg
29--Students_Schoolkids_29_Students_Schoolkids_Students_Schoolkids_29_899.jpg_b95985.jpg,train,occluded,66,66,1.0,True,small,wider_29--Students_Schoolkids_29_Students_Schoolkids_Students_Schoolkids_29_899.jpg,C:\Thực tập LUMI\model_BaiToan\Deepleaning\data\dataset\raw\occluded\29--Students_Schoolkids_29_Students_Schoolkids_Students_Schoolkids_29_899.jpg_b95985.jpg
face_0197_crop.jpg,train,occluded,51,51,1.0,True,small,face_id_face_0197,C:\Thực tập LUMI\model_BaiToan\Deepleaning\data\dataset\raw\occluded\face_0197_crop.jpg
12--Group_12_Group_Team_Organized_Group_12_Group_Team_Organized_Group_12_80.jpg_b29919.jpg,train,occluded,65,65,1.0,True,small,wider_12--Group_12_Group_Team_Organized_Group_12_Group_Team_Organized_Group_12_80.jpg,C:\Thực tập LUMI\model_BaiToan\Deepleaning\data\dataset\raw\occluded\12--Group_12_Group_Team_Organized_Group_12_Group_Team_Organized_Group_12_80.jpg_b29919.jpg
01a0b3bc-3c48-7bd1-92ba-3aad010855d3_nvr-llWGaUl9M9E771xokkJUiNr5fMyJBigI_1789721852969_img_face.jpg,train,occluded,69,69,1.0,True,small,single_01a0b3bc-3c48-7bd1-92ba-3aad010855d3_nvr-llWGaUl9M9E771xokkJUiNr5fMyJBigI_1789721852969_img_face.jpg,C:\Thực tập LUMI\model_BaiToan\Deepleaning\data\dataset\raw\occluded\01a0b3bc-3c48-7bd1-92ba-3aad010855d3_nvr-llWGaUl9M9E771xokkJUiNr5fMyJBigI_1789721852969_img_face.jpg
40--Gymnastics_40_Gymnastics_Gymnastics_40_882.jpg_b119966.jpg,train,occluded,74,74,1.0,True,small,wider_40--Gymnastics_40_Gymnastics_Gymnastics_40_882.jpg,C:\Thực tập LUMI\model_BaiToan\Deepleaning\data\dataset\raw\occluded\40--Gymnastics_40_Gymnastics_Gymnastics_40_882.jpg_b119966.jpg
01a0b75f-8e40-7c41-9082-765aa9073997_nvr-llWGaUl9M9E771xokkJUiNr5fMyJBigI_1789782888615_img_face.jpg,train,occluded,56,56,1.0,True,small,single_01a0b75f-8e40-7c41-9082-765aa9073997_nvr-llWGaUl9M9E771xokkJUiNr5fMyJBigI_1789782888615_img_face.jpg,C:\Thực tập LUMI\model_BaiToan\Deepleaning\data\dataset\raw\occluded\01a0b75f-8e40-7c41-9082-765aa9073997_nvr-llWGaUl9M9E771xokkJUiNr5fMyJBigI_1789782888615_img_face.jpg
6--Funeral_6_Funeral_Funeral_6_830.jpg_b146733.jpg,train,occluded,66,66,1.0,True,small,wider_6--Funeral_6_Funeral_Funeral_6_830.jpg,C:\Thực tập LUMI\model_BaiToan\Deepleaning\data\dataset\raw\occluded\6--Funeral_6_Funeral_Funeral_6_830.jpg_b146733.jpg
45--Balloonist_45_Balloonist_Balloonist_45_360.jpg_b124792.jpg,train,occluded,64,64,1.0,True,small,wider_45--Balloonist_45_Balloonist_Balloonist_45_360.jpg,C:\Thực tập LUMI\model_BaiToan\Deepleaning\data\dataset\raw\occluded\45--Balloonist_45_Balloonist_Balloonist_45_360.jpg_b124792.jpg
2--Demonstration_2_Demonstration_Demonstrators_2_112.jpg_b54679.jpg,train,occluded,65,65,1.0,True,small,wider_2--Demonstration_2_Demonstration_Demonstrators_2_112.jpg,C:\Thực tập LUMI\model_BaiToan\Deepleaning\data\dataset\raw\occluded\2--Demonstration_2_Demonstration_Demonstrators_2_112.jpg_b54679.jpg
1--Handshaking_1_Handshaking_Handshaking_1_417.jpg_b16362.jpg,train,occluded,67,67,1.0,True,small,wider_1--Handshaking_1_Handshaking_Handshaking_1_417.jpg,C:\Thực tập LUMI\model_BaiToan\Deepleaning\data\dataset\raw\occluded\1--Handshaking_1_Handshaking_Handshaking_1_417.jpg_b16362.jpg
01a0b3bc-3090-7273-a5ae-a7929142a845_nvr-llWGaUl9M9E771xokkJUiNr5fMyJBigI_1789721850840_img_face.jpg,train,occluded,57,57,1.0,True,small,single_01a0b3bc-3090-7273-a5ae-a7929142a845_nvr-llWGaUl9M9E771xokkJUiNr5fMyJBigI_1789721850840_img_face.jpg,C:\Thực tập LUMI\model_BaiToan\Deepleaning\data\dataset\raw\occluded\01a0b3bc-3090-7273-a5ae-a7929142a845_nvr-llWGaUl9M9E771xokkJUiNr5fMyJBigI_1789721850840_img_face.jpg
2--Demonstration_2_Demonstration_Demonstrators_2_666.jpg_b12059.jpg,train,occluded,65,65,1.0,True,small,wider_2--Demonstration_2_Demonstration_Demonstrators_2_666.jpg,C:\Thực tập LUMI\model_BaiToan\Deepleaning\data\dataset\raw\occluded\2--Demonstration_2_Demonstration_Demonstrators_2_666.jpg_b12059.jpg
01a0b464-e028-7e42-b63e-4200ba209b37_nvr-llWGaUl9M9E771xokkJUiNr5fMyJBigI_1789732905744_img_face.jpg,train,occluded,70,70,1.0,True,small,single_01a0b464-e028-7e42-b63e-4200ba209b37_nvr-llWGaUl9M9E771xokkJUiNr5fMyJBigI_1789732905744_img_face.jpg,C:\Thực tập LUMI\model_BaiToan\Deepleaning\data\dataset\raw\occluded\01a0b464-e028-7e42-b63e-4200ba209b37_nvr-llWGaUl9M9E771xokkJUiNr5fMyJBigI_1789732905744_img_face.jpg
7--Cheering_7_Cheering_Cheering_7_111.jpg_b151811.jpg,train,occluded,68,68,1.0,True,small,wider_7--Cheering_7_Cheering_Cheering_7_111.jpg,C:\Thực tập LUMI\model_BaiToan\Deepleaning\data\dataset\raw\occluded\7--Cheering_7_Cheering_Cheering_7_111.jpg_b151811.jpg
01a0b428-6b98-7801-80f2-cf4d7983a55e_nvr-llWGaUl9M9E771xokkJUiNr5fMyJBigI_1789728943894_img_face2.jpg,train,occluded,74,74,1.0,True,small,single_01a0b428-6b98-7801-80f2-cf4d7983a55e_nvr-llWGaUl9M9E771xokkJUiNr5fMyJBigI_1789728943894_img_face2.jpg,C:\Thực tập LUMI\model_BaiToan\Deepleaning\data\dataset\raw\occluded\01a0b428-6b98-7801-80f2-cf4d7983a55e_nvr-llWGaUl9M9E771xokkJUiNr5fMyJBigI_1789728943894_img_face2.jpg
face_0012_crop.jpg,train,occluded,47,47,1.0,True,small,face_id_face_0012,C:\Thực tập LUMI\model_BaiToan\Deepleaning\data\dataset\raw\occluded\face_0012_crop.jpg
35--Basketball_35_Basketball_Basketball_35_78.jpg_b106471.jpg,train,occluded,72,72,1.0,True,small,wider_35--Basketball_35_Basketball_Basketball_35_78.jpg,C:\Thực tập LUMI\model_BaiToan\Deepleaning\data\dataset\raw\occluded\35--Basketball_35_Basketball_Basketball_35_78.jpg_b106471.jpg
53--Raid_53_Raid_policeraid_53_141.jpg_b136417.jpg,train,occluded,74,74,1.0,True,small,wider_53--Raid_53_Raid_policeraid_53_141.jpg,C:\Thực tập LUMI\model_BaiToan\Deepleaning\data\dataset\raw\occluded\53--Raid_53_Raid_policeraid_53_141.jpg_b136417.jpg
GiangNDM_20260414_162554_164.jpg,val,clear,112,112,1.0,True,large,person_session_GiangNDM_20260414_1625,C:\Thực tập LUMI\model_BaiToan\Deepleaning\data\dataset\raw\clear\GiangNDM_20260414_162554_164.jpg
40--Gymnastics_40_Gymnastics_Gymnastics_40_689.jpg_b120546.jpg,val,clear,124,124,1.0,True,large,wider_40--Gymnastics_40_Gymnastics_Gymnastics_40_689.jpg,C:\Thực tập LUMI\model_BaiToan\Deepleaning\data\dataset\raw\clear\40--Gymnastics_40_Gymnastics_Gymnastics_40_689.jpg_b120546.jpg
2--Demonstration_2_Demonstration_Protesters_2_832.jpg_b54573.jpg,val,clear,126,126,1.0,True,large,wider_2--Demonstration_2_Demonstration_Protesters_2_832.jpg,C:\Thực tập LUMI\model_BaiToan\Deepleaning\data\dataset\raw\clear\2--Demonstration_2_Demonstration_Protesters_2_832.jpg_b54573.jpg
9--Press_Conference_9_Press_Conference_Press_Conference_9_845.jpg_b156182.jpg,val,clear,422,422,1.0,True,large,wider_9--Press_Conference_9_Press_Conference_Press_Conference_9_845.jpg,C:\Thực tập LUMI\model_BaiToan\Deepleaning\data\dataset\raw\clear\9--Press_Conference_9_Press_Conference_Press_Conference_9_845.jpg_b156182.jpg
000037_face.jpg,val,clear,126,126,1.0,True,large,single_000037_face.jpg,C:\Thực tập LUMI\model_BaiToan\Deepleaning\data\dataset\raw\clear\000037_face.jpg
31--Waiter_Waitress_31_Waiter_Waitress_Waiter_Waitress_31_36.jpg_b99044.jpg,val,clear,236,236,1.0,True,large,wider_31--Waiter_Waitress_31_Waiter_Waitress_Waiter_Waitress_31_36.jpg,C:\Thực tập LUMI\model_BaiToan\Deepleaning\data\dataset\raw\clear\31--Waiter_Waitress_31_Waiter_Waitress_Waiter_Waitress_31_36.jpg_b99044.jpg
51--Dresses_51_Dresses_wearingdress_51_150.jpg_b34273.jpg,val,clear,114,114,1.0,True,large,wider_51--Dresses_51_Dresses_wearingdress_51_150.jpg,C:\Thực tập LUMI\model_BaiToan\Deepleaning\data\dataset\raw\clear\51--Dresses_51_Dresses_wearingdress_51_150.jpg_b34273.jpg
TrungNT_20260415_084743_339.jpg,val,clear,112,112,1.0,True,large,person_session_TrungNT_20260415_0847,C:\Thực tập LUMI\model_BaiToan\Deepleaning\data\dataset\raw\clear\TrungNT_20260415_084743_339.jpg
20--Family_Group_20_Family_Group_Family_Group_20_652.jpg_b81835.jpg,val,clear,147,147,1.0,True,large,wider_20--Family_Group_20_Family_Group_Family_Group_20_652.jpg,C:\Thực tập LUMI\model_BaiToan\Deepleaning\data\dataset\raw\clear\20--Family_Group_20_Family_Group_Family_Group_20_652.jpg_b81835.jpg
20--Family_Group_20_Family_Group_Family_Group_20_652.jpg_b81833.jpg,val,occluded,147,147,1.0,True,large,wider_20--Family_Group_20_Family_Group_Family_Group_20_652.jpg,C:\Thực tập LUMI\model_BaiToan\Deepleaning\data\dataset\raw\occluded\20--Family_Group_20_Family_Group_Family_Group_20_652.jpg_b81833.jpg
19--Couple_19_Couple_Couple_19_269.jpg_b45526.jpg,val,clear,542,542,1.0,True,large,wider_19--Couple_19_Couple_Couple_19_269.jpg,C:\Thực tập LUMI\model_BaiToan\Deepleaning\data\dataset\raw\clear\19--Couple_19_Couple_Couple_19_269.jpg_b45526.jpg
19--Couple_19_Couple_Couple_19_173.jpg_b45593.jpg,val,clear,414,414,1.0,True,large,wider_19--Couple_19_Couple_Couple_19_173.jpg,C:\Thực tập LUMI\model_BaiToan\Deepleaning\data\dataset\raw\clear\19--Couple_19_Couple_Couple_19_173.jpg_b45593.jpg
008175_face.jpg,val,clear,136,136,1.0,True,large,single_008175_face.jpg,C:\Thực tập LUMI\model_BaiToan\Deepleaning\data\dataset\raw\clear\008175_face.jpg
54--Rescue_54_Rescue_rescuepeople_54_889.jpg_b137336.jpg,val,clear,134,134,1.0,True,large,wider_54--Rescue_54_Rescue_rescuepeople_54_889.jpg,C:\Thực tập LUMI\model_BaiToan\Deepleaning\data\dataset\raw\clear\54--Rescue_54_Rescue_rescuepeople_54_889.jpg_b137336.jpg
28--Sports_Fan_28_Sports_Fan_Sports_Fan_28_142.jpg_b93228.jpg,val,clear,160,160,1.0,True,large,wider_28--Sports_Fan_28_Sports_Fan_Sports_Fan_28_142.jpg,C:\Thực tập LUMI\model_BaiToan\Deepleaning\data\dataset\raw\clear\28--Sports_Fan_28_Sports_Fan_Sports_Fan_28_142.jpg_b93228.jpg
4--Dancing_4_Dancing_Dancing_4_595.jpg_b119499.jpg,val,clear,123,123,1.0,True,large,wider_4--Dancing_4_Dancing_Dancing_4_595.jpg,C:\Thực tập LUMI\model_BaiToan\Deepleaning\data\dataset\raw\clear\4--Dancing_4_Dancing_Dancing_4_595.jpg_b119499.jpg
61--Street_Battle_61_Street_Battle_streetfight_61_91.jpg_b147325.jpg,val,clear,212,212,1.0,True,large,wider_61--Street_Battle_61_Street_Battle_streetfight_61_91.jpg,C:\Thực tập LUMI\model_BaiToan\Deepleaning\data\dataset\raw\clear\61--Street_Battle_61_Street_Battle_streetfight_61_91.jpg_b147325.jpg
01a0b26a-dd18-74f1-b0ad-3ea75cb91744_nvr-llWGaUl9M9E771xokkJUiNr5fMyJBigI_1789699743625_img_face1.jpg,val,clear,118,118,1.0,True,large,single_01a0b26a-dd18-74f1-b0ad-3ea75cb91744_nvr-llWGaUl9M9E771xokkJUiNr5fMyJBigI_1789699743625_img_face1.jpg,C:\Thực tập LUMI\model_BaiToan\Deepleaning\data\dataset\raw\clear\01a0b26a-dd18-74f1-b0ad-3ea75cb91744_nvr-llWGaUl9M9E771xokkJUiNr5fMyJBigI_1789699743625_img_face1.jpg
008143_face.jpg,val,clear,117,117,1.0,True,large,single_008143_face.jpg,C:\Thực tập LUMI\model_BaiToan\Deepleaning\data\dataset\raw\clear\008143_face.jpg
40--Gymnastics_40_Gymnastics_Gymnastics_40_740.jpg_b30837.jpg,val,clear,329,329,1.0,True,large,wider_40--Gymnastics_40_Gymnastics_Gymnastics_40_740.jpg,C:\Thực tập LUMI\model_BaiToan\Deepleaning\data\dataset\raw\clear\40--Gymnastics_40_Gymnastics_Gymnastics_40_740.jpg_b30837.jpg
9--Press_Conference_9_Press_Conference_Press_Conference_9_329.jpg_b156222.jpg,val,clear,316,316,1.0,True,large,wider_9--Press_Conference_9_Press_Conference_Press_Conference_9_329.jpg,C:\Thực tập LUMI\model_BaiToan\Deepleaning\data\dataset\raw\clear\9--Press_Conference_9_Press_Conference_Press_Conference_9_329.jpg_b156222.jpg
31--Waiter_Waitress_31_Waiter_Waitress_Waiter_Waitress_31_595.jpg_b98751.jpg,val,clear,223,223,1.0,True,large,wider_31--Waiter_Waitress_31_Waiter_Waitress_Waiter_Waitress_31_595.jpg,C:\Thực tập LUMI\model_BaiToan\Deepleaning\data\dataset\raw\clear\31--Waiter_Waitress_31_Waiter_Waitress_Waiter_Waitress_31_595.jpg_b98751.jpg
000098_face.jpg,val,clear,131,131,1.0,True,large,single_000098_face.jpg,C:\Thực tập LUMI\model_BaiToan\Deepleaning\data\dataset\raw\clear\000098_face.jpg
13--Interview_13_Interview_Interview_Sequences_13_182.jpg_b37294.jpg,val,clear,256,256,1.0,True,large,wider_13--Interview_13_Interview_Interview_Sequences_13_182.jpg,C:\Thực tập LUMI\model_BaiToan\Deepleaning\data\dataset\raw\clear\13--Interview_13_Interview_Interview_Sequences_13_182.jpg_b37294.jpg
56--Voter_56_Voter_peoplevoting_56_722.jpg_b140453.jpg,val,clear,156,156,1.0,True,large,wider_56--Voter_56_Voter_peoplevoting_56_722.jpg,C:\Thực tập LUMI\model_BaiToan\Deepleaning\data\dataset\raw\clear\56--Voter_56_Voter_peoplevoting_56_722.jpg_b140453.jpg
13--Interview_13_Interview_Interview_Sequences_13_760.jpg_b36826.jpg,val,clear,360,360,1.0,True,large,wider_13--Interview_13_Interview_Interview_Sequences_13_760.jpg,C:\Thực tập LUMI\model_BaiToan\Deepleaning\data\dataset\raw\clear\13--Interview_13_Interview_Interview_Sequences_13_760.jpg_b36826.jpg
10--People_Marching_10_People_Marching_People_Marching_2_707.jpg_b18897.jpg,val,clear,320,320,1.0,True,large,wider_10--People_Marching_10_People_Marching_People_Marching_2_707.jpg,C:\Thực tập LUMI\model_BaiToan\Deepleaning\data\dataset\raw\clear\10--People_Marching_10_People_Marching_People_Marching_2_707.jpg_b18897.jpg
14--Traffic_14_Traffic_Traffic_14_741.jpg_b38286.jpg,val,clear,276,276,1.0,True,large,wider_14--Traffic_14_Traffic_Traffic_14_741.jpg,C:\Thực tập LUMI\model_BaiToan\Deepleaning\data\dataset\raw\clear\14--Traffic_14_Traffic_Traffic_14_741.jpg_b38286.jpg
46--Jockey_46_Jockey_Jockey_46_301.jpg_b124857.jpg,val,clear,291,291,1.0,True,large,wider_46--Jockey_46_Jockey_Jockey_46_301.jpg,C:\Thực tập LUMI\model_BaiToan\Deepleaning\data\dataset\raw\clear\46--Jockey_46_Jockey_Jockey_46_301.jpg_b124857.jpg
2--Demonstration_2_Demonstration_Political_Rally_2_169.jpg_b57391.jpg,val,clear,180,180,1.0,True,large,wider_2--Demonstration_2_Demonstration_Political_Rally_2_169.jpg,C:\Thực tập LUMI\model_BaiToan\Deepleaning\data\dataset\raw\clear\2--Demonstration_2_Demonstration_Political_Rally_2_169.jpg_b57391.jpg
13--Interview_13_Interview_Interview_On_Location_13_217.jpg_b37345.jpg,val,clear,118,118,1.0,True,large,wider_13--Interview_13_Interview_Interview_On_Location_13_217.jpg,C:\Thực tập LUMI\model_BaiToan\Deepleaning\data\dataset\raw\clear\13--Interview_13_Interview_Interview_On_Location_13_217.jpg_b37345.jpg
13--Interview_13_Interview_Interview_On_Location_13_550.jpg_b36491.jpg,val,clear,316,316,1.0,True,large,wider_13--Interview_13_Interview_Interview_On_Location_13_550.jpg,C:\Thực tập LUMI\model_BaiToan\Deepleaning\data\dataset\raw\clear\13--Interview_13_Interview_Interview_On_Location_13_550.jpg_b36491.jpg
49--Greeting_49_Greeting_peoplegreeting_49_656.jpg_b33347.jpg,val,clear,138,138,1.0,True,large,wider_49--Greeting_49_Greeting_peoplegreeting_49_656.jpg,C:\Thực tập LUMI\model_BaiToan\Deepleaning\data\dataset\raw\clear\49--Greeting_49_Greeting_peoplegreeting_49_656.jpg_b33347.jpg
55--Sports_Coach_Trainer_55_Sports_Coach_Trainer_sportcoaching_55_739.jpg_b138499.jpg,val,clear,256,256,1.0,True,large,wider_55--Sports_Coach_Trainer_55_Sports_Coach_Trainer_sportcoaching_55_739.jpg,C:\Thực tập LUMI\model_BaiToan\Deepleaning\data\dataset\raw\clear\55--Sports_Coach_Trainer_55_Sports_Coach_Trainer_sportcoaching_55_739.jpg_b138499.jpg
01a0b34a-f448-7c30-8d1b-4b0392614c63_nvr-llWGaUl9M9E771xokkJUiNr5fMyJBigI_1789714429314_img_face1.jpg,val,clear,140,140,1.0,True,large,single_01a0b34a-f448-7c30-8d1b-4b0392614c63_nvr-llWGaUl9M9E771xokkJUiNr5fMyJBigI_1789714429314_img_face1.jpg,C:\Thực tập LUMI\model_BaiToan\Deepleaning\data\dataset\raw\clear\01a0b34a-f448-7c30-8d1b-4b0392614c63_nvr-llWGaUl9M9E771xokkJUiNr5fMyJBigI_1789714429314_img_face1.jpg
16--Award_Ceremony_16_Award_Ceremony_Awards_Ceremony_16_341.jpg_b39724.jpg,val,clear,241,241,1.0,True,large,wider_16--Award_Ceremony_16_Award_Ceremony_Awards_Ceremony_16_341.jpg,C:\Thực tập LUMI\model_BaiToan\Deepleaning\data\dataset\raw\clear\16--Award_Ceremony_16_Award_Ceremony_Awards_Ceremony_16_341.jpg_b39724.jpg
7--Cheering_7_Cheering_Cheering_7_672.jpg_b148143.jpg,val,clear,131,131,1.0,True,large,wider_7--Cheering_7_Cheering_Cheering_7_672.jpg,C:\Thực tập LUMI\model_BaiToan\Deepleaning\data\dataset\raw\clear\7--Cheering_7_Cheering_Cheering_7_672.jpg_b148143.jpg
2--Demonstration_2_Demonstration_Political_Rally_2_360.jpg_b70148.jpg,val,clear,312,312,1.0,True,large,wider_2--Demonstration_2_Demonstration_Political_Rally_2_360.jpg,C:\Thực tập LUMI\model_BaiToan\Deepleaning\data\dataset\raw\clear\2--Demonstration_2_Demonstration_Political_Rally_2_360.jpg_b70148.jpg
48--Parachutist_Paratrooper_48_Parachutist_Paratrooper_Parachutist_Paratrooper_48_822.jpg_b129971.jpg,val,clear,334,334,1.0,True,large,wider_48--Parachutist_Paratrooper_48_Parachutist_Paratrooper_Parachutist_Paratrooper_48_822.jpg,C:\Thực tập LUMI\model_BaiToan\Deepleaning\data\dataset\raw\clear\48--Parachutist_Paratrooper_48_Parachutist_Paratrooper_Parachutist_Paratrooper_48_822.jpg_b129971.jpg
9--Press_Conference_9_Press_Conference_Press_Conference_9_568.jpg_b156890.jpg,val,clear,595,595,1.0,True,large,wider_9--Press_Conference_9_Press_Conference_Press_Conference_9_568.jpg,C:\Thực tập LUMI\model_BaiToan\Deepleaning\data\dataset\raw\clear\9--Press_Conference_9_Press_Conference_Press_Conference_9_568.jpg_b156890.jpg
52--Photographers_52_Photographers_taketouristphotos_52_3.jpg_b34501.jpg,val,clear,112,112,1.0,True,large,wider_52--Photographers_52_Photographers_taketouristphotos_52_3.jpg,C:\Thực tập LUMI\model_BaiToan\Deepleaning\data\dataset\raw\clear\52--Photographers_52_Photographers_taketouristphotos_52_3.jpg_b34501.jpg
12--Group_12_Group_Group_12_Group_Group_12_124.jpg_b26385.jpg,val,clear,126,126,1.0,True,large,wider_12--Group_12_Group_Group_12_Group_Group_12_124.jpg,C:\Thực tập LUMI\model_BaiToan\Deepleaning\data\dataset\raw\clear\12--Group_12_Group_Group_12_Group_Group_12_124.jpg_b26385.jpg
12--Group_12_Group_Group_12_Group_Group_12_124.jpg_b26388.jpg,val,clear,158,158,1.0,True,large,wider_12--Group_12_Group_Group_12_Group_Group_12_124.jpg,C:\Thực tập LUMI\model_BaiToan\Deepleaning\data\dataset\raw\clear\12--Group_12_Group_Group_12_Group_Group_12_124.jpg_b26388.jpg
12--Group_12_Group_Group_12_Group_Group_12_124.jpg_b26389.jpg,val,occluded,136,136,1.0,True,large,wider_12--Group_12_Group_Group_12_Group_Group_12_124.jpg,C:\Thực tập LUMI\model_BaiToan\Deepleaning\data\dataset\raw\occluded\12--Group_12_Group_Group_12_Group_Group_12_124.jpg_b26389.jpg
19--Couple_19_Couple_Couple_19_752.jpg_b45417.jpg,val,clear,135,135,1.0,True,large,wider_19--Couple_19_Couple_Couple_19_752.jpg,C:\Thực tập LUMI\model_BaiToan\Deepleaning\data\dataset\raw\clear\19--Couple_19_Couple_Couple_19_752.jpg_b45417.jpg
13--Interview_13_Interview_Interview_On_Location_13_204.jpg_b36263.jpg,val,clear,151,151,1.0,True,large,wider_13--Interview_13_Interview_Interview_On_Location_13_204.jpg,C:\Thực tập LUMI\model_BaiToan\Deepleaning\data\dataset\raw\clear\13--Interview_13_Interview_Interview_On_Location_13_204.jpg_b36263.jpg
17--Ceremony_17_Ceremony_Ceremony_17_528.jpg_b42026.jpg,val,clear,124,124,1.0,True,large,wider_17--Ceremony_17_Ceremony_Ceremony_17_528.jpg,C:\Thực tập LUMI\model_BaiToan\Deepleaning\data\dataset\raw\clear\17--Ceremony_17_Ceremony_Ceremony_17_528.jpg_b42026.jpg
11--Meeting_11_Meeting_Meeting_11_Meeting_Meeting_11_582.jpg_b23782.jpg,val,clear,242,242,1.0,True,large,wider_11--Meeting_11_Meeting_Meeting_11_Meeting_Meeting_11_582.jpg,C:\Thực tập LUMI\model_BaiToan\Deepleaning\data\dataset\raw\clear\11--Meeting_11_Meeting_Meeting_11_Meeting_Meeting_11_582.jpg_b23782.jpg
1--Handshaking_1_Handshaking_Handshaking_1_107.jpg_b3823.jpg,val,clear,258,258,1.0,True,large,wider_1--Handshaking_1_Handshaking_Handshaking_1_107.jpg,C:\Thực tập LUMI\model_BaiToan\Deepleaning\data\dataset\raw\clear\1--Handshaking_1_Handshaking_Handshaking_1_107.jpg_b3823.jpg
40--Gymnastics_40_Gymnastics_Gymnastics_40_494.jpg_b120686.jpg,val,clear,180,180,1.0,True,large,wider_40--Gymnastics_40_Gymnastics_Gymnastics_40_494.jpg,C:\Thực tập LUMI\model_BaiToan\Deepleaning\data\dataset\raw\clear\40--Gymnastics_40_Gymnastics_Gymnastics_40_494.jpg_b120686.jpg
44--Aerobics_44_Aerobics_Aerobics_44_474.jpg_b123649.jpg,val,clear,112,112,1.0,True,large,wider_44--Aerobics_44_Aerobics_Aerobics_44_474.jpg,C:\Thực tập LUMI\model_BaiToan\Deepleaning\data\dataset\raw\clear\44--Aerobics_44_Aerobics_Aerobics_44_474.jpg_b123649.jpg
31--Waiter_Waitress_31_Waiter_Waitress_Waiter_Waitress_31_281.jpg_b99307.jpg,val,clear,178,178,1.0,True,large,wider_31--Waiter_Waitress_31_Waiter_Waitress_Waiter_Waitress_31_281.jpg,C:\Thực tập LUMI\model_BaiToan\Deepleaning\data\dataset\raw\clear\31--Waiter_Waitress_31_Waiter_Waitress_Waiter_Waitress_31_281.jpg_b99307.jpg
01a0b343-e798-70e0-8849-7089effaff9c_nvr-llWGaUl9M9E771xokkJUiNr5fMyJBigI_1789713967381_img_face9.jpg,val,clear,112,112,1.0,True,large,single_01a0b343-e798-70e0-8849-7089effaff9c_nvr-llWGaUl9M9E771xokkJUiNr5fMyJBigI_1789713967381_img_face9.jpg,C:\Thực tập LUMI\model_BaiToan\Deepleaning\data\dataset\raw\clear\01a0b343-e798-70e0-8849-7089effaff9c_nvr-llWGaUl9M9E771xokkJUiNr5fMyJBigI_1789713967381_img_face9.jpg
15--Stock_Market_15_Stock_Market_Stock_Market_15_479.jpg_b38880.jpg,val,clear,132,132,1.0,True,large,wider_15--Stock_Market_15_Stock_Market_Stock_Market_15_479.jpg,C:\Thực tập LUMI\model_BaiToan\Deepleaning\data\dataset\raw\clear\15--Stock_Market_15_Stock_Market_Stock_Market_15_479.jpg_b38880.jpg
13--Interview_13_Interview_Interview_Sequences_13_134.jpg_b9644.jpg,val,clear,276,276,1.0,True,large,wider_13--Interview_13_Interview_Interview_Sequences_13_134.jpg,C:\Thực tập LUMI\model_BaiToan\Deepleaning\data\dataset\raw\clear\13--Interview_13_Interview_Interview_Sequences_13_134.jpg_b9644.jpg
19--Couple_19_Couple_Couple_19_7.jpg_b45297.jpg,val,clear,666,666,1.0,True,large,wider_19--Couple_19_Couple_Couple_19_7.jpg,C:\Thực tập LUMI\model_BaiToan\Deepleaning\data\dataset\raw\clear\19--Couple_19_Couple_Couple_19_7.jpg_b45297.jpg
35--Basketball_35_Basketball_playingbasketball_35_403.jpg_b102719.jpg,val,clear,135,135,1.0,True,large,wider_35--Basketball_35_Basketball_playingbasketball_35_403.jpg,C:\Thực tập LUMI\model_BaiToan\Deepleaning\data\dataset\raw\clear\35--Basketball_35_Basketball_playingbasketball_35_403.jpg_b102719.jpg
19--Couple_19_Couple_Couple_19_910.jpg_b11426.jpg,val,clear,496,496,1.0,True,large,wider_19--Couple_19_Couple_Couple_19_910.jpg,C:\Thực tập LUMI\model_BaiToan\Deepleaning\data\dataset\raw\clear\19--Couple_19_Couple_Couple_19_910.jpg_b11426.jpg
19--Couple_19_Couple_Couple_19_910.jpg_b11427.jpg,val,clear,98,98,1.0,True,medium,wider_19--Couple_19_Couple_Couple_19_910.jpg,C:\Thực tập LUMI\model_BaiToan\Deepleaning\data\dataset\raw\clear\19--Couple_19_Couple_Couple_19_910.jpg_b11427.jpg
36--Football_36_Football_americanfootball_ball_36_846.jpg_b112705.jpg,val,clear,150,150,1.0,True,large,wider_36--Football_36_Football_americanfootball_ball_36_846.jpg,C:\Thực tập LUMI\model_BaiToan\Deepleaning\data\dataset\raw\clear\36--Football_36_Football_americanfootball_ball_36_846.jpg_b112705.jpg
12--Group_12_Group_Large_Group_12_Group_Large_Group_12_448.jpg_b7289.jpg,val,clear,264,264,1.0,True,large,wider_12--Group_12_Group_Large_Group_12_Group_Large_Group_12_448.jpg,C:\Thực tập LUMI\model_BaiToan\Deepleaning\data\dataset\raw\clear\12--Group_12_Group_Large_Group_12_Group_Large_Group_12_448.jpg_b7289.jpg
12--Group_12_Group_Large_Group_12_Group_Large_Group_12_448.jpg_b7290.jpg,val,clear,238,238,1.0,True,large,wider_12--Group_12_Group_Large_Group_12_Group_Large_Group_12_448.jpg,C:\Thực tập LUMI\model_BaiToan\Deepleaning\data\dataset\raw\clear\12--Group_12_Group_Large_Group_12_Group_Large_Group_12_448.jpg_b7290.jpg
56--Voter_56_Voter_peoplevoting_56_362.jpg_b141005.jpg,val,clear,118,118,1.0,True,large,wider_56--Voter_56_Voter_peoplevoting_56_362.jpg,C:\Thực tập LUMI\model_BaiToan\Deepleaning\data\dataset\raw\clear\56--Voter_56_Voter_peoplevoting_56_362.jpg_b141005.jpg
56--Voter_56_Voter_peoplevoting_56_362.jpg_b141008.jpg,val,clear,134,134,1.0,True,large,wider_56--Voter_56_Voter_peoplevoting_56_362.jpg,C:\Thực tập LUMI\model_BaiToan\Deepleaning\data\dataset\raw\clear\56--Voter_56_Voter_peoplevoting_56_362.jpg_b141008.jpg
21--Festival_21_Festival_Festival_21_491.jpg_b21102.jpg,val,clear,255,255,1.0,True,large,wider_21--Festival_21_Festival_Festival_21_491.jpg,C:\Thực tập LUMI\model_BaiToan\Deepleaning\data\dataset\raw\clear\21--Festival_21_Festival_Festival_21_491.jpg_b21102.jpg
28--Sports_Fan_28_Sports_Fan_Sports_Fan_28_488.jpg_b94650.jpg,val,clear,224,224,1.0,True,large,wider_28--Sports_Fan_28_Sports_Fan_Sports_Fan_28_488.jpg,C:\Thực tập LUMI\model_BaiToan\Deepleaning\data\dataset\raw\clear\28--Sports_Fan_28_Sports_Fan_Sports_Fan_28_488.jpg_b94650.jpg
002906_face.jpg,val,clear,126,126,1.0,True,large,single_002906_face.jpg,C:\Thực tập LUMI\model_BaiToan\Deepleaning\data\dataset\raw\clear\002906_face.jpg
01a0b357-7f38-7ae3-be92-203998a2f198_nvr-llWGaUl9M9E771xokkJUiNr5fMyJBigI_1789715250951_img_face1.jpg,val,clear,116,116,1.0,True,large,single_01a0b357-7f38-7ae3-be92-203998a2f198_nvr-llWGaUl9M9E771xokkJUiNr5fMyJBigI_1789715250951_img_face1.jpg,C:\Thực tập LUMI\model_BaiToan\Deepleaning\data\dataset\raw\clear\01a0b357-7f38-7ae3-be92-203998a2f198_nvr-llWGaUl9M9E771xokkJUiNr5fMyJBigI_1789715250951_img_face1.jpg
11--Meeting_11_Meeting_Meeting_11_Meeting_Meeting_11_233.jpg_b23852.jpg,val,clear,184,184,1.0,True,large,wider_11--Meeting_11_Meeting_Meeting_11_Meeting_Meeting_11_233.jpg,C:\Thực tập LUMI\model_BaiToan\Deepleaning\data\dataset\raw\clear\11--Meeting_11_Meeting_Meeting_11_Meeting_Meeting_11_233.jpg_b23852.jpg
20--Family_Group_20_Family_Group_Family_Group_20_387.jpg_b20951.jpg,val,clear,150,150,1.0,True,large,wider_20--Family_Group_20_Family_Group_Family_Group_20_387.jpg,C:\Thực tập LUMI\model_BaiToan\Deepleaning\data\dataset\raw\clear\20--Family_Group_20_Family_Group_Family_Group_20_387.jpg_b20951.jpg
GiangNDM_20260414_161924_472.jpg,val,clear,112,112,1.0,True,large,person_session_GiangNDM_20260414_1619,C:\Thực tập LUMI\model_BaiToan\Deepleaning\data\dataset\raw\clear\GiangNDM_20260414_161924_472.jpg
GiangNDM_20260414_161926_309.jpg,val,clear,112,112,1.0,True,large,person_session_GiangNDM_20260414_1619,C:\Thực tập LUMI\model_BaiToan\Deepleaning\data\dataset\raw\clear\GiangNDM_20260414_161926_309.jpg
GiangNDM_20260414_161927_15.jpg,val,clear,112,112,1.0,True,large,person_session_GiangNDM_20260414_1619,C:\Thực tập LUMI\model_BaiToan\Deepleaning\data\dataset\raw\clear\GiangNDM_20260414_161927_15.jpg
GiangNDM_20260414_161948_289.jpg,val,clear,112,112,1.0,True,large,person_session_GiangNDM_20260414_1619,C:\Thực tập LUMI\model_BaiToan\Deepleaning\data\dataset\raw\clear\GiangNDM_20260414_161948_289.jpg
GiangNDM_20260414_161952_464.jpg,val,clear,112,112,1.0,True,large,person_session_GiangNDM_20260414_1619,C:\Thực tập LUMI\model_BaiToan\Deepleaning\data\dataset\raw\clear\GiangNDM_20260414_161952_464.jpg
GiangNDM_20260414_161954_377.jpg,val,clear,112,112,1.0,True,large,person_session_GiangNDM_20260414_1619,C:\Thực tập LUMI\model_BaiToan\Deepleaning\data\dataset\raw\clear\GiangNDM_20260414_161954_377.jpg
GiangNDM_20260414_161919_479.jpg,val,occluded,112,112,1.0,True,large,person_session_GiangNDM_20260414_1619,C:\Thực tập LUMI\model_BaiToan\Deepleaning\data\dataset\raw\occluded\GiangNDM_20260414_161919_479.jpg
33--Running_33_Running_Running_33_553.jpg_b99888.jpg,val,clear,120,120,1.0,True,large,wider_33--Running_33_Running_Running_33_553.jpg,C:\Thực tập LUMI\model_BaiToan\Deepleaning\data\dataset\raw\clear\33--Running_33_Running_Running_33_553.jpg_b99888.jpg
7--Cheering_7_Cheering_Cheering_7_134.jpg_b37275.jpg,val,clear,124,124,1.0,True,large,wider_7--Cheering_7_Cheering_Cheering_7_134.jpg,C:\Thực tập LUMI\model_BaiToan\Deepleaning\data\dataset\raw\clear\7--Cheering_7_Cheering_Cheering_7_134.jpg_b37275.jpg
12--Group_12_Group_Group_12_Group_Group_12_358.jpg_b35743.jpg,val,clear,156,156,1.0,True,large,wider_12--Group_12_Group_Group_12_Group_Group_12_358.jpg,C:\Thực tập LUMI\model_BaiToan\Deepleaning\data\dataset\raw\clear\12--Group_12_Group_Group_12_Group_Group_12_358.jpg_b35743.jpg
16--Award_Ceremony_16_Award_Ceremony_Awards_Ceremony_16_271.jpg_b39790.jpg,val,clear,328,328,1.0,True,large,wider_16--Award_Ceremony_16_Award_Ceremony_Awards_Ceremony_16_271.jpg,C:\Thực tập LUMI\model_BaiToan\Deepleaning\data\dataset\raw\clear\16--Award_Ceremony_16_Award_Ceremony_Awards_Ceremony_16_271.jpg_b39790.jpg
16--Award_Ceremony_16_Award_Ceremony_Awards_Ceremony_16_242.jpg_b40245.jpg,val,clear,214,214,1.0,True,large,wider_16--Award_Ceremony_16_Award_Ceremony_Awards_Ceremony_16_242.jpg,C:\Thực tập LUMI\model_BaiToan\Deepleaning\data\dataset\raw\clear\16--Award_Ceremony_16_Award_Ceremony_Awards_Ceremony_16_242.jpg_b40245.jpg
35--Basketball_35_Basketball_playingbasketball_35_491.jpg_b26435.jpg,val,clear,307,307,1.0,True,large,wider_35--Basketball_35_Basketball_playingbasketball_35_491.jpg,C:\Thực tập LUMI\model_BaiToan\Deepleaning\data\dataset\raw\clear\35--Basketball_35_Basketball_playingbasketball_35_491.jpg_b26435.jpg
4--Dancing_4_Dancing_Dancing_4_963.jpg_b118831.jpg,val,clear,268,268,1.0,True,large,wider_4--Dancing_4_Dancing_Dancing_4_963.jpg,C:\Thực tập LUMI\model_BaiToan\Deepleaning\data\dataset\raw\clear\4--Dancing_4_Dancing_Dancing_4_963.jpg_b118831.jpg
56--Voter_56_Voter_peoplevoting_56_633.jpg_b139840.jpg,val,clear,178,178,1.0,True,large,wider_56--Voter_56_Voter_peoplevoting_56_633.jpg,C:\Thực tập LUMI\model_BaiToan\Deepleaning\data\dataset\raw\clear\56--Voter_56_Voter_peoplevoting_56_633.jpg_b139840.jpg
000841_face.jpg,val,clear,116,116,1.0,True,large,single_000841_face.jpg,C:\Thực tập LUMI\model_BaiToan\Deepleaning\data\dataset\raw\clear\000841_face.jpg
28--Sports_Fan_28_Sports_Fan_Sports_Fan_28_31.jpg_b93359.jpg,val,clear,197,197,1.0,True,large,wider_28--Sports_Fan_28_Sports_Fan_Sports_Fan_28_31.jpg,C:\Thực tập LUMI\model_BaiToan\Deepleaning\data\dataset\raw\clear\28--Sports_Fan_28_Sports_Fan_Sports_Fan_28_31.jpg_b93359.jpg
51--Dresses_51_Dresses_wearingdress_51_97.jpg_b134551.jpg,val,clear,227,227,1.0,True,large,wider_51--Dresses_51_Dresses_wearingdress_51_97.jpg,C:\Thực tập LUMI\model_BaiToan\Deepleaning\data\dataset\raw\clear\51--Dresses_51_Dresses_wearingdress_51_97.jpg_b134551.jpg
01a0b343-f738-70a2-abb5-079eda7e998f_nvr-llWGaUl9M9E771xokkJUiNr5fMyJBigI_1789713971230_img_face3.jpg,val,clear,132,132,1.0,True,large,single_01a0b343-f738-70a2-abb5-079eda7e998f_nvr-llWGaUl9M9E771xokkJUiNr5fMyJBigI_1789713971230_img_face3.jpg,C:\Thực tập LUMI\model_BaiToan\Deepleaning\data\dataset\raw\clear\01a0b343-f738-70a2-abb5-079eda7e998f_nvr-llWGaUl9M9E771xokkJUiNr5fMyJBigI_1789713971230_img_face3.jpg
59--people--driving--car_59_peopledrivingcar_peopledrivingcar_59_572.jpg_b144210.jpg,val,clear,207,207,1.0,True,large,wider_59--people--driving--car_59_peopledrivingcar_peopledrivingcar_59_572.jpg,C:\Thực tập LUMI\model_BaiToan\Deepleaning\data\dataset\raw\clear\59--people--driving--car_59_peopledrivingcar_peopledrivingcar_59_572.jpg_b144210.jpg
44--Aerobics_44_Aerobics_Aerobics_44_492.jpg_b123558.jpg,val,clear,112,112,1.0,True,large,wider_44--Aerobics_44_Aerobics_Aerobics_44_492.jpg,C:\Thực tập LUMI\model_BaiToan\Deepleaning\data\dataset\raw\clear\44--Aerobics_44_Aerobics_Aerobics_44_492.jpg_b123558.jpg
16--Award_Ceremony_16_Award_Ceremony_Awards_Ceremony_16_115.jpg_b40148.jpg,val,clear,128,128,1.0,True,large,wider_16--Award_Ceremony_16_Award_Ceremony_Awards_Ceremony_16_115.jpg,C:\Thực tập LUMI\model_BaiToan\Deepleaning\data\dataset\raw\clear\16--Award_Ceremony_16_Award_Ceremony_Awards_Ceremony_16_115.jpg_b40148.jpg
16--Award_Ceremony_16_Award_Ceremony_Awards_Ceremony_16_115.jpg_b40149.jpg,val,clear,121,121,1.0,True,large,wider_16--Award_Ceremony_16_Award_Ceremony_Awards_Ceremony_16_115.jpg,C:\Thực tập LUMI\model_BaiToan\Deepleaning\data\dataset\raw\clear\16--Award_Ceremony_16_Award_Ceremony_Awards_Ceremony_16_115.jpg_b40149.jpg
28--Sports_Fan_28_Sports_Fan_Sports_Fan_28_569.jpg_b94746.jpg,val,clear,244,244,1.0,True,large,wider_28--Sports_Fan_28_Sports_Fan_Sports_Fan_28_569.jpg,C:\Thực tập LUMI\model_BaiToan\Deepleaning\data\dataset\raw\clear\28--Sports_Fan_28_Sports_Fan_Sports_Fan_28_569.jpg_b94746.jpg
36--Football_36_Football_americanfootball_ball_36_537.jpg_b113054.jpg,val,clear,214,214,1.0,True,large,wider_36--Football_36_Football_americanfootball_ball_36_537.jpg,C:\Thực tập LUMI\model_BaiToan\Deepleaning\data\dataset\raw\clear\36--Football_36_Football_americanfootball_ball_36_537.jpg_b113054.jpg
50--Celebration_Or_Party_50_Celebration_Or_Party_houseparty_50_121.jpg_b133825.jpg,val,clear,274,274,1.0,True,large,wider_50--Celebration_Or_Party_50_Celebration_Or_Party_houseparty_50_121.jpg,C:\Thực tập LUMI\model_BaiToan\Deepleaning\data\dataset\raw\clear\50--Celebration_Or_Party_50_Celebration_Or_Party_houseparty_50_121.jpg_b133825.jpg
50--Celebration_Or_Party_50_Celebration_Or_Party_houseparty_50_121.jpg_b133826.jpg,val,clear,326,326,1.0,True,large,wider_50--Celebration_Or_Party_50_Celebration_Or_Party_houseparty_50_121.jpg,C:\Thực tập LUMI\model_BaiToan\Deepleaning\data\dataset\raw\clear\50--Celebration_Or_Party_50_Celebration_Or_Party_houseparty_50_121.jpg_b133826.jpg
13--Interview_13_Interview_Interview_Sequences_13_1026.jpg_b36406.jpg,val,clear,440,440,1.0,True,large,wider_13--Interview_13_Interview_Interview_Sequences_13_1026.jpg,C:\Thực tập LUMI\model_BaiToan\Deepleaning\data\dataset\raw\clear\13--Interview_13_Interview_Interview_Sequences_13_1026.jpg_b36406.jpg
35--Basketball_35_Basketball_playingbasketball_35_58.jpg_b104405.jpg,val,clear,117,117,1.0,True,large,wider_35--Basketball_35_Basketball_playingbasketball_35_58.jpg,C:\Thực tập LUMI\model_BaiToan\Deepleaning\data\dataset\raw\clear\35--Basketball_35_Basketball_playingbasketball_35_58.jpg_b104405.jpg
1--Handshaking_1_Handshaking_Handshaking_1_542.jpg_b16575.jpg,val,clear,130,130,1.0,True,large,wider_1--Handshaking_1_Handshaking_Handshaking_1_542.jpg,C:\Thực tập LUMI\model_BaiToan\Deepleaning\data\dataset\raw\clear\1--Handshaking_1_Handshaking_Handshaking_1_542.jpg_b16575.jpg
28--Sports_Fan_28_Sports_Fan_Sports_Fan_28_535.jpg_b23317.jpg,val,clear,208,208,1.0,True,large,wider_28--Sports_Fan_28_Sports_Fan_Sports_Fan_28_535.jpg,C:\Thực tập LUMI\model_BaiToan\Deepleaning\data\dataset\raw\clear\28--Sports_Fan_28_Sports_Fan_Sports_Fan_28_535.jpg_b23317.jpg
0--Parade_0_Parade_Parade_0_605.jpg_b4214.jpg,val,clear,118,118,1.0,True,large,wider_0--Parade_0_Parade_Parade_0_605.jpg,C:\Thực tập LUMI\model_BaiToan\Deepleaning\data\dataset\raw\clear\0--Parade_0_Parade_Parade_0_605.jpg_b4214.jpg
61--Street_Battle_61_Street_Battle_streetfight_61_100.jpg_b147245.jpg,val,clear,131,131,1.0,True,large,wider_61--Street_Battle_61_Street_Battle_streetfight_61_100.jpg,C:\Thực tập LUMI\model_BaiToan\Deepleaning\data\dataset\raw\clear\61--Street_Battle_61_Street_Battle_streetfight_61_100.jpg_b147245.jpg
22--Picnic_22_Picnic_Picnic_22_944.jpg_b89465.jpg,val,clear,600,600,1.0,True,large,wider_22--Picnic_22_Picnic_Picnic_22_944.jpg,C:\Thực tập LUMI\model_BaiToan\Deepleaning\data\dataset\raw\clear\22--Picnic_22_Picnic_Picnic_22_944.jpg_b89465.jpg
11--Meeting_11_Meeting_Meeting_11_Meeting_Meeting_11_415.jpg_b23406.jpg,val,clear,112,112,1.0,True,large,wider_11--Meeting_11_Meeting_Meeting_11_Meeting_Meeting_11_415.jpg,C:\Thực tập LUMI\model_BaiToan\Deepleaning\data\dataset\raw\clear\11--Meeting_11_Meeting_Meeting_11_Meeting_Meeting_11_415.jpg_b23406.jpg
35--Basketball_35_Basketball_playingbasketball_35_43.jpg_b108881.jpg,val,clear,162,162,1.0,True,large,wider_35--Basketball_35_Basketball_playingbasketball_35_43.jpg,C:\Thực tập LUMI\model_BaiToan\Deepleaning\data\dataset\raw\clear\35--Basketball_35_Basketball_playingbasketball_35_43.jpg_b108881.jpg
16--Award_Ceremony_16_Award_Ceremony_Awards_Ceremony_16_513.jpg_b40244.jpg,val,clear,305,305,1.0,True,large,wider_16--Award_Ceremony_16_Award_Ceremony_Awards_Ceremony_16_513.jpg,C:\Thực tập LUMI\model_BaiToan\Deepleaning\data\dataset\raw\clear\16--Award_Ceremony_16_Award_Ceremony_Awards_Ceremony_16_513.jpg_b40244.jpg
4--Dancing_4_Dancing_Dancing_4_522.jpg_b119185.jpg,val,clear,309,309,1.0,True,large,wider_4--Dancing_4_Dancing_Dancing_4_522.jpg,C:\Thực tập LUMI\model_BaiToan\Deepleaning\data\dataset\raw\clear\4--Dancing_4_Dancing_Dancing_4_522.jpg_b119185.jpg
25--Soldier_Patrol_25_Soldier_Patrol_Soldier_Patrol_25_1030.jpg_b90989.jpg,val,clear,436,436,1.0,True,large,wider_25--Soldier_Patrol_25_Soldier_Patrol_Soldier_Patrol_25_1030.jpg,C:\Thực tập LUMI\model_BaiToan\Deepleaning\data\dataset\raw\clear\25--Soldier_Patrol_25_Soldier_Patrol_Soldier_Patrol_25_1030.jpg_b90989.jpg
9--Press_Conference_9_Press_Conference_Press_Conference_9_454.jpg_b156176.jpg,val,clear,417,417,1.0,True,large,wider_9--Press_Conference_9_Press_Conference_Press_Conference_9_454.jpg,C:\Thực tập LUMI\model_BaiToan\Deepleaning\data\dataset\raw\clear\9--Press_Conference_9_Press_Conference_Press_Conference_9_454.jpg_b156176.jpg
11--Meeting_11_Meeting_Meeting_11_Meeting_Meeting_11_443.jpg_b23216.jpg,val,clear,114,114,1.0,True,large,wider_11--Meeting_11_Meeting_Meeting_11_Meeting_Meeting_11_443.jpg,C:\Thực tập LUMI\model_BaiToan\Deepleaning\data\dataset\raw\clear\11--Meeting_11_Meeting_Meeting_11_Meeting_Meeting_11_443.jpg_b23216.jpg
9--Press_Conference_9_Press_Conference_Press_Conference_9_811.jpg_b156646.jpg,val,clear,616,616,1.0,True,large,wider_9--Press_Conference_9_Press_Conference_Press_Conference_9_811.jpg,C:\Thực tập LUMI\model_BaiToan\Deepleaning\data\dataset\raw\clear\9--Press_Conference_9_Press_Conference_Press_Conference_9_811.jpg_b156646.jpg
44--Aerobics_44_Aerobics_Aerobics_44_434.jpg_b123455.jpg,val,clear,174,174,1.0,True,large,wider_44--Aerobics_44_Aerobics_Aerobics_44_434.jpg,C:\Thực tập LUMI\model_BaiToan\Deepleaning\data\dataset\raw\clear\44--Aerobics_44_Aerobics_Aerobics_44_434.jpg_b123455.jpg
19--Couple_19_Couple_Couple_19_693.jpg_b45399.jpg,val,clear,162,162,1.0,True,large,wider_19--Couple_19_Couple_Couple_19_693.jpg,C:\Thực tập LUMI\model_BaiToan\Deepleaning\data\dataset\raw\clear\19--Couple_19_Couple_Couple_19_693.jpg_b45399.jpg
19--Couple_19_Couple_Couple_19_693.jpg_b45402.jpg,val,clear,74,74,1.0,True,small,wider_19--Couple_19_Couple_Couple_19_693.jpg,C:\Thực tập LUMI\model_BaiToan\Deepleaning\data\dataset\raw\clear\19--Couple_19_Couple_Couple_19_693.jpg_b45402.jpg
3--Riot_3_Riot_Riot_3_134.jpg_b97903.jpg,val,clear,126,126,1.0,True,large,wider_3--Riot_3_Riot_Riot_3_134.jpg,C:\Thực tập LUMI\model_BaiToan\Deepleaning\data\dataset\raw\clear\3--Riot_3_Riot_Riot_3_134.jpg_b97903.jpg
24--Soldier_Firing_24_Soldier_Firing_Soldier_Firing_24_824.jpg_b22644.jpg,val,clear,580,580,1.0,True,large,wider_24--Soldier_Firing_24_Soldier_Firing_Soldier_Firing_24_824.jpg,C:\Thực tập LUMI\model_BaiToan\Deepleaning\data\dataset\raw\clear\24--Soldier_Firing_24_Soldier_Firing_Soldier_Firing_24_824.jpg_b22644.jpg
12--Group_12_Group_Team_Organized_Group_12_Group_Team_Organized_Group_12_574.jpg_b34932.jpg,val,clear,171,171,1.0,True,large,wider_12--Group_12_Group_Team_Organized_Group_12_Group_Team_Organized_Group_12_574.jpg,C:\Thực tập LUMI\model_BaiToan\Deepleaning\data\dataset\raw\clear\12--Group_12_Group_Team_Organized_Group_12_Group_Team_Organized_Group_12_574.jpg_b34932.jpg
3--Riot_3_Riot_Riot_3_571.jpg_b97880.jpg,val,clear,116,116,1.0,True,large,wider_3--Riot_3_Riot_Riot_3_571.jpg,C:\Thực tập LUMI\model_BaiToan\Deepleaning\data\dataset\raw\clear\3--Riot_3_Riot_Riot_3_571.jpg_b97880.jpg
44--Aerobics_44_Aerobics_Aerobics_44_752.jpg_b124433.jpg,val,clear,120,120,1.0,True,large,wider_44--Aerobics_44_Aerobics_Aerobics_44_752.jpg,C:\Thực tập LUMI\model_BaiToan\Deepleaning\data\dataset\raw\clear\44--Aerobics_44_Aerobics_Aerobics_44_752.jpg_b124433.jpg
9--Press_Conference_9_Press_Conference_Press_Conference_9_928.jpg_b156832.jpg,val,clear,641,641,1.0,True,large,wider_9--Press_Conference_9_Press_Conference_Press_Conference_9_928.jpg,C:\Thực tập LUMI\model_BaiToan\Deepleaning\data\dataset\raw\clear\9--Press_Conference_9_Press_Conference_Press_Conference_9_928.jpg_b156832.jpg
01a0b94c-4ec8-70f3-b3c2-593ade5f89f4_nvr-llWGaUl9M9E771xokkJUiNr5fMyJBigI_1789815181300_img_face1.jpg,val,clear,82,82,1.0,True,medium,single_01a0b94c-4ec8-70f3-b3c2-593ade5f89f4_nvr-llWGaUl9M9E771xokkJUiNr5fMyJBigI_1789815181300_img_face1.jpg,C:\Thực tập LUMI\model_BaiToan\Deepleaning\data\dataset\raw\clear\01a0b94c-4ec8-70f3-b3c2-593ade5f89f4_nvr-llWGaUl9M9E771xokkJUiNr5fMyJBigI_1789815181300_img_face1.jpg
01a0b348-9ab8-7bf0-a13b-de297a36c068_nvr-llWGaUl9M9E771xokkJUiNr5fMyJBigI_1789714275835_img_face5.jpg,val,clear,105,105,1.0,True,medium,single_01a0b348-9ab8-7bf0-a13b-de297a36c068_nvr-llWGaUl9M9E771xokkJUiNr5fMyJBigI_1789714275835_img_face5.jpg,C:\Thực tập LUMI\model_BaiToan\Deepleaning\data\dataset\raw\clear\01a0b348-9ab8-7bf0-a13b-de297a36c068_nvr-llWGaUl9M9E771xokkJUiNr5fMyJBigI_1789714275835_img_face5.jpg
58--Hockey_58_Hockey_icehockey_puck_58_508.jpg_b142927.jpg,val,clear,84,84,1.0,True,medium,wider_58--Hockey_58_Hockey_icehockey_puck_58_508.jpg,C:\Thực tập LUMI\model_BaiToan\Deepleaning\data\dataset\raw\clear\58--Hockey_58_Hockey_icehockey_puck_58_508.jpg_b142927.jpg
58--Hockey_58_Hockey_icehockey_puck_58_508.jpg_b142937.jpg,val,clear,76,76,1.0,True,medium,wider_58--Hockey_58_Hockey_icehockey_puck_58_508.jpg,C:\Thực tập LUMI\model_BaiToan\Deepleaning\data\dataset\raw\clear\58--Hockey_58_Hockey_icehockey_puck_58_508.jpg_b142937.jpg
45--Balloonist_45_Balloonist_Balloonist_45_134.jpg_b31980.jpg,val,clear,76,76,1.0,True,medium,wider_45--Balloonist_45_Balloonist_Balloonist_45_134.jpg,C:\Thực tập LUMI\model_BaiToan\Deepleaning\data\dataset\raw\clear\45--Balloonist_45_Balloonist_Balloonist_45_134.jpg_b31980.jpg
40--Gymnastics_40_Gymnastics_Gymnastics_40_205.jpg_b121018.jpg,val,clear,104,104,1.0,True,medium,wider_40--Gymnastics_40_Gymnastics_Gymnastics_40_205.jpg,C:\Thực tập LUMI\model_BaiToan\Deepleaning\data\dataset\raw\clear\40--Gymnastics_40_Gymnastics_Gymnastics_40_205.jpg_b121018.jpg
01a0b34a-f448-7c30-8d1b-4b0392614c63_nvr-llWGaUl9M9E771xokkJUiNr5fMyJBigI_1789714429314_img_face7.jpg,val,clear,79,79,1.0,True,medium,single_01a0b34a-f448-7c30-8d1b-4b0392614c63_nvr-llWGaUl9M9E771xokkJUiNr5fMyJBigI_1789714429314_img_face7.jpg,C:\Thực tập LUMI\model_BaiToan\Deepleaning\data\dataset\raw\clear\01a0b34a-f448-7c30-8d1b-4b0392614c63_nvr-llWGaUl9M9E771xokkJUiNr5fMyJBigI_1789714429314_img_face7.jpg
16--Award_Ceremony_16_Award_Ceremony_Awards_Ceremony_16_319.jpg_b40239.jpg,val,clear,90,90,1.0,True,medium,wider_16--Award_Ceremony_16_Award_Ceremony_Awards_Ceremony_16_319.jpg,C:\Thực tập LUMI\model_BaiToan\Deepleaning\data\dataset\raw\clear\16--Award_Ceremony_16_Award_Ceremony_Awards_Ceremony_16_319.jpg_b40239.jpg
29--Students_Schoolkids_29_Students_Schoolkids_Students_Schoolkids_29_215.jpg_b95596.jpg,val,clear,103,103,1.0,True,medium,wider_29--Students_Schoolkids_29_Students_Schoolkids_Students_Schoolkids_29_215.jpg,C:\Thực tập LUMI\model_BaiToan\Deepleaning\data\dataset\raw\clear\29--Students_Schoolkids_29_Students_Schoolkids_Students_Schoolkids_29_215.jpg_b95596.jpg
01a0b348-0260-76d0-907d-12dfdef5de4d_nvr-llWGaUl9M9E771xokkJUiNr5fMyJBigI_1789714236439_img_face16.jpg,val,clear,85,85,1.0,True,medium,single_01a0b348-0260-76d0-907d-12dfdef5de4d_nvr-llWGaUl9M9E771xokkJUiNr5fMyJBigI_1789714236439_img_face16.jpg,C:\Thực tập LUMI\model_BaiToan\Deepleaning\data\dataset\raw\clear\01a0b348-0260-76d0-907d-12dfdef5de4d_nvr-llWGaUl9M9E771xokkJUiNr5fMyJBigI_1789714236439_img_face16.jpg
01a0b345-a4e8-77f3-9935-f0eeb199533f_nvr-llWGaUl9M9E771xokkJUiNr5fMyJBigI_1789714081305_img_face8.jpg,val,clear,78,78,1.0,True,medium,single_01a0b345-a4e8-77f3-9935-f0eeb199533f_nvr-llWGaUl9M9E771xokkJUiNr5fMyJBigI_1789714081305_img_face8.jpg,C:\Thực tập LUMI\model_BaiToan\Deepleaning\data\dataset\raw\clear\01a0b345-a4e8-77f3-9935-f0eeb199533f_nvr-llWGaUl9M9E771xokkJUiNr5fMyJBigI_1789714081305_img_face8.jpg
12--Group_12_Group_Large_Group_12_Group_Large_Group_12_21.jpg_b27106.jpg,val,clear,85,85,1.0,True,medium,wider_12--Group_12_Group_Large_Group_12_Group_Large_Group_12_21.jpg,C:\Thực tập LUMI\model_BaiToan\Deepleaning\data\dataset\raw\clear\12--Group_12_Group_Large_Group_12_Group_Large_Group_12_21.jpg_b27106.jpg
12--Group_12_Group_Large_Group_12_Group_Large_Group_12_21.jpg_b27108.jpg,val,occluded,77,77,1.0,True,medium,wider_12--Group_12_Group_Large_Group_12_Group_Large_Group_12_21.jpg,C:\Thực tập LUMI\model_BaiToan\Deepleaning\data\dataset\raw\occluded\12--Group_12_Group_Large_Group_12_Group_Large_Group_12_21.jpg_b27108.jpg
40--Gymnastics_40_Gymnastics_Gymnastics_40_45.jpg_b120723.jpg,val,clear,102,102,1.0,True,medium,wider_40--Gymnastics_40_Gymnastics_Gymnastics_40_45.jpg,C:\Thực tập LUMI\model_BaiToan\Deepleaning\data\dataset\raw\clear\40--Gymnastics_40_Gymnastics_Gymnastics_40_45.jpg_b120723.jpg
01a0b343-e798-70e0-8849-7089effaff9c_nvr-llWGaUl9M9E771xokkJUiNr5fMyJBigI_1789713967381_img_face8.jpg,val,clear,96,96,1.0,True,medium,single_01a0b343-e798-70e0-8849-7089effaff9c_nvr-llWGaUl9M9E771xokkJUiNr5fMyJBigI_1789713967381_img_face8.jpg,C:\Thực tập LUMI\model_BaiToan\Deepleaning\data\dataset\raw\clear\01a0b343-e798-70e0-8849-7089effaff9c_nvr-llWGaUl9M9E771xokkJUiNr5fMyJBigI_1789713967381_img_face8.jpg
01a0b348-e8d8-70c0-8948-73da6c43946f_nvr-llWGaUl9M9E771xokkJUiNr5fMyJBigI_1789714295796_img_face6.jpg,val,clear,80,80,1.0,True,medium,single_01a0b348-e8d8-70c0-8948-73da6c43946f_nvr-llWGaUl9M9E771xokkJUiNr5fMyJBigI_1789714295796_img_face6.jpg,C:\Thực tập LUMI\model_BaiToan\Deepleaning\data\dataset\raw\clear\01a0b348-e8d8-70c0-8948-73da6c43946f_nvr-llWGaUl9M9E771xokkJUiNr5fMyJBigI_1789714295796_img_face6.jpg
52--Photographers_52_Photographers_taketouristphotos_52_626.jpg_b135242.jpg,val,clear,83,83,1.0,True,medium,wider_52--Photographers_52_Photographers_taketouristphotos_52_626.jpg,C:\Thực tập LUMI\model_BaiToan\Deepleaning\data\dataset\raw\clear\52--Photographers_52_Photographers_taketouristphotos_52_626.jpg_b135242.jpg
11--Meeting_11_Meeting_Meeting_11_Meeting_Meeting_11_417.jpg_b23935.jpg,val,clear,88,88,1.0,True,medium,wider_11--Meeting_11_Meeting_Meeting_11_Meeting_Meeting_11_417.jpg,C:\Thực tập LUMI\model_BaiToan\Deepleaning\data\dataset\raw\clear\11--Meeting_11_Meeting_Meeting_11_Meeting_Meeting_11_417.jpg_b23935.jpg
11--Meeting_11_Meeting_Meeting_11_Meeting_Meeting_11_417.jpg_b23933.jpg,val,occluded,114,114,1.0,True,large,wider_11--Meeting_11_Meeting_Meeting_11_Meeting_Meeting_11_417.jpg,C:\Thực tập LUMI\model_BaiToan\Deepleaning\data\dataset\raw\occluded\11--Meeting_11_Meeting_Meeting_11_Meeting_Meeting_11_417.jpg_b23933.jpg
10--People_Marching_10_People_Marching_People_Marching_2_338.jpg_b20245.jpg,val,clear,99,99,1.0,True,medium,wider_10--People_Marching_10_People_Marching_People_Marching_2_338.jpg,C:\Thực tập LUMI\model_BaiToan\Deepleaning\data\dataset\raw\clear\10--People_Marching_10_People_Marching_People_Marching_2_338.jpg_b20245.jpg
01a0b7be-7b08-7832-a021-b3c1585343de_nvr-llWGaUl9M9E771xokkJUiNr5fMyJBigI_1789789109223_img_face.jpg,val,clear,107,107,1.0,True,medium,single_01a0b7be-7b08-7832-a021-b3c1585343de_nvr-llWGaUl9M9E771xokkJUiNr5fMyJBigI_1789789109223_img_face.jpg,C:\Thực tập LUMI\model_BaiToan\Deepleaning\data\dataset\raw\clear\01a0b7be-7b08-7832-a021-b3c1585343de_nvr-llWGaUl9M9E771xokkJUiNr5fMyJBigI_1789789109223_img_face.jpg
34--Baseball_34_Baseball_Baseball_34_115.jpg_b100499.jpg,val,clear,94,94,1.0,True,medium,wider_34--Baseball_34_Baseball_Baseball_34_115.jpg,C:\Thực tập LUMI\model_BaiToan\Deepleaning\data\dataset\raw\clear\34--Baseball_34_Baseball_Baseball_34_115.jpg_b100499.jpg
12--Group_12_Group_Team_Organized_Group_12_Group_Team_Organized_Group_12_815.jpg_b27468.jpg,val,clear,94,94,1.0,True,medium,wider_12--Group_12_Group_Team_Organized_Group_12_Group_Team_Organized_Group_12_815.jpg,C:\Thực tập LUMI\model_BaiToan\Deepleaning\data\dataset\raw\clear\12--Group_12_Group_Team_Organized_Group_12_Group_Team_Organized_Group_12_815.jpg_b27468.jpg
49--Greeting_49_Greeting_peoplegreeting_49_143.jpg_b131447.jpg,val,clear,103,103,1.0,True,medium,wider_49--Greeting_49_Greeting_peoplegreeting_49_143.jpg,C:\Thực tập LUMI\model_BaiToan\Deepleaning\data\dataset\raw\clear\49--Greeting_49_Greeting_peoplegreeting_49_143.jpg_b131447.jpg
12--Group_12_Group_Team_Organized_Group_12_Group_Team_Organized_Group_12_235.jpg_b8899.jpg,val,clear,83,83,1.0,True,medium,wider_12--Group_12_Group_Team_Organized_Group_12_Group_Team_Organized_Group_12_235.jpg,C:\Thực tập LUMI\model_BaiToan\Deepleaning\data\dataset\raw\clear\12--Group_12_Group_Team_Organized_Group_12_Group_Team_Organized_Group_12_235.jpg_b8899.jpg
12--Group_12_Group_Team_Organized_Group_12_Group_Team_Organized_Group_12_235.jpg_b8901.jpg,val,clear,217,217,1.0,True,large,wider_12--Group_12_Group_Team_Organized_Group_12_Group_Team_Organized_Group_12_235.jpg,C:\Thực tập LUMI\model_BaiToan\Deepleaning\data\dataset\raw\clear\12--Group_12_Group_Team_Organized_Group_12_Group_Team_Organized_Group_12_235.jpg_b8901.jpg
0--Parade_0_Parade_Parade_0_461.jpg_b2859.jpg,val,clear,110,110,1.0,True,medium,wider_0--Parade_0_Parade_Parade_0_461.jpg,C:\Thực tập LUMI\model_BaiToan\Deepleaning\data\dataset\raw\clear\0--Parade_0_Parade_Parade_0_461.jpg_b2859.jpg
01a0b346-48f8-74b1-bd7a-4d3ef4952ff0_nvr-llWGaUl9M9E771xokkJUiNr5fMyJBigI_1789714123465_img_face10.jpg,val,clear,101,101,1.0,True,medium,single_01a0b346-48f8-74b1-bd7a-4d3ef4952ff0_nvr-llWGaUl9M9E771xokkJUiNr5fMyJBigI_1789714123465_img_face10.jpg,C:\Thực tập LUMI\model_BaiToan\Deepleaning\data\dataset\raw\clear\01a0b346-48f8-74b1-bd7a-4d3ef4952ff0_nvr-llWGaUl9M9E771xokkJUiNr5fMyJBigI_1789714123465_img_face10.jpg
6--Funeral_6_Funeral_Funeral_6_925.jpg_b144738.jpg,val,clear,84,84,1.0,True,medium,wider_6--Funeral_6_Funeral_Funeral_6_925.jpg,C:\Thực tập LUMI\model_BaiToan\Deepleaning\data\dataset\raw\clear\6--Funeral_6_Funeral_Funeral_6_925.jpg_b144738.jpg
01a0b348-9ab8-73e3-9797-86234c0f24be_nvr-llWGaUl9M9E771xokkJUiNr5fMyJBigI_1789714275642_img_face3.jpg,val,clear,106,106,1.0,True,medium,single_01a0b348-9ab8-73e3-9797-86234c0f24be_nvr-llWGaUl9M9E771xokkJUiNr5fMyJBigI_1789714275642_img_face3.jpg,C:\Thực tập LUMI\model_BaiToan\Deepleaning\data\dataset\raw\clear\01a0b348-9ab8-73e3-9797-86234c0f24be_nvr-llWGaUl9M9E771xokkJUiNr5fMyJBigI_1789714275642_img_face3.jpg
01a0b34a-5808-7b63-99c0-6c8ded753022_nvr-llWGaUl9M9E771xokkJUiNr5fMyJBigI_1789714389745_img_face5.jpg,val,clear,80,80,1.0,True,medium,single_01a0b34a-5808-7b63-99c0-6c8ded753022_nvr-llWGaUl9M9E771xokkJUiNr5fMyJBigI_1789714389745_img_face5.jpg,C:\Thực tập LUMI\model_BaiToan\Deepleaning\data\dataset\raw\clear\01a0b34a-5808-7b63-99c0-6c8ded753022_nvr-llWGaUl9M9E771xokkJUiNr5fMyJBigI_1789714389745_img_face5.jpg
12--Group_12_Group_Large_Group_12_Group_Large_Group_12_27.jpg_b30445.jpg,val,clear,98,98,1.0,True,medium,wider_12--Group_12_Group_Large_Group_12_Group_Large_Group_12_27.jpg,C:\Thực tập LUMI\model_BaiToan\Deepleaning\data\dataset\raw\clear\12--Group_12_Group_Large_Group_12_Group_Large_Group_12_27.jpg_b30445.jpg
12--Group_12_Group_Large_Group_12_Group_Large_Group_12_27.jpg_b30451.jpg,val,clear,110,110,1.0,True,medium,wider_12--Group_12_Group_Large_Group_12_Group_Large_Group_12_27.jpg,C:\Thực tập LUMI\model_BaiToan\Deepleaning\data\dataset\raw\clear\12--Group_12_Group_Large_Group_12_Group_Large_Group_12_27.jpg_b30451.jpg
0--Parade_0_Parade_Parade_0_454.jpg_b4495.jpg,val,clear,105,105,1.0,True,medium,wider_0--Parade_0_Parade_Parade_0_454.jpg,C:\Thực tập LUMI\model_BaiToan\Deepleaning\data\dataset\raw\clear\0--Parade_0_Parade_Parade_0_454.jpg_b4495.jpg
01a0b34a-f448-7c30-8d1b-4b0392614c63_nvr-llWGaUl9M9E771xokkJUiNr5fMyJBigI_1789714429314_img_face5.jpg,val,clear,81,81,1.0,True,medium,single_01a0b34a-f448-7c30-8d1b-4b0392614c63_nvr-llWGaUl9M9E771xokkJUiNr5fMyJBigI_1789714429314_img_face5.jpg,C:\Thực tập LUMI\model_BaiToan\Deepleaning\data\dataset\raw\clear\01a0b34a-f448-7c30-8d1b-4b0392614c63_nvr-llWGaUl9M9E771xokkJUiNr5fMyJBigI_1789714429314_img_face5.jpg
31--Waiter_Waitress_31_Waiter_Waitress_Waiter_Waitress_31_667.jpg_b24760.jpg,val,clear,97,97,1.0,True,medium,wider_31--Waiter_Waitress_31_Waiter_Waitress_Waiter_Waitress_31_667.jpg,C:\Thực tập LUMI\model_BaiToan\Deepleaning\data\dataset\raw\clear\31--Waiter_Waitress_31_Waiter_Waitress_Waiter_Waitress_31_667.jpg_b24760.jpg
17--Ceremony_17_Ceremony_Ceremony_17_913.jpg_b42054.jpg,val,clear,80,80,1.0,True,medium,wider_17--Ceremony_17_Ceremony_Ceremony_17_913.jpg,C:\Thực tập LUMI\model_BaiToan\Deepleaning\data\dataset\raw\clear\17--Ceremony_17_Ceremony_Ceremony_17_913.jpg_b42054.jpg
01a0b345-a4e8-77f3-9935-f0eeb199533f_nvr-llWGaUl9M9E771xokkJUiNr5fMyJBigI_1789714081305_img_face6.jpg,val,clear,107,107,1.0,True,medium,single_01a0b345-a4e8-77f3-9935-f0eeb199533f_nvr-llWGaUl9M9E771xokkJUiNr5fMyJBigI_1789714081305_img_face6.jpg,C:\Thực tập LUMI\model_BaiToan\Deepleaning\data\dataset\raw\clear\01a0b345-a4e8-77f3-9935-f0eeb199533f_nvr-llWGaUl9M9E771xokkJUiNr5fMyJBigI_1789714081305_img_face6.jpg
01a0b956-bea8-7fe3-a4f3-03047b02f6b4_nvr-llWGaUl9M9E771xokkJUiNr5fMyJBigI_1789815865600_img_face1.jpg,val,clear,101,101,1.0,True,medium,single_01a0b956-bea8-7fe3-a4f3-03047b02f6b4_nvr-llWGaUl9M9E771xokkJUiNr5fMyJBigI_1789815865600_img_face1.jpg,C:\Thực tập LUMI\model_BaiToan\Deepleaning\data\dataset\raw\clear\01a0b956-bea8-7fe3-a4f3-03047b02f6b4_nvr-llWGaUl9M9E771xokkJUiNr5fMyJBigI_1789815865600_img_face1.jpg
13--Interview_13_Interview_Interview_On_Location_13_579.jpg_b37486.jpg,val,clear,106,106,1.0,True,medium,wider_13--Interview_13_Interview_Interview_On_Location_13_579.jpg,C:\Thực tập LUMI\model_BaiToan\Deepleaning\data\dataset\raw\clear\13--Interview_13_Interview_Interview_On_Location_13_579.jpg_b37486.jpg
12--Group_12_Group_Large_Group_12_Group_Large_Group_12_266.jpg_b30421.jpg,val,clear,88,88,1.0,True,medium,wider_12--Group_12_Group_Large_Group_12_Group_Large_Group_12_266.jpg,C:\Thực tập LUMI\model_BaiToan\Deepleaning\data\dataset\raw\clear\12--Group_12_Group_Large_Group_12_Group_Large_Group_12_266.jpg_b30421.jpg
2--Demonstration_2_Demonstration_Demonstration_Or_Protest_2_88.jpg_b74968.jpg,val,clear,111,111,1.0,True,medium,wider_2--Demonstration_2_Demonstration_Demonstration_Or_Protest_2_88.jpg,C:\Thực tập LUMI\model_BaiToan\Deepleaning\data\dataset\raw\clear\2--Demonstration_2_Demonstration_Demonstration_Or_Protest_2_88.jpg_b74968.jpg
12--Group_12_Group_Group_12_Group_Group_12_277.jpg_b34649.jpg,val,clear,110,110,1.0,True,medium,wider_12--Group_12_Group_Group_12_Group_Group_12_277.jpg,C:\Thực tập LUMI\model_BaiToan\Deepleaning\data\dataset\raw\clear\12--Group_12_Group_Group_12_Group_Group_12_277.jpg_b34649.jpg
01a0b357-d528-7d80-afae-aa27b8489032_nvr-llWGaUl9M9E771xokkJUiNr5fMyJBigI_1789715273329_img_face1.jpg,val,clear,94,94,1.0,True,medium,single_01a0b357-d528-7d80-afae-aa27b8489032_nvr-llWGaUl9M9E771xokkJUiNr5fMyJBigI_1789715273329_img_face1.jpg,C:\Thực tập LUMI\model_BaiToan\Deepleaning\data\dataset\raw\clear\01a0b357-d528-7d80-afae-aa27b8489032_nvr-llWGaUl9M9E771xokkJUiNr5fMyJBigI_1789715273329_img_face1.jpg
01a0b22a-de48-7562-b6cf-fce54c03b33c_nvr-llWGaUl9M9E771xokkJUiNr5fMyJBigI_1789695549368_img_face.jpg,val,clear,91,91,1.0,True,medium,single_01a0b22a-de48-7562-b6cf-fce54c03b33c_nvr-llWGaUl9M9E771xokkJUiNr5fMyJBigI_1789695549368_img_face.jpg,C:\Thực tập LUMI\model_BaiToan\Deepleaning\data\dataset\raw\clear\01a0b22a-de48-7562-b6cf-fce54c03b33c_nvr-llWGaUl9M9E771xokkJUiNr5fMyJBigI_1789695549368_img_face.jpg
12--Group_12_Group_Team_Organized_Group_12_Group_Team_Organized_Group_12_959.jpg_b27662.jpg,val,clear,82,82,1.0,True,medium,wider_12--Group_12_Group_Team_Organized_Group_12_Group_Team_Organized_Group_12_959.jpg,C:\Thực tập LUMI\model_BaiToan\Deepleaning\data\dataset\raw\clear\12--Group_12_Group_Team_Organized_Group_12_Group_Team_Organized_Group_12_959.jpg_b27662.jpg
12--Group_12_Group_Team_Organized_Group_12_Group_Team_Organized_Group_12_959.jpg_b27665.jpg,val,clear,68,68,1.0,True,small,wider_12--Group_12_Group_Team_Organized_Group_12_Group_Team_Organized_Group_12_959.jpg,C:\Thực tập LUMI\model_BaiToan\Deepleaning\data\dataset\raw\clear\12--Group_12_Group_Team_Organized_Group_12_Group_Team_Organized_Group_12_959.jpg_b27665.jpg
12--Group_12_Group_Team_Organized_Group_12_Group_Team_Organized_Group_12_959.jpg_b27672.jpg,val,clear,86,86,1.0,True,medium,wider_12--Group_12_Group_Team_Organized_Group_12_Group_Team_Organized_Group_12_959.jpg,C:\Thực tập LUMI\model_BaiToan\Deepleaning\data\dataset\raw\clear\12--Group_12_Group_Team_Organized_Group_12_Group_Team_Organized_Group_12_959.jpg_b27672.jpg
01a0b443-5638-77d3-bb7a-33cafe70b037_nvr-llWGaUl9M9E771xokkJUiNr5fMyJBigI_1789730707723_img_face1.jpg,val,clear,105,105,1.0,True,medium,single_01a0b443-5638-77d3-bb7a-33cafe70b037_nvr-llWGaUl9M9E771xokkJUiNr5fMyJBigI_1789730707723_img_face1.jpg,C:\Thực tập LUMI\model_BaiToan\Deepleaning\data\dataset\raw\clear\01a0b443-5638-77d3-bb7a-33cafe70b037_nvr-llWGaUl9M9E771xokkJUiNr5fMyJBigI_1789730707723_img_face1.jpg
20--Family_Group_20_Family_Group_Family_Group_20_417.jpg_b83380.jpg,val,clear,89,89,1.0,True,medium,wider_20--Family_Group_20_Family_Group_Family_Group_20_417.jpg,C:\Thực tập LUMI\model_BaiToan\Deepleaning\data\dataset\raw\clear\20--Family_Group_20_Family_Group_Family_Group_20_417.jpg_b83380.jpg
20--Family_Group_20_Family_Group_Family_Group_20_417.jpg_b83400.jpg,val,clear,89,89,1.0,True,medium,wider_20--Family_Group_20_Family_Group_Family_Group_20_417.jpg,C:\Thực tập LUMI\model_BaiToan\Deepleaning\data\dataset\raw\clear\20--Family_Group_20_Family_Group_Family_Group_20_417.jpg_b83400.jpg
20--Family_Group_20_Family_Group_Family_Group_20_417.jpg_b83403.jpg,val,clear,107,107,1.0,True,medium,wider_20--Family_Group_20_Family_Group_Family_Group_20_417.jpg,C:\Thực tập LUMI\model_BaiToan\Deepleaning\data\dataset\raw\clear\20--Family_Group_20_Family_Group_Family_Group_20_417.jpg_b83403.jpg
20--Family_Group_20_Family_Group_Family_Group_20_417.jpg_b83413.jpg,val,clear,73,73,1.0,True,small,wider_20--Family_Group_20_Family_Group_Family_Group_20_417.jpg,C:\Thực tập LUMI\model_BaiToan\Deepleaning\data\dataset\raw\clear\20--Family_Group_20_Family_Group_Family_Group_20_417.jpg_b83413.jpg
45--Balloonist_45_Balloonist_Balloonist_45_747.jpg_b124555.jpg,val,clear,83,83,1.0,True,medium,wider_45--Balloonist_45_Balloonist_Balloonist_45_747.jpg,C:\Thực tập LUMI\model_BaiToan\Deepleaning\data\dataset\raw\clear\45--Balloonist_45_Balloonist_Balloonist_45_747.jpg_b124555.jpg
55--Sports_Coach_Trainer_55_Sports_Coach_Trainer_sportcoaching_55_498.jpg_b139489.jpg,val,clear,96,96,1.0,True,medium,wider_55--Sports_Coach_Trainer_55_Sports_Coach_Trainer_sportcoaching_55_498.jpg,C:\Thực tập LUMI\model_BaiToan\Deepleaning\data\dataset\raw\clear\55--Sports_Coach_Trainer_55_Sports_Coach_Trainer_sportcoaching_55_498.jpg_b139489.jpg
01a0b346-c5f8-72c1-8267-0fe7d32dd2a6_nvr-llWGaUl9M9E771xokkJUiNr5fMyJBigI_1789714155279_img_face4.jpg,val,clear,107,107,1.0,True,medium,single_01a0b346-c5f8-72c1-8267-0fe7d32dd2a6_nvr-llWGaUl9M9E771xokkJUiNr5fMyJBigI_1789714155279_img_face4.jpg,C:\Thực tập LUMI\model_BaiToan\Deepleaning\data\dataset\raw\clear\01a0b346-c5f8-72c1-8267-0fe7d32dd2a6_nvr-llWGaUl9M9E771xokkJUiNr5fMyJBigI_1789714155279_img_face4.jpg
12--Group_12_Group_Large_Group_12_Group_Large_Group_12_221.jpg_b27110.jpg,val,clear,84,84,1.0,True,medium,wider_12--Group_12_Group_Large_Group_12_Group_Large_Group_12_221.jpg,C:\Thực tập LUMI\model_BaiToan\Deepleaning\data\dataset\raw\clear\12--Group_12_Group_Large_Group_12_Group_Large_Group_12_221.jpg_b27110.jpg
12--Group_12_Group_Large_Group_12_Group_Large_Group_12_221.jpg_b27113.jpg,val,clear,72,72,1.0,True,small,wider_12--Group_12_Group_Large_Group_12_Group_Large_Group_12_221.jpg,C:\Thực tập LUMI\model_BaiToan\Deepleaning\data\dataset\raw\clear\12--Group_12_Group_Large_Group_12_Group_Large_Group_12_221.jpg_b27113.jpg
01a0b34b-61a8-7773-9961-45ac8896d6f4_nvr-llWGaUl9M9E771xokkJUiNr5fMyJBigI_1789714457897_img_face3.jpg,val,clear,98,98,1.0,True,medium,single_01a0b34b-61a8-7773-9961-45ac8896d6f4_nvr-llWGaUl9M9E771xokkJUiNr5fMyJBigI_1789714457897_img_face3.jpg,C:\Thực tập LUMI\model_BaiToan\Deepleaning\data\dataset\raw\clear\01a0b34b-61a8-7773-9961-45ac8896d6f4_nvr-llWGaUl9M9E771xokkJUiNr5fMyJBigI_1789714457897_img_face3.jpg
55--Sports_Coach_Trainer_55_Sports_Coach_Trainer_sportcoaching_55_454.jpg_b139593.jpg,val,clear,82,82,1.0,True,medium,wider_55--Sports_Coach_Trainer_55_Sports_Coach_Trainer_sportcoaching_55_454.jpg,C:\Thực tập LUMI\model_BaiToan\Deepleaning\data\dataset\raw\clear\55--Sports_Coach_Trainer_55_Sports_Coach_Trainer_sportcoaching_55_454.jpg_b139593.jpg
13--Interview_13_Interview_Interview_Sequences_13_520.jpg_b37647.jpg,val,clear,106,106,1.0,True,medium,wider_13--Interview_13_Interview_Interview_Sequences_13_520.jpg,C:\Thực tập LUMI\model_BaiToan\Deepleaning\data\dataset\raw\clear\13--Interview_13_Interview_Interview_Sequences_13_520.jpg_b37647.jpg
01a0b34a-5808-7b63-99c0-6c8ded753022_nvr-llWGaUl9M9E771xokkJUiNr5fMyJBigI_1789714389745_img_face4.jpg,val,clear,91,91,1.0,True,medium,single_01a0b34a-5808-7b63-99c0-6c8ded753022_nvr-llWGaUl9M9E771xokkJUiNr5fMyJBigI_1789714389745_img_face4.jpg,C:\Thực tập LUMI\model_BaiToan\Deepleaning\data\dataset\raw\clear\01a0b34a-5808-7b63-99c0-6c8ded753022_nvr-llWGaUl9M9E771xokkJUiNr5fMyJBigI_1789714389745_img_face4.jpg
01a0b34a-f830-70f0-a0d5-35a178238867_nvr-llWGaUl9M9E771xokkJUiNr5fMyJBigI_1789714430450_img_face5.jpg,val,clear,89,89,1.0,True,medium,single_01a0b34a-f830-70f0-a0d5-35a178238867_nvr-llWGaUl9M9E771xokkJUiNr5fMyJBigI_1789714430450_img_face5.jpg,C:\Thực tập LUMI\model_BaiToan\Deepleaning\data\dataset\raw\clear\01a0b34a-f830-70f0-a0d5-35a178238867_nvr-llWGaUl9M9E771xokkJUiNr5fMyJBigI_1789714430450_img_face5.jpg
40--Gymnastics_40_Gymnastics_Gymnastics_40_987.jpg_b120121.jpg,val,clear,90,90,1.0,True,medium,wider_40--Gymnastics_40_Gymnastics_Gymnastics_40_987.jpg,C:\Thực tập LUMI\model_BaiToan\Deepleaning\data\dataset\raw\clear\40--Gymnastics_40_Gymnastics_Gymnastics_40_987.jpg_b120121.jpg
10--People_Marching_10_People_Marching_People_Marching_10_People_Marching_People_Marching_10_People_Marching_People_Marching_10_237.jpg_b21535.jpg,val,clear,87,87,1.0,True,medium,wider_10--People_Marching_10_People_Marching_People_Marching_10_People_Marching_People_Marching_10_People_Marching_People_Marching_10_237.jpg,C:\Thực tập LUMI\model_BaiToan\Deepleaning\data\dataset\raw\clear\10--People_Marching_10_People_Marching_People_Marching_10_People_Marching_People_Marching_10_People_Marching_People_Marching_10_237.jpg_b21535.jpg
44--Aerobics_44_Aerobics_Aerobics_44_946.jpg_b123787.jpg,val,clear,78,78,1.0,True,medium,wider_44--Aerobics_44_Aerobics_Aerobics_44_946.jpg,C:\Thực tập LUMI\model_BaiToan\Deepleaning\data\dataset\raw\clear\44--Aerobics_44_Aerobics_Aerobics_44_946.jpg_b123787.jpg
20--Family_Group_20_Family_Group_Family_Group_20_90.jpg_b20765.jpg,val,clear,92,92,1.0,True,medium,wider_20--Family_Group_20_Family_Group_Family_Group_20_90.jpg,C:\Thực tập LUMI\model_BaiToan\Deepleaning\data\dataset\raw\clear\20--Family_Group_20_Family_Group_Family_Group_20_90.jpg_b20765.jpg
01a0b346-9330-70d0-ad21-5f49584e63d2_nvr-llWGaUl9M9E771xokkJUiNr5fMyJBigI_1789714142338_img_face4.jpg,val,clear,78,78,1.0,True,medium,single_01a0b346-9330-70d0-ad21-5f49584e63d2_nvr-llWGaUl9M9E771xokkJUiNr5fMyJBigI_1789714142338_img_face4.jpg,C:\Thực tập LUMI\model_BaiToan\Deepleaning\data\dataset\raw\clear\01a0b346-9330-70d0-ad21-5f49584e63d2_nvr-llWGaUl9M9E771xokkJUiNr5fMyJBigI_1789714142338_img_face4.jpg
4--Dancing_4_Dancing_Dancing_4_289.jpg_b30641.jpg,val,clear,82,82,1.0,True,medium,wider_4--Dancing_4_Dancing_Dancing_4_289.jpg,C:\Thực tập LUMI\model_BaiToan\Deepleaning\data\dataset\raw\clear\4--Dancing_4_Dancing_Dancing_4_289.jpg_b30641.jpg
0--Parade_0_Parade_Parade_0_633.jpg_b13223.jpg,val,clear,84,84,1.0,True,medium,wider_0--Parade_0_Parade_Parade_0_633.jpg,C:\Thực tập LUMI\model_BaiToan\Deepleaning\data\dataset\raw\clear\0--Parade_0_Parade_Parade_0_633.jpg_b13223.jpg
01a0b342-af18-7992-94f6-c8e03ccf6c2b_nvr-llWGaUl9M9E771xokkJUiNr5fMyJBigI_1789713887679_img_face1.jpg,val,clear,89,89,1.0,True,medium,single_01a0b342-af18-7992-94f6-c8e03ccf6c2b_nvr-llWGaUl9M9E771xokkJUiNr5fMyJBigI_1789713887679_img_face1.jpg,C:\Thực tập LUMI\model_BaiToan\Deepleaning\data\dataset\raw\clear\01a0b342-af18-7992-94f6-c8e03ccf6c2b_nvr-llWGaUl9M9E771xokkJUiNr5fMyJBigI_1789713887679_img_face1.jpg
35--Basketball_35_Basketball_playingbasketball_35_95.jpg_b103097.jpg,val,clear,109,109,1.0,True,medium,wider_35--Basketball_35_Basketball_playingbasketball_35_95.jpg,C:\Thực tập LUMI\model_BaiToan\Deepleaning\data\dataset\raw\clear\35--Basketball_35_Basketball_playingbasketball_35_95.jpg_b103097.jpg
01a0b348-9ab8-73e3-9797-86234c0f24be_nvr-llWGaUl9M9E771xokkJUiNr5fMyJBigI_1789714275642_img_face21.jpg,val,clear,104,104,1.0,True,medium,single_01a0b348-9ab8-73e3-9797-86234c0f24be_nvr-llWGaUl9M9E771xokkJUiNr5fMyJBigI_1789714275642_img_face21.jpg,C:\Thực tập LUMI\model_BaiToan\Deepleaning\data\dataset\raw\clear\01a0b348-9ab8-73e3-9797-86234c0f24be_nvr-llWGaUl9M9E771xokkJUiNr5fMyJBigI_1789714275642_img_face21.jpg
33--Running_33_Running_Running_33_715.jpg_b99944.jpg,val,clear,90,90,1.0,True,medium,wider_33--Running_33_Running_Running_33_715.jpg,C:\Thực tập LUMI\model_BaiToan\Deepleaning\data\dataset\raw\clear\33--Running_33_Running_Running_33_715.jpg_b99944.jpg
34--Baseball_34_Baseball_Baseball_34_171.jpg_b25212.jpg,val,clear,98,98,1.0,True,medium,wider_34--Baseball_34_Baseball_Baseball_34_171.jpg,C:\Thực tập LUMI\model_BaiToan\Deepleaning\data\dataset\raw\clear\34--Baseball_34_Baseball_Baseball_34_171.jpg_b25212.jpg
01a0b348-6bd8-7f81-9057-fdefcf8bbfa9_nvr-llWGaUl9M9E771xokkJUiNr5fMyJBigI_1789714263300_img_face17.jpg,val,clear,92,92,1.0,True,medium,single_01a0b348-6bd8-7f81-9057-fdefcf8bbfa9_nvr-llWGaUl9M9E771xokkJUiNr5fMyJBigI_1789714263300_img_face17.jpg,C:\Thực tập LUMI\model_BaiToan\Deepleaning\data\dataset\raw\clear\01a0b348-6bd8-7f81-9057-fdefcf8bbfa9_nvr-llWGaUl9M9E771xokkJUiNr5fMyJBigI_1789714263300_img_face17.jpg
01a0b348-19d0-7cb0-9c11-1627d0471840_nvr-llWGaUl9M9E771xokkJUiNr5fMyJBigI_1789714242053_img_face6.jpg,val,clear,107,107,1.0,True,medium,single_01a0b348-19d0-7cb0-9c11-1627d0471840_nvr-llWGaUl9M9E771xokkJUiNr5fMyJBigI_1789714242053_img_face6.jpg,C:\Thực tập LUMI\model_BaiToan\Deepleaning\data\dataset\raw\clear\01a0b348-19d0-7cb0-9c11-1627d0471840_nvr-llWGaUl9M9E771xokkJUiNr5fMyJBigI_1789714242053_img_face6.jpg
18--Concerts_18_Concerts_Concerts_18_600.jpg_b43517.jpg,val,clear,88,88,1.0,True,medium,wider_18--Concerts_18_Concerts_Concerts_18_600.jpg,C:\Thực tập LUMI\model_BaiToan\Deepleaning\data\dataset\raw\clear\18--Concerts_18_Concerts_Concerts_18_600.jpg_b43517.jpg
01a0b348-e8d8-70c0-8948-73da6c43946f_nvr-llWGaUl9M9E771xokkJUiNr5fMyJBigI_1789714295796_img_face3.jpg,val,clear,93,93,1.0,True,medium,single_01a0b348-e8d8-70c0-8948-73da6c43946f_nvr-llWGaUl9M9E771xokkJUiNr5fMyJBigI_1789714295796_img_face3.jpg,C:\Thực tập LUMI\model_BaiToan\Deepleaning\data\dataset\raw\clear\01a0b348-e8d8-70c0-8948-73da6c43946f_nvr-llWGaUl9M9E771xokkJUiNr5fMyJBigI_1789714295796_img_face3.jpg
20--Family_Group_20_Family_Group_Family_Group_20_702.jpg_b21076.jpg,val,clear,87,87,1.0,True,medium,wider_20--Family_Group_20_Family_Group_Family_Group_20_702.jpg,C:\Thực tập LUMI\model_BaiToan\Deepleaning\data\dataset\raw\clear\20--Family_Group_20_Family_Group_Family_Group_20_702.jpg_b21076.jpg
13--Interview_13_Interview_Interview_Sequences_13_598.jpg_b37355.jpg,val,clear,84,84,1.0,True,medium,wider_13--Interview_13_Interview_Interview_Sequences_13_598.jpg,C:\Thực tập LUMI\model_BaiToan\Deepleaning\data\dataset\raw\clear\13--Interview_13_Interview_Interview_Sequences_13_598.jpg_b37355.jpg
01a0b7bf-a3e8-7241-be57-c343ee981ab8_nvr-llWGaUl9M9E771xokkJUiNr5fMyJBigI_1789789185909_img_face.jpg,val,clear,82,82,1.0,True,medium,single_01a0b7bf-a3e8-7241-be57-c343ee981ab8_nvr-llWGaUl9M9E771xokkJUiNr5fMyJBigI_1789789185909_img_face.jpg,C:\Thực tập LUMI\model_BaiToan\Deepleaning\data\dataset\raw\clear\01a0b7bf-a3e8-7241-be57-c343ee981ab8_nvr-llWGaUl9M9E771xokkJUiNr5fMyJBigI_1789789185909_img_face.jpg
01a0b343-e798-70e0-8849-7089effaff9c_nvr-llWGaUl9M9E771xokkJUiNr5fMyJBigI_1789713967381_img_face10.jpg,val,clear,83,83,1.0,True,medium,single_01a0b343-e798-70e0-8849-7089effaff9c_nvr-llWGaUl9M9E771xokkJUiNr5fMyJBigI_1789713967381_img_face10.jpg,C:\Thực tập LUMI\model_BaiToan\Deepleaning\data\dataset\raw\clear\01a0b343-e798-70e0-8849-7089effaff9c_nvr-llWGaUl9M9E771xokkJUiNr5fMyJBigI_1789713967381_img_face10.jpg
56--Voter_56_Voter_peoplevoting_56_259.jpg_b140607.jpg,val,clear,100,100,1.0,True,medium,wider_56--Voter_56_Voter_peoplevoting_56_259.jpg,C:\Thực tập LUMI\model_BaiToan\Deepleaning\data\dataset\raw\clear\56--Voter_56_Voter_peoplevoting_56_259.jpg_b140607.jpg
2--Demonstration_2_Demonstration_Political_Rally_2_87.jpg_b47255.jpg,val,clear,77,77,1.0,True,medium,wider_2--Demonstration_2_Demonstration_Political_Rally_2_87.jpg,C:\Thực tập LUMI\model_BaiToan\Deepleaning\data\dataset\raw\clear\2--Demonstration_2_Demonstration_Political_Rally_2_87.jpg_b47255.jpg
12--Group_12_Group_Large_Group_12_Group_Large_Group_12_788.jpg_b33864.jpg,val,clear,110,110,1.0,True,medium,wider_12--Group_12_Group_Large_Group_12_Group_Large_Group_12_788.jpg,C:\Thực tập LUMI\model_BaiToan\Deepleaning\data\dataset\raw\clear\12--Group_12_Group_Large_Group_12_Group_Large_Group_12_788.jpg_b33864.jpg
2--Demonstration_2_Demonstration_Protesters_2_552.jpg_b72322.jpg,val,clear,88,88,1.0,True,medium,wider_2--Demonstration_2_Demonstration_Protesters_2_552.jpg,C:\Thực tập LUMI\model_BaiToan\Deepleaning\data\dataset\raw\clear\2--Demonstration_2_Demonstration_Protesters_2_552.jpg_b72322.jpg
2--Demonstration_2_Demonstration_Protesters_2_552.jpg_b72325.jpg,val,clear,74,74,1.0,True,small,wider_2--Demonstration_2_Demonstration_Protesters_2_552.jpg,C:\Thực tập LUMI\model_BaiToan\Deepleaning\data\dataset\raw\clear\2--Demonstration_2_Demonstration_Protesters_2_552.jpg_b72325.jpg
2--Demonstration_2_Demonstration_Political_Rally_2_8.jpg_b64543.jpg,val,clear,82,82,1.0,True,medium,wider_2--Demonstration_2_Demonstration_Political_Rally_2_8.jpg,C:\Thực tập LUMI\model_BaiToan\Deepleaning\data\dataset\raw\clear\2--Demonstration_2_Demonstration_Political_Rally_2_8.jpg_b64543.jpg
01a0b34a-86e8-7a62-888d-1a5a05c447e6_nvr-llWGaUl9M9E771xokkJUiNr5fMyJBigI_1789714401285_img_face3.jpg,val,clear,93,93,1.0,True,medium,single_01a0b34a-86e8-7a62-888d-1a5a05c447e6_nvr-llWGaUl9M9E771xokkJUiNr5fMyJBigI_1789714401285_img_face3.jpg,C:\Thực tập LUMI\model_BaiToan\Deepleaning\data\dataset\raw\clear\01a0b34a-86e8-7a62-888d-1a5a05c447e6_nvr-llWGaUl9M9E771xokkJUiNr5fMyJBigI_1789714401285_img_face3.jpg
50--Celebration_Or_Party_50_Celebration_Or_Party_birthdayparty_50_137.jpg_b134128.jpg,val,clear,72,72,1.0,True,small,wider_50--Celebration_Or_Party_50_Celebration_Or_Party_birthdayparty_50_137.jpg,C:\Thực tập LUMI\model_BaiToan\Deepleaning\data\dataset\raw\clear\50--Celebration_Or_Party_50_Celebration_Or_Party_birthdayparty_50_137.jpg_b134128.jpg
2--Demonstration_2_Demonstration_Protesters_2_317.jpg_b47896.jpg,val,clear,66,66,1.0,True,small,wider_2--Demonstration_2_Demonstration_Protesters_2_317.jpg,C:\Thực tập LUMI\model_BaiToan\Deepleaning\data\dataset\raw\clear\2--Demonstration_2_Demonstration_Protesters_2_317.jpg_b47896.jpg
2--Demonstration_2_Demonstration_Demonstrators_2_65.jpg_b57244.jpg,val,clear,70,70,1.0,True,small,wider_2--Demonstration_2_Demonstration_Demonstrators_2_65.jpg,C:\Thực tập LUMI\model_BaiToan\Deepleaning\data\dataset\raw\clear\2--Demonstration_2_Demonstration_Demonstrators_2_65.jpg_b57244.jpg
01a0b350-89f8-79d3-b8a8-bbb97c6573fc_nvr-llWGaUl9M9E771xokkJUiNr5fMyJBigI_1789714795605_img_face1.jpg,val,clear,73,73,1.0,True,small,single_01a0b350-89f8-79d3-b8a8-bbb97c6573fc_nvr-llWGaUl9M9E771xokkJUiNr5fMyJBigI_1789714795605_img_face1.jpg,C:\Thực tập LUMI\model_BaiToan\Deepleaning\data\dataset\raw\clear\01a0b350-89f8-79d3-b8a8-bbb97c6573fc_nvr-llWGaUl9M9E771xokkJUiNr5fMyJBigI_1789714795605_img_face1.jpg
7--Cheering_7_Cheering_Cheering_7_132.jpg_b147943.jpg,val,clear,69,69,1.0,True,small,wider_7--Cheering_7_Cheering_Cheering_7_132.jpg,C:\Thực tập LUMI\model_BaiToan\Deepleaning\data\dataset\raw\clear\7--Cheering_7_Cheering_Cheering_7_132.jpg_b147943.jpg
43--Row_Boat_43_Row_Boat_Canoe_43_248.jpg_b123213.jpg,val,clear,67,67,1.0,True,small,wider_43--Row_Boat_43_Row_Boat_Canoe_43_248.jpg,C:\Thực tập LUMI\model_BaiToan\Deepleaning\data\dataset\raw\clear\43--Row_Boat_43_Row_Boat_Canoe_43_248.jpg_b123213.jpg
12--Group_12_Group_Group_12_Group_Group_12_85.jpg_b28990.jpg,val,clear,64,64,1.0,True,small,wider_12--Group_12_Group_Group_12_Group_Group_12_85.jpg,C:\Thực tập LUMI\model_BaiToan\Deepleaning\data\dataset\raw\clear\12--Group_12_Group_Group_12_Group_Group_12_85.jpg_b28990.jpg
2--Demonstration_2_Demonstration_Demonstrators_2_518.jpg_b19061.jpg,val,clear,72,72,1.0,True,small,wider_2--Demonstration_2_Demonstration_Demonstrators_2_518.jpg,C:\Thực tập LUMI\model_BaiToan\Deepleaning\data\dataset\raw\clear\2--Demonstration_2_Demonstration_Demonstrators_2_518.jpg_b19061.jpg
01a0b348-19d0-7cb0-9c11-1627d0471840_nvr-llWGaUl9M9E771xokkJUiNr5fMyJBigI_1789714242053_img_face12.jpg,val,clear,60,60,1.0,True,small,single_01a0b348-19d0-7cb0-9c11-1627d0471840_nvr-llWGaUl9M9E771xokkJUiNr5fMyJBigI_1789714242053_img_face12.jpg,C:\Thực tập LUMI\model_BaiToan\Deepleaning\data\dataset\raw\clear\01a0b348-19d0-7cb0-9c11-1627d0471840_nvr-llWGaUl9M9E771xokkJUiNr5fMyJBigI_1789714242053_img_face12.jpg
18--Concerts_18_Concerts_Concerts_18_652.jpg_b43619.jpg,val,clear,70,70,1.0,True,small,wider_18--Concerts_18_Concerts_Concerts_18_652.jpg,C:\Thực tập LUMI\model_BaiToan\Deepleaning\data\dataset\raw\clear\18--Concerts_18_Concerts_Concerts_18_652.jpg_b43619.jpg
01a0b343-b4d0-7350-9150-b776cae4b19e_nvr-llWGaUl9M9E771xokkJUiNr5fMyJBigI_1789713954728_img_face13.jpg,val,clear,63,63,1.0,True,small,single_01a0b343-b4d0-7350-9150-b776cae4b19e_nvr-llWGaUl9M9E771xokkJUiNr5fMyJBigI_1789713954728_img_face13.jpg,C:\Thực tập LUMI\model_BaiToan\Deepleaning\data\dataset\raw\clear\01a0b343-b4d0-7350-9150-b776cae4b19e_nvr-llWGaUl9M9E771xokkJUiNr5fMyJBigI_1789713954728_img_face13.jpg
35--Basketball_35_Basketball_Basketball_35_440.jpg_b104434.jpg,val,clear,74,74,1.0,True,small,wider_35--Basketball_35_Basketball_Basketball_35_440.jpg,C:\Thực tập LUMI\model_BaiToan\Deepleaning\data\dataset\raw\clear\35--Basketball_35_Basketball_Basketball_35_440.jpg_b104434.jpg
01a0b748-d9c0-7222-a55b-9a7c2b5c7dfa_nvr-llWGaUl9M9E771xokkJUiNr5fMyJBigI_1789781400517_img_face1.jpg,val,clear,53,53,1.0,True,small,single_01a0b748-d9c0-7222-a55b-9a7c2b5c7dfa_nvr-llWGaUl9M9E771xokkJUiNr5fMyJBigI_1789781400517_img_face1.jpg,C:\Thực tập LUMI\model_BaiToan\Deepleaning\data\dataset\raw\clear\01a0b748-d9c0-7222-a55b-9a7c2b5c7dfa_nvr-llWGaUl9M9E771xokkJUiNr5fMyJBigI_1789781400517_img_face1.jpg
2--Demonstration_2_Demonstration_Protesters_2_56.jpg_b13378.jpg,val,clear,68,68,1.0,True,small,wider_2--Demonstration_2_Demonstration_Protesters_2_56.jpg,C:\Thực tập LUMI\model_BaiToan\Deepleaning\data\dataset\raw\clear\2--Demonstration_2_Demonstration_Protesters_2_56.jpg_b13378.jpg
2--Demonstration_2_Demonstration_Protesters_2_56.jpg_b13383.jpg,val,clear,82,82,1.0,True,medium,wider_2--Demonstration_2_Demonstration_Protesters_2_56.jpg,C:\Thực tập LUMI\model_BaiToan\Deepleaning\data\dataset\raw\clear\2--Demonstration_2_Demonstration_Protesters_2_56.jpg_b13383.jpg
51--Dresses_51_Dresses_wearingdress_51_685.jpg_b34302.jpg,val,clear,71,71,1.0,True,small,wider_51--Dresses_51_Dresses_wearingdress_51_685.jpg,C:\Thực tập LUMI\model_BaiToan\Deepleaning\data\dataset\raw\clear\51--Dresses_51_Dresses_wearingdress_51_685.jpg_b34302.jpg
01a0b733-9470-7c43-8c1d-a619d283d02e_nvr-llWGaUl9M9E771xokkJUiNr5fMyJBigI_1789780006045_img_face1.jpg,val,clear,60,60,1.0,True,small,single_01a0b733-9470-7c43-8c1d-a619d283d02e_nvr-llWGaUl9M9E771xokkJUiNr5fMyJBigI_1789780006045_img_face1.jpg,C:\Thực tập LUMI\model_BaiToan\Deepleaning\data\dataset\raw\clear\01a0b733-9470-7c43-8c1d-a619d283d02e_nvr-llWGaUl9M9E771xokkJUiNr5fMyJBigI_1789780006045_img_face1.jpg
58--Hockey_58_Hockey_icehockey_puck_58_2.jpg_b143250.jpg,val,clear,72,72,1.0,True,small,wider_58--Hockey_58_Hockey_icehockey_puck_58_2.jpg,C:\Thực tập LUMI\model_BaiToan\Deepleaning\data\dataset\raw\clear\58--Hockey_58_Hockey_icehockey_puck_58_2.jpg_b143250.jpg
35--Basketball_35_Basketball_basketballgame_ball_35_389.jpg_b26436.jpg,val,clear,64,64,1.0,True,small,wider_35--Basketball_35_Basketball_basketballgame_ball_35_389.jpg,C:\Thực tập LUMI\model_BaiToan\Deepleaning\data\dataset\raw\clear\35--Basketball_35_Basketball_basketballgame_ball_35_389.jpg_b26436.jpg
36--Football_36_Football_americanfootball_ball_36_1002.jpg_b112332.jpg,val,clear,74,74,1.0,True,small,wider_36--Football_36_Football_americanfootball_ball_36_1002.jpg,C:\Thực tập LUMI\model_BaiToan\Deepleaning\data\dataset\raw\clear\36--Football_36_Football_americanfootball_ball_36_1002.jpg_b112332.jpg
35--Basketball_35_Basketball_playingbasketball_35_780.jpg_b102730.jpg,val,clear,70,70,1.0,True,small,wider_35--Basketball_35_Basketball_playingbasketball_35_780.jpg,C:\Thực tập LUMI\model_BaiToan\Deepleaning\data\dataset\raw\clear\35--Basketball_35_Basketball_playingbasketball_35_780.jpg_b102730.jpg
0--Parade_0_Parade_marchingband_1_869.jpg_b1388.jpg,val,clear,69,69,1.0,True,small,wider_0--Parade_0_Parade_marchingband_1_869.jpg,C:\Thực tập LUMI\model_BaiToan\Deepleaning\data\dataset\raw\clear\0--Parade_0_Parade_marchingband_1_869.jpg_b1388.jpg
54--Rescue_54_Rescue_rescuepeople_54_419.jpg_b138066.jpg,val,clear,73,73,1.0,True,small,wider_54--Rescue_54_Rescue_rescuepeople_54_419.jpg,C:\Thực tập LUMI\model_BaiToan\Deepleaning\data\dataset\raw\clear\54--Rescue_54_Rescue_rescuepeople_54_419.jpg_b138066.jpg
20--Family_Group_20_Family_Group_Family_Group_20_440.jpg_b84387.jpg,val,clear,66,66,1.0,True,small,wider_20--Family_Group_20_Family_Group_Family_Group_20_440.jpg,C:\Thực tập LUMI\model_BaiToan\Deepleaning\data\dataset\raw\clear\20--Family_Group_20_Family_Group_Family_Group_20_440.jpg_b84387.jpg
16--Award_Ceremony_16_Award_Ceremony_Awards_Ceremony_16_539.jpg_b39345.jpg,val,clear,66,66,1.0,True,small,wider_16--Award_Ceremony_16_Award_Ceremony_Awards_Ceremony_16_539.jpg,C:\Thực tập LUMI\model_BaiToan\Deepleaning\data\dataset\raw\clear\16--Award_Ceremony_16_Award_Ceremony_Awards_Ceremony_16_539.jpg_b39345.jpg
01a0b460-d500-7433-a958-7cfee343f43b_nvr-llWGaUl9M9E771xokkJUiNr5fMyJBigI_1789732640376_img_face1.jpg,val,clear,56,56,1.0,True,small,single_01a0b460-d500-7433-a958-7cfee343f43b_nvr-llWGaUl9M9E771xokkJUiNr5fMyJBigI_1789732640376_img_face1.jpg,C:\Thực tập LUMI\model_BaiToan\Deepleaning\data\dataset\raw\clear\01a0b460-d500-7433-a958-7cfee343f43b_nvr-llWGaUl9M9E771xokkJUiNr5fMyJBigI_1789732640376_img_face1.jpg
56--Voter_56_Voter_peoplevoting_56_126.jpg_b140752.jpg,val,clear,70,70,1.0,True,small,wider_56--Voter_56_Voter_peoplevoting_56_126.jpg,C:\Thực tập LUMI\model_BaiToan\Deepleaning\data\dataset\raw\clear\56--Voter_56_Voter_peoplevoting_56_126.jpg_b140752.jpg
56--Voter_56_Voter_peoplevoting_56_126.jpg_b140753.jpg,val,occluded,132,132,1.0,True,large,wider_56--Voter_56_Voter_peoplevoting_56_126.jpg,C:\Thực tập LUMI\model_BaiToan\Deepleaning\data\dataset\raw\occluded\56--Voter_56_Voter_peoplevoting_56_126.jpg_b140753.jpg
12--Group_12_Group_Large_Group_12_Group_Large_Group_12_738.jpg_b25271.jpg,val,clear,70,70,1.0,True,small,wider_12--Group_12_Group_Large_Group_12_Group_Large_Group_12_738.jpg,C:\Thực tập LUMI\model_BaiToan\Deepleaning\data\dataset\raw\clear\12--Group_12_Group_Large_Group_12_Group_Large_Group_12_738.jpg_b25271.jpg
12--Group_12_Group_Team_Organized_Group_12_Group_Team_Organized_Group_12_330.jpg_b8020.jpg,val,clear,74,74,1.0,True,small,wider_12--Group_12_Group_Team_Organized_Group_12_Group_Team_Organized_Group_12_330.jpg,C:\Thực tập LUMI\model_BaiToan\Deepleaning\data\dataset\raw\clear\12--Group_12_Group_Team_Organized_Group_12_Group_Team_Organized_Group_12_330.jpg_b8020.jpg
12--Group_12_Group_Team_Organized_Group_12_Group_Team_Organized_Group_12_330.jpg_b8014.jpg,val,occluded,97,97,1.0,True,medium,wider_12--Group_12_Group_Team_Organized_Group_12_Group_Team_Organized_Group_12_330.jpg,C:\Thực tập LUMI\model_BaiToan\Deepleaning\data\dataset\raw\occluded\12--Group_12_Group_Team_Organized_Group_12_Group_Team_Organized_Group_12_330.jpg_b8014.jpg
01a0b343-e798-70e0-8849-7089effaff9c_nvr-llWGaUl9M9E771xokkJUiNr5fMyJBigI_1789713967381_img_face11.jpg,val,clear,70,70,1.0,True,small,single_01a0b343-e798-70e0-8849-7089effaff9c_nvr-llWGaUl9M9E771xokkJUiNr5fMyJBigI_1789713967381_img_face11.jpg,C:\Thực tập LUMI\model_BaiToan\Deepleaning\data\dataset\raw\clear\01a0b343-e798-70e0-8849-7089effaff9c_nvr-llWGaUl9M9E771xokkJUiNr5fMyJBigI_1789713967381_img_face11.jpg
01a0b348-6bd8-7f81-9057-fdefcf8bbfa9_nvr-llWGaUl9M9E771xokkJUiNr5fMyJBigI_1789714263300_img_face10.jpg,val,clear,65,65,1.0,True,small,single_01a0b348-6bd8-7f81-9057-fdefcf8bbfa9_nvr-llWGaUl9M9E771xokkJUiNr5fMyJBigI_1789714263300_img_face10.jpg,C:\Thực tập LUMI\model_BaiToan\Deepleaning\data\dataset\raw\clear\01a0b348-6bd8-7f81-9057-fdefcf8bbfa9_nvr-llWGaUl9M9E771xokkJUiNr5fMyJBigI_1789714263300_img_face10.jpg
12--Group_12_Group_Large_Group_12_Group_Large_Group_12_358.jpg_b32501.jpg,val,clear,71,71,1.0,True,small,wider_12--Group_12_Group_Large_Group_12_Group_Large_Group_12_358.jpg,C:\Thực tập LUMI\model_BaiToan\Deepleaning\data\dataset\raw\clear\12--Group_12_Group_Large_Group_12_Group_Large_Group_12_358.jpg_b32501.jpg
12--Group_12_Group_Large_Group_12_Group_Large_Group_12_358.jpg_b32504.jpg,val,clear,64,64,1.0,True,small,wider_12--Group_12_Group_Large_Group_12_Group_Large_Group_12_358.jpg,C:\Thực tập LUMI\model_BaiToan\Deepleaning\data\dataset\raw\clear\12--Group_12_Group_Large_Group_12_Group_Large_Group_12_358.jpg_b32504.jpg
12--Group_12_Group_Group_12_Group_Group_12_24.jpg_b26311.jpg,val,clear,65,65,1.0,True,small,wider_12--Group_12_Group_Group_12_Group_Group_12_24.jpg,C:\Thực tập LUMI\model_BaiToan\Deepleaning\data\dataset\raw\clear\12--Group_12_Group_Group_12_Group_Group_12_24.jpg_b26311.jpg
12--Group_12_Group_Group_12_Group_Group_12_24.jpg_b26316.jpg,val,clear,77,77,1.0,True,medium,wider_12--Group_12_Group_Group_12_Group_Group_12_24.jpg,C:\Thực tập LUMI\model_BaiToan\Deepleaning\data\dataset\raw\clear\12--Group_12_Group_Group_12_Group_Group_12_24.jpg_b26316.jpg
12--Group_12_Group_Group_12_Group_Group_12_24.jpg_b26317.jpg,val,clear,86,86,1.0,True,medium,wider_12--Group_12_Group_Group_12_Group_Group_12_24.jpg,C:\Thực tập LUMI\model_BaiToan\Deepleaning\data\dataset\raw\clear\12--Group_12_Group_Group_12_Group_Group_12_24.jpg_b26317.jpg
12--Group_12_Group_Group_12_Group_Group_12_24.jpg_b26318.jpg,val,clear,69,69,1.0,True,small,wider_12--Group_12_Group_Group_12_Group_Group_12_24.jpg,C:\Thực tập LUMI\model_BaiToan\Deepleaning\data\dataset\raw\clear\12--Group_12_Group_Group_12_Group_Group_12_24.jpg_b26318.jpg
58--Hockey_58_Hockey_icehockey_puck_58_905.jpg_b142141.jpg,val,clear,71,71,1.0,True,small,wider_58--Hockey_58_Hockey_icehockey_puck_58_905.jpg,C:\Thực tập LUMI\model_BaiToan\Deepleaning\data\dataset\raw\clear\58--Hockey_58_Hockey_icehockey_puck_58_905.jpg_b142141.jpg
01a0b460-d500-7b70-b78d-145af7defd1a_nvr-llWGaUl9M9E771xokkJUiNr5fMyJBigI_1789732640437_img_face1.jpg,val,clear,57,57,1.0,True,small,single_01a0b460-d500-7b70-b78d-145af7defd1a_nvr-llWGaUl9M9E771xokkJUiNr5fMyJBigI_1789732640437_img_face1.jpg,C:\Thực tập LUMI\model_BaiToan\Deepleaning\data\dataset\raw\clear\01a0b460-d500-7b70-b78d-145af7defd1a_nvr-llWGaUl9M9E771xokkJUiNr5fMyJBigI_1789732640437_img_face1.jpg
003825_face.jpg,val,occluded,155,155,1.0,True,large,single_003825_face.jpg,C:\Thực tập LUMI\model_BaiToan\Deepleaning\data\dataset\raw\occluded\003825_face.jpg
41--Swimming_41_Swimming_Swimming_41_59.jpg_b121442.jpg,val,occluded,168,168,1.0,True,large,wider_41--Swimming_41_Swimming_Swimming_41_59.jpg,C:\Thực tập LUMI\model_BaiToan\Deepleaning\data\dataset\raw\occluded\41--Swimming_41_Swimming_Swimming_41_59.jpg_b121442.jpg
007385_face.jpg,val,occluded,137,137,1.0,True,large,single_007385_face.jpg,C:\Thực tập LUMI\model_BaiToan\Deepleaning\data\dataset\raw\occluded\007385_face.jpg
001110_face.jpg,val,occluded,141,141,1.0,True,large,single_001110_face.jpg,C:\Thực tập LUMI\model_BaiToan\Deepleaning\data\dataset\raw\occluded\001110_face.jpg
KhanhDD_20260415_084918_675.jpg,val,clear,112,112,1.0,True,large,person_session_KhanhDD_20260415_0849,C:\Thực tập LUMI\model_BaiToan\Deepleaning\data\dataset\raw\clear\KhanhDD_20260415_084918_675.jpg
KhanhDD_20260415_084917_868.jpg,val,occluded,112,112,1.0,True,large,person_session_KhanhDD_20260415_0849,C:\Thực tập LUMI\model_BaiToan\Deepleaning\data\dataset\raw\occluded\KhanhDD_20260415_084917_868.jpg
KhanhDD_20260415_084935_57.jpg,val,occluded,112,112,1.0,True,large,person_session_KhanhDD_20260415_0849,C:\Thực tập LUMI\model_BaiToan\Deepleaning\data\dataset\raw\occluded\KhanhDD_20260415_084935_57.jpg
55--Sports_Coach_Trainer_55_Sports_Coach_Trainer_sportcoaching_55_877.jpg_b138379.jpg,val,occluded,139,139,1.0,True,large,wider_55--Sports_Coach_Trainer_55_Sports_Coach_Trainer_sportcoaching_55_877.jpg,C:\Thực tập LUMI\model_BaiToan\Deepleaning\data\dataset\raw\occluded\55--Sports_Coach_Trainer_55_Sports_Coach_Trainer_sportcoaching_55_877.jpg_b138379.jpg
55--Sports_Coach_Trainer_55_Sports_Coach_Trainer_sportcoaching_55_877.jpg_b138383.jpg,val,occluded,136,136,1.0,True,large,wider_55--Sports_Coach_Trainer_55_Sports_Coach_Trainer_sportcoaching_55_877.jpg,C:\Thực tập LUMI\model_BaiToan\Deepleaning\data\dataset\raw\occluded\55--Sports_Coach_Trainer_55_Sports_Coach_Trainer_sportcoaching_55_877.jpg_b138383.jpg
2--Demonstration_2_Demonstration_Demonstration_Or_Protest_2_1023.jpg_b76815.jpg,val,occluded,113,113,1.0,True,large,wider_2--Demonstration_2_Demonstration_Demonstration_Or_Protest_2_1023.jpg,C:\Thực tập LUMI\model_BaiToan\Deepleaning\data\dataset\raw\occluded\2--Demonstration_2_Demonstration_Demonstration_Or_Protest_2_1023.jpg_b76815.jpg
01a0b760-1ae0-72e1-b233-83b1156b5785_nvr-llWGaUl9M9E771xokkJUiNr5fMyJBigI_1789782924240_img_face.jpg,val,occluded,124,124,1.0,True,large,single_01a0b760-1ae0-72e1-b233-83b1156b5785_nvr-llWGaUl9M9E771xokkJUiNr5fMyJBigI_1789782924240_img_face.jpg,C:\Thực tập LUMI\model_BaiToan\Deepleaning\data\dataset\raw\occluded\01a0b760-1ae0-72e1-b233-83b1156b5785_nvr-llWGaUl9M9E771xokkJUiNr5fMyJBigI_1789782924240_img_face.jpg
25--Soldier_Patrol_25_Soldier_Patrol_Soldier_Patrol_25_634.jpg_b91045.jpg,val,occluded,234,234,1.0,True,large,wider_25--Soldier_Patrol_25_Soldier_Patrol_Soldier_Patrol_25_634.jpg,C:\Thực tập LUMI\model_BaiToan\Deepleaning\data\dataset\raw\occluded\25--Soldier_Patrol_25_Soldier_Patrol_Soldier_Patrol_25_634.jpg_b91045.jpg
26--Soldier_Drilling_26_Soldier_Drilling_Soldiers_Drilling_26_74.jpg_b91818.jpg,val,occluded,142,142,1.0,True,large,wider_26--Soldier_Drilling_26_Soldier_Drilling_Soldiers_Drilling_26_74.jpg,C:\Thực tập LUMI\model_BaiToan\Deepleaning\data\dataset\raw\occluded\26--Soldier_Drilling_26_Soldier_Drilling_Soldiers_Drilling_26_74.jpg_b91818.jpg
13--Interview_13_Interview_Interview_On_Location_13_264.jpg_b37377.jpg,val,occluded,153,153,1.0,True,large,wider_13--Interview_13_Interview_Interview_On_Location_13_264.jpg,C:\Thực tập LUMI\model_BaiToan\Deepleaning\data\dataset\raw\occluded\13--Interview_13_Interview_Interview_On_Location_13_264.jpg_b37377.jpg
004252_face.jpg,val,occluded,143,143,1.0,True,large,single_004252_face.jpg,C:\Thực tập LUMI\model_BaiToan\Deepleaning\data\dataset\raw\occluded\004252_face.jpg
01a0b352-a508-7ec1-b095-5b158c056d06_nvr-llWGaUl9M9E771xokkJUiNr5fMyJBigI_1789714933416_img_face4.jpg,val,occluded,141,141,1.0,True,large,single_01a0b352-a508-7ec1-b095-5b158c056d06_nvr-llWGaUl9M9E771xokkJUiNr5fMyJBigI_1789714933416_img_face4.jpg,C:\Thực tập LUMI\model_BaiToan\Deepleaning\data\dataset\raw\occluded\01a0b352-a508-7ec1-b095-5b158c056d06_nvr-llWGaUl9M9E771xokkJUiNr5fMyJBigI_1789714933416_img_face4.jpg
000820_face.jpg,val,occluded,141,141,1.0,True,large,single_000820_face.jpg,C:\Thực tập LUMI\model_BaiToan\Deepleaning\data\dataset\raw\occluded\000820_face.jpg
004152_face.jpg,val,occluded,142,142,1.0,True,large,single_004152_face.jpg,C:\Thực tập LUMI\model_BaiToan\Deepleaning\data\dataset\raw\occluded\004152_face.jpg
2--Demonstration_2_Demonstration_Protesters_2_395.jpg_b73777.jpg,val,occluded,201,201,1.0,True,large,wider_2--Demonstration_2_Demonstration_Protesters_2_395.jpg,C:\Thực tập LUMI\model_BaiToan\Deepleaning\data\dataset\raw\occluded\2--Demonstration_2_Demonstration_Protesters_2_395.jpg_b73777.jpg
005822_face.jpg,val,occluded,178,178,1.0,True,large,single_005822_face.jpg,C:\Thực tập LUMI\model_BaiToan\Deepleaning\data\dataset\raw\occluded\005822_face.jpg
01a0b96a-0c10-7bc1-a7f7-dc0189bce8fd_nvr-llWGaUl9M9E771xokkJUiNr5fMyJBigI_1789817130484_img_face.jpg,val,occluded,124,124,1.0,True,large,single_01a0b96a-0c10-7bc1-a7f7-dc0189bce8fd_nvr-llWGaUl9M9E771xokkJUiNr5fMyJBigI_1789817130484_img_face.jpg,C:\Thực tập LUMI\model_BaiToan\Deepleaning\data\dataset\raw\occluded\01a0b96a-0c10-7bc1-a7f7-dc0189bce8fd_nvr-llWGaUl9M9E771xokkJUiNr5fMyJBigI_1789817130484_img_face.jpg
10--People_Marching_10_People_Marching_People_Marching_2_514.jpg_b5821.jpg,val,occluded,234,234,1.0,True,large,wider_10--People_Marching_10_People_Marching_People_Marching_2_514.jpg,C:\Thực tập LUMI\model_BaiToan\Deepleaning\data\dataset\raw\occluded\10--People_Marching_10_People_Marching_People_Marching_2_514.jpg_b5821.jpg
007127_face.jpg,val,occluded,150,150,1.0,True,large,single_007127_face.jpg,C:\Thực tập LUMI\model_BaiToan\Deepleaning\data\dataset\raw\occluded\007127_face.jpg
003135_face.jpg,val,occluded,175,175,1.0,True,large,single_003135_face.jpg,C:\Thực tập LUMI\model_BaiToan\Deepleaning\data\dataset\raw\occluded\003135_face.jpg
002346_face.jpg,val,occluded,127,127,1.0,True,large,single_002346_face.jpg,C:\Thực tập LUMI\model_BaiToan\Deepleaning\data\dataset\raw\occluded\002346_face.jpg
004010_face.jpg,val,occluded,131,131,1.0,True,large,single_004010_face.jpg,C:\Thực tập LUMI\model_BaiToan\Deepleaning\data\dataset\raw\occluded\004010_face.jpg
13--Interview_13_Interview_Interview_Sequences_13_669.jpg_b36438.jpg,val,occluded,236,236,1.0,True,large,wider_13--Interview_13_Interview_Interview_Sequences_13_669.jpg,C:\Thực tập LUMI\model_BaiToan\Deepleaning\data\dataset\raw\occluded\13--Interview_13_Interview_Interview_Sequences_13_669.jpg_b36438.jpg
19--Couple_19_Couple_Couple_19_776.jpg_b45293.jpg,val,occluded,127,127,1.0,True,large,wider_19--Couple_19_Couple_Couple_19_776.jpg,C:\Thực tập LUMI\model_BaiToan\Deepleaning\data\dataset\raw\occluded\19--Couple_19_Couple_Couple_19_776.jpg_b45293.jpg
35--Basketball_35_Basketball_playingbasketball_35_715.jpg_b104615.jpg,val,occluded,161,161,1.0,True,large,wider_35--Basketball_35_Basketball_playingbasketball_35_715.jpg,C:\Thực tập LUMI\model_BaiToan\Deepleaning\data\dataset\raw\occluded\35--Basketball_35_Basketball_playingbasketball_35_715.jpg_b104615.jpg
61--Street_Battle_61_Street_Battle_streetfight_61_732.jpg_b147454.jpg,val,occluded,136,136,1.0,True,large,wider_61--Street_Battle_61_Street_Battle_streetfight_61_732.jpg,C:\Thực tập LUMI\model_BaiToan\Deepleaning\data\dataset\raw\occluded\61--Street_Battle_61_Street_Battle_streetfight_61_732.jpg_b147454.jpg
61--Street_Battle_61_Street_Battle_streetfight_61_732.jpg_b147455.jpg,val,occluded,180,180,1.0,True,large,wider_61--Street_Battle_61_Street_Battle_streetfight_61_732.jpg,C:\Thực tập LUMI\model_BaiToan\Deepleaning\data\dataset\raw\occluded\61--Street_Battle_61_Street_Battle_streetfight_61_732.jpg_b147455.jpg
17--Ceremony_17_Ceremony_Ceremony_17_189.jpg_b41006.jpg,val,occluded,192,192,1.0,True,large,wider_17--Ceremony_17_Ceremony_Ceremony_17_189.jpg,C:\Thực tập LUMI\model_BaiToan\Deepleaning\data\dataset\raw\occluded\17--Ceremony_17_Ceremony_Ceremony_17_189.jpg_b41006.jpg
005372_face.jpg,val,occluded,155,155,1.0,True,large,single_005372_face.jpg,C:\Thực tập LUMI\model_BaiToan\Deepleaning\data\dataset\raw\occluded\005372_face.jpg
10--People_Marching_10_People_Marching_People_Marching_10_People_Marching_People_Marching_10_805.jpg_b20243.jpg,val,occluded,226,226,1.0,True,large,wider_10--People_Marching_10_People_Marching_People_Marching_10_People_Marching_People_Marching_10_805.jpg,C:\Thực tập LUMI\model_BaiToan\Deepleaning\data\dataset\raw\occluded\10--People_Marching_10_People_Marching_People_Marching_10_People_Marching_People_Marching_10_805.jpg_b20243.jpg
01a0b406-ca38-7340-b503-91ca168fbea7_nvr-llWGaUl9M9E771xokkJUiNr5fMyJBigI_1789726739227_img_face3.jpg,val,occluded,170,170,1.0,True,large,single_01a0b406-ca38-7340-b503-91ca168fbea7_nvr-llWGaUl9M9E771xokkJUiNr5fMyJBigI_1789726739227_img_face3.jpg,C:\Thực tập LUMI\model_BaiToan\Deepleaning\data\dataset\raw\occluded\01a0b406-ca38-7340-b503-91ca168fbea7_nvr-llWGaUl9M9E771xokkJUiNr5fMyJBigI_1789726739227_img_face3.jpg
000266_face.jpg,val,occluded,124,124,1.0,True,large,single_000266_face.jpg,C:\Thực tập LUMI\model_BaiToan\Deepleaning\data\dataset\raw\occluded\000266_face.jpg
003320_face.jpg,val,occluded,148,148,1.0,True,large,single_003320_face.jpg,C:\Thực tập LUMI\model_BaiToan\Deepleaning\data\dataset\raw\occluded\003320_face.jpg
6--Funeral_6_Funeral_Funeral_6_299.jpg_b144614.jpg,val,occluded,126,126,1.0,True,large,wider_6--Funeral_6_Funeral_Funeral_6_299.jpg,C:\Thực tập LUMI\model_BaiToan\Deepleaning\data\dataset\raw\occluded\6--Funeral_6_Funeral_Funeral_6_299.jpg_b144614.jpg
MaiNT_20260414_153221_274.jpg,val,occluded,112,112,1.0,True,large,person_session_MaiNT_20260414_1532,C:\Thực tập LUMI\model_BaiToan\Deepleaning\data\dataset\raw\occluded\MaiNT_20260414_153221_274.jpg
49--Greeting_49_Greeting_peoplegreeting_49_12.jpg_b130366.jpg,val,occluded,144,144,1.0,True,large,wider_49--Greeting_49_Greeting_peoplegreeting_49_12.jpg,C:\Thực tập LUMI\model_BaiToan\Deepleaning\data\dataset\raw\occluded\49--Greeting_49_Greeting_peoplegreeting_49_12.jpg_b130366.jpg
000529_face.jpg,val,occluded,160,160,1.0,True,large,single_000529_face.jpg,C:\Thực tập LUMI\model_BaiToan\Deepleaning\data\dataset\raw\occluded\000529_face.jpg
003982_face.jpg,val,occluded,155,155,1.0,True,large,single_003982_face.jpg,C:\Thực tập LUMI\model_BaiToan\Deepleaning\data\dataset\raw\occluded\003982_face.jpg
000293_face1.jpg,val,occluded,123,123,1.0,True,large,single_000293_face1.jpg,C:\Thực tập LUMI\model_BaiToan\Deepleaning\data\dataset\raw\occluded\000293_face1.jpg
57--Angler_57_Angler_peoplefishing_57_34.jpg_b141294.jpg,val,occluded,176,176,1.0,True,large,wider_57--Angler_57_Angler_peoplefishing_57_34.jpg,C:\Thực tập LUMI\model_BaiToan\Deepleaning\data\dataset\raw\occluded\57--Angler_57_Angler_peoplefishing_57_34.jpg_b141294.jpg
002225_face.jpg,val,occluded,162,162,1.0,True,large,single_002225_face.jpg,C:\Thực tập LUMI\model_BaiToan\Deepleaning\data\dataset\raw\occluded\002225_face.jpg
004416_face.jpg,val,occluded,134,134,1.0,True,large,single_004416_face.jpg,C:\Thực tập LUMI\model_BaiToan\Deepleaning\data\dataset\raw\occluded\004416_face.jpg
01a0b342-45a0-7680-bfa8-beb1621b0953_nvr-llWGaUl9M9E771xokkJUiNr5fMyJBigI_1789713860433_img_face14.jpg,val,occluded,115,115,1.0,True,large,single_01a0b342-45a0-7680-bfa8-beb1621b0953_nvr-llWGaUl9M9E771xokkJUiNr5fMyJBigI_1789713860433_img_face14.jpg,C:\Thực tập LUMI\model_BaiToan\Deepleaning\data\dataset\raw\occluded\01a0b342-45a0-7680-bfa8-beb1621b0953_nvr-llWGaUl9M9E771xokkJUiNr5fMyJBigI_1789713860433_img_face14.jpg
49--Greeting_49_Greeting_peoplegreeting_49_34.jpg_b130836.jpg,val,occluded,174,174,1.0,True,large,wider_49--Greeting_49_Greeting_peoplegreeting_49_34.jpg,C:\Thực tập LUMI\model_BaiToan\Deepleaning\data\dataset\raw\occluded\49--Greeting_49_Greeting_peoplegreeting_49_34.jpg_b130836.jpg
35--Basketball_35_Basketball_basketballgame_ball_35_297.jpg_b103075.jpg,val,occluded,234,234,1.0,True,large,wider_35--Basketball_35_Basketball_basketballgame_ball_35_297.jpg,C:\Thực tập LUMI\model_BaiToan\Deepleaning\data\dataset\raw\occluded\35--Basketball_35_Basketball_basketballgame_ball_35_297.jpg_b103075.jpg
56--Voter_56_Voter_peoplevoting_56_441.jpg_b35685.jpg,val,occluded,160,160,1.0,True,large,wider_56--Voter_56_Voter_peoplevoting_56_441.jpg,C:\Thực tập LUMI\model_BaiToan\Deepleaning\data\dataset\raw\occluded\56--Voter_56_Voter_peoplevoting_56_441.jpg_b35685.jpg
16--Award_Ceremony_16_Award_Ceremony_Awards_Ceremony_16_142.jpg_b40134.jpg,val,occluded,234,234,1.0,True,large,wider_16--Award_Ceremony_16_Award_Ceremony_Awards_Ceremony_16_142.jpg,C:\Thực tập LUMI\model_BaiToan\Deepleaning\data\dataset\raw\occluded\16--Award_Ceremony_16_Award_Ceremony_Awards_Ceremony_16_142.jpg_b40134.jpg
01a0b34b-61a8-7773-9961-45ac8896d6f4_nvr-llWGaUl9M9E771xokkJUiNr5fMyJBigI_1789714457897_img_face13.jpg,val,occluded,125,125,1.0,True,large,single_01a0b34b-61a8-7773-9961-45ac8896d6f4_nvr-llWGaUl9M9E771xokkJUiNr5fMyJBigI_1789714457897_img_face13.jpg,C:\Thực tập LUMI\model_BaiToan\Deepleaning\data\dataset\raw\occluded\01a0b34b-61a8-7773-9961-45ac8896d6f4_nvr-llWGaUl9M9E771xokkJUiNr5fMyJBigI_1789714457897_img_face13.jpg
19--Couple_19_Couple_Couple_19_537.jpg_b45367.jpg,val,occluded,446,446,1.0,True,large,wider_19--Couple_19_Couple_Couple_19_537.jpg,C:\Thực tập LUMI\model_BaiToan\Deepleaning\data\dataset\raw\occluded\19--Couple_19_Couple_Couple_19_537.jpg_b45367.jpg
31--Waiter_Waitress_31_Waiter_Waitress_Waiter_Waitress_31_873.jpg_b99085.jpg,val,occluded,156,156,1.0,True,large,wider_31--Waiter_Waitress_31_Waiter_Waitress_Waiter_Waitress_31_873.jpg,C:\Thực tập LUMI\model_BaiToan\Deepleaning\data\dataset\raw\occluded\31--Waiter_Waitress_31_Waiter_Waitress_Waiter_Waitress_31_873.jpg_b99085.jpg
008352_face.jpg,val,occluded,137,137,1.0,True,large,single_008352_face.jpg,C:\Thực tập LUMI\model_BaiToan\Deepleaning\data\dataset\raw\occluded\008352_face.jpg
005895_face.jpg,val,occluded,156,156,1.0,True,large,single_005895_face.jpg,C:\Thực tập LUMI\model_BaiToan\Deepleaning\data\dataset\raw\occluded\005895_face.jpg
000675_face.jpg,val,occluded,120,120,1.0,True,large,single_000675_face.jpg,C:\Thực tập LUMI\model_BaiToan\Deepleaning\data\dataset\raw\occluded\000675_face.jpg
004151_face.jpg,val,occluded,204,204,1.0,True,large,single_004151_face.jpg,C:\Thực tập LUMI\model_BaiToan\Deepleaning\data\dataset\raw\occluded\004151_face.jpg
008172_face.jpg,val,occluded,137,137,1.0,True,large,single_008172_face.jpg,C:\Thực tập LUMI\model_BaiToan\Deepleaning\data\dataset\raw\occluded\008172_face.jpg
face_0005_aligned112.jpg,val,occluded,112,112,1.0,True,large,face_id_face_0005,C:\Thực tập LUMI\model_BaiToan\Deepleaning\data\dataset\raw\occluded\face_0005_aligned112.jpg
003249_face.jpg,val,occluded,159,159,1.0,True,large,single_003249_face.jpg,C:\Thực tập LUMI\model_BaiToan\Deepleaning\data\dataset\raw\occluded\003249_face.jpg
000983_face.jpg,val,occluded,200,200,1.0,True,large,single_000983_face.jpg,C:\Thực tập LUMI\model_BaiToan\Deepleaning\data\dataset\raw\occluded\000983_face.jpg
face_0026_aligned112.jpg,val,occluded,112,112,1.0,True,large,face_id_face_0026,C:\Thực tập LUMI\model_BaiToan\Deepleaning\data\dataset\raw\occluded\face_0026_aligned112.jpg
face_0026_crop.jpg,val,occluded,63,63,1.0,True,small,face_id_face_0026,C:\Thực tập LUMI\model_BaiToan\Deepleaning\data\dataset\raw\occluded\face_0026_crop.jpg
01a0b341-6310-7813-9020-4d33f3f7fdb4_nvr-llWGaUl9M9E771xokkJUiNr5fMyJBigI_1789713802344_img_face2.jpg,val,occluded,149,149,1.0,True,large,single_01a0b341-6310-7813-9020-4d33f3f7fdb4_nvr-llWGaUl9M9E771xokkJUiNr5fMyJBigI_1789713802344_img_face2.jpg,C:\Thực tập LUMI\model_BaiToan\Deepleaning\data\dataset\raw\occluded\01a0b341-6310-7813-9020-4d33f3f7fdb4_nvr-llWGaUl9M9E771xokkJUiNr5fMyJBigI_1789713802344_img_face2.jpg
19--Couple_19_Couple_Couple_19_300.jpg_b45470.jpg,val,occluded,202,202,1.0,True,large,wider_19--Couple_19_Couple_Couple_19_300.jpg,C:\Thực tập LUMI\model_BaiToan\Deepleaning\data\dataset\raw\occluded\19--Couple_19_Couple_Couple_19_300.jpg_b45470.jpg
2--Demonstration_2_Demonstration_Protesters_2_863.jpg_b51350.jpg,val,occluded,148,148,1.0,True,large,wider_2--Demonstration_2_Demonstration_Protesters_2_863.jpg,C:\Thực tập LUMI\model_BaiToan\Deepleaning\data\dataset\raw\occluded\2--Demonstration_2_Demonstration_Protesters_2_863.jpg_b51350.jpg
2--Demonstration_2_Demonstration_Protesters_2_586.jpg_b72381.jpg,val,occluded,182,182,1.0,True,large,wider_2--Demonstration_2_Demonstration_Protesters_2_586.jpg,C:\Thực tập LUMI\model_BaiToan\Deepleaning\data\dataset\raw\occluded\2--Demonstration_2_Demonstration_Protesters_2_586.jpg_b72381.jpg
22--Picnic_22_Picnic_Picnic_22_586.jpg_b89466.jpg,val,occluded,142,142,1.0,True,large,wider_22--Picnic_22_Picnic_Picnic_22_586.jpg,C:\Thực tập LUMI\model_BaiToan\Deepleaning\data\dataset\raw\occluded\22--Picnic_22_Picnic_Picnic_22_586.jpg_b89466.jpg
26--Soldier_Drilling_26_Soldier_Drilling_Soldiers_Drilling_26_461.jpg_b91613.jpg,val,occluded,124,124,1.0,True,large,wider_26--Soldier_Drilling_26_Soldier_Drilling_Soldiers_Drilling_26_461.jpg,C:\Thực tập LUMI\model_BaiToan\Deepleaning\data\dataset\raw\occluded\26--Soldier_Drilling_26_Soldier_Drilling_Soldiers_Drilling_26_461.jpg_b91613.jpg
26--Soldier_Drilling_26_Soldier_Drilling_Soldiers_Drilling_26_461.jpg_b91617.jpg,val,occluded,119,119,1.0,True,large,wider_26--Soldier_Drilling_26_Soldier_Drilling_Soldiers_Drilling_26_461.jpg,C:\Thực tập LUMI\model_BaiToan\Deepleaning\data\dataset\raw\occluded\26--Soldier_Drilling_26_Soldier_Drilling_Soldiers_Drilling_26_461.jpg_b91617.jpg
49--Greeting_49_Greeting_peoplegreeting_49_421.jpg_b130945.jpg,val,occluded,155,155,1.0,True,large,wider_49--Greeting_49_Greeting_peoplegreeting_49_421.jpg,C:\Thực tập LUMI\model_BaiToan\Deepleaning\data\dataset\raw\occluded\49--Greeting_49_Greeting_peoplegreeting_49_421.jpg_b130945.jpg
001096_face.jpg,val,occluded,128,128,1.0,True,large,single_001096_face.jpg,C:\Thực tập LUMI\model_BaiToan\Deepleaning\data\dataset\raw\occluded\001096_face.jpg
51--Dresses_51_Dresses_wearingdress_51_370.jpg_b134265.jpg,val,occluded,130,130,1.0,True,large,wider_51--Dresses_51_Dresses_wearingdress_51_370.jpg,C:\Thực tập LUMI\model_BaiToan\Deepleaning\data\dataset\raw\occluded\51--Dresses_51_Dresses_wearingdress_51_370.jpg_b134265.jpg
005079_face.jpg,val,occluded,156,156,1.0,True,large,single_005079_face.jpg,C:\Thực tập LUMI\model_BaiToan\Deepleaning\data\dataset\raw\occluded\005079_face.jpg
2--Demonstration_2_Demonstration_Demonstration_Or_Protest_2_395.jpg_b19473.jpg,val,occluded,136,136,1.0,True,large,wider_2--Demonstration_2_Demonstration_Demonstration_Or_Protest_2_395.jpg,C:\Thực tập LUMI\model_BaiToan\Deepleaning\data\dataset\raw\occluded\2--Demonstration_2_Demonstration_Demonstration_Or_Protest_2_395.jpg_b19473.jpg
2--Demonstration_2_Demonstration_Demonstration_Or_Protest_2_395.jpg_b19474.jpg,val,occluded,105,105,1.0,True,medium,wider_2--Demonstration_2_Demonstration_Demonstration_Or_Protest_2_395.jpg,C:\Thực tập LUMI\model_BaiToan\Deepleaning\data\dataset\raw\occluded\2--Demonstration_2_Demonstration_Demonstration_Or_Protest_2_395.jpg_b19474.jpg
49--Greeting_49_Greeting_peoplegreeting_49_27.jpg_b131188.jpg,val,occluded,117,117,1.0,True,large,wider_49--Greeting_49_Greeting_peoplegreeting_49_27.jpg,C:\Thực tập LUMI\model_BaiToan\Deepleaning\data\dataset\raw\occluded\49--Greeting_49_Greeting_peoplegreeting_49_27.jpg_b131188.jpg
10--People_Marching_10_People_Marching_People_Marching_2_799.jpg_b21339.jpg,val,occluded,176,176,1.0,True,large,wider_10--People_Marching_10_People_Marching_People_Marching_2_799.jpg,C:\Thực tập LUMI\model_BaiToan\Deepleaning\data\dataset\raw\occluded\10--People_Marching_10_People_Marching_People_Marching_2_799.jpg_b21339.jpg
1--Handshaking_1_Handshaking_Handshaking_1_781.jpg_b3806.jpg,val,occluded,228,228,1.0,True,large,wider_1--Handshaking_1_Handshaking_Handshaking_1_781.jpg,C:\Thực tập LUMI\model_BaiToan\Deepleaning\data\dataset\raw\occluded\1--Handshaking_1_Handshaking_Handshaking_1_781.jpg_b3806.jpg
31--Waiter_Waitress_31_Waiter_Waitress_Waiter_Waitress_31_438.jpg_b98765.jpg,val,occluded,225,225,1.0,True,large,wider_31--Waiter_Waitress_31_Waiter_Waitress_Waiter_Waitress_31_438.jpg,C:\Thực tập LUMI\model_BaiToan\Deepleaning\data\dataset\raw\occluded\31--Waiter_Waitress_31_Waiter_Waitress_Waiter_Waitress_31_438.jpg_b98765.jpg
007521_face.jpg,val,occluded,178,178,1.0,True,large,single_007521_face.jpg,C:\Thực tập LUMI\model_BaiToan\Deepleaning\data\dataset\raw\occluded\007521_face.jpg
13--Interview_13_Interview_Interview_Sequences_13_805.jpg_b37297.jpg,val,occluded,118,118,1.0,True,large,wider_13--Interview_13_Interview_Interview_Sequences_13_805.jpg,C:\Thực tập LUMI\model_BaiToan\Deepleaning\data\dataset\raw\occluded\13--Interview_13_Interview_Interview_Sequences_13_805.jpg_b37297.jpg
35--Basketball_35_Basketball_basketballgame_ball_35_541.jpg_b102861.jpg,val,occluded,119,119,1.0,True,large,wider_35--Basketball_35_Basketball_basketballgame_ball_35_541.jpg,C:\Thực tập LUMI\model_BaiToan\Deepleaning\data\dataset\raw\occluded\35--Basketball_35_Basketball_basketballgame_ball_35_541.jpg_b102861.jpg
35--Basketball_35_Basketball_basketballgame_ball_35_541.jpg_b102862.jpg,val,occluded,66,66,1.0,True,small,wider_35--Basketball_35_Basketball_basketballgame_ball_35_541.jpg,C:\Thực tập LUMI\model_BaiToan\Deepleaning\data\dataset\raw\occluded\35--Basketball_35_Basketball_basketballgame_ball_35_541.jpg_b102862.jpg
35--Basketball_35_Basketball_basketballgame_ball_35_201.jpg_b28804.jpg,val,occluded,153,153,1.0,True,large,wider_35--Basketball_35_Basketball_basketballgame_ball_35_201.jpg,C:\Thực tập LUMI\model_BaiToan\Deepleaning\data\dataset\raw\occluded\35--Basketball_35_Basketball_basketballgame_ball_35_201.jpg_b28804.jpg
35--Basketball_35_Basketball_basketballgame_ball_35_201.jpg_b28807.jpg,val,occluded,142,142,1.0,True,large,wider_35--Basketball_35_Basketball_basketballgame_ball_35_201.jpg,C:\Thực tập LUMI\model_BaiToan\Deepleaning\data\dataset\raw\occluded\35--Basketball_35_Basketball_basketballgame_ball_35_201.jpg_b28807.jpg
35--Basketball_35_Basketball_basketballgame_ball_35_201.jpg_b28812.jpg,val,occluded,102,102,1.0,True,medium,wider_35--Basketball_35_Basketball_basketballgame_ball_35_201.jpg,C:\Thực tập LUMI\model_BaiToan\Deepleaning\data\dataset\raw\occluded\35--Basketball_35_Basketball_basketballgame_ball_35_201.jpg_b28812.jpg
006447_face.jpg,val,occluded,139,139,1.0,True,large,single_006447_face.jpg,C:\Thực tập LUMI\model_BaiToan\Deepleaning\data\dataset\raw\occluded\006447_face.jpg
14--Traffic_14_Traffic_Traffic_14_514.jpg_b38040.jpg,val,occluded,129,129,1.0,True,large,wider_14--Traffic_14_Traffic_Traffic_14_514.jpg,C:\Thực tập LUMI\model_BaiToan\Deepleaning\data\dataset\raw\occluded\14--Traffic_14_Traffic_Traffic_14_514.jpg_b38040.jpg
51--Dresses_51_Dresses_wearingdress_51_488.jpg_b134728.jpg,val,occluded,141,141,1.0,True,large,wider_51--Dresses_51_Dresses_wearingdress_51_488.jpg,C:\Thực tập LUMI\model_BaiToan\Deepleaning\data\dataset\raw\occluded\51--Dresses_51_Dresses_wearingdress_51_488.jpg_b134728.jpg
KhanhDD_20260414_152934_975.jpg,val,occluded,112,112,1.0,True,large,person_session_KhanhDD_20260414_1529,C:\Thực tập LUMI\model_BaiToan\Deepleaning\data\dataset\raw\occluded\KhanhDD_20260414_152934_975.jpg
2--Demonstration_2_Demonstration_Political_Rally_2_73.jpg_b78502.jpg,val,occluded,277,277,1.0,True,large,wider_2--Demonstration_2_Demonstration_Political_Rally_2_73.jpg,C:\Thực tập LUMI\model_BaiToan\Deepleaning\data\dataset\raw\occluded\2--Demonstration_2_Demonstration_Political_Rally_2_73.jpg_b78502.jpg
2--Demonstration_2_Demonstration_Demonstration_Or_Protest_2_59.jpg_b50625.jpg,val,occluded,166,166,1.0,True,large,wider_2--Demonstration_2_Demonstration_Demonstration_Or_Protest_2_59.jpg,C:\Thực tập LUMI\model_BaiToan\Deepleaning\data\dataset\raw\occluded\2--Demonstration_2_Demonstration_Demonstration_Or_Protest_2_59.jpg_b50625.jpg
35--Basketball_35_Basketball_basketballgame_ball_35_309.jpg_b28364.jpg,val,occluded,116,116,1.0,True,large,wider_35--Basketball_35_Basketball_basketballgame_ball_35_309.jpg,C:\Thực tập LUMI\model_BaiToan\Deepleaning\data\dataset\raw\occluded\35--Basketball_35_Basketball_basketballgame_ball_35_309.jpg_b28364.jpg
PhongLT_20260415_090220_478.jpg,val,occluded,112,112,1.0,True,large,person_session_PhongLT_20260415_0902,C:\Thực tập LUMI\model_BaiToan\Deepleaning\data\dataset\raw\occluded\PhongLT_20260415_090220_478.jpg
39--Ice_Skating_39_Ice_Skating_Ice_Skating_39_55.jpg_b118277.jpg,val,occluded,160,160,1.0,True,large,wider_39--Ice_Skating_39_Ice_Skating_Ice_Skating_39_55.jpg,C:\Thực tập LUMI\model_BaiToan\Deepleaning\data\dataset\raw\occluded\39--Ice_Skating_39_Ice_Skating_Ice_Skating_39_55.jpg_b118277.jpg
01a0b416-8978-7371-819c-e6bcb97e7064_nvr-llWGaUl9M9E771xokkJUiNr5fMyJBigI_1789727771140_img_face1.jpg,val,occluded,116,116,1.0,True,large,single_01a0b416-8978-7371-819c-e6bcb97e7064_nvr-llWGaUl9M9E771xokkJUiNr5fMyJBigI_1789727771140_img_face1.jpg,C:\Thực tập LUMI\model_BaiToan\Deepleaning\data\dataset\raw\occluded\01a0b416-8978-7371-819c-e6bcb97e7064_nvr-llWGaUl9M9E771xokkJUiNr5fMyJBigI_1789727771140_img_face1.jpg
18--Concerts_18_Concerts_Concerts_18_434.jpg_b44674.jpg,val,occluded,313,313,1.0,True,large,wider_18--Concerts_18_Concerts_Concerts_18_434.jpg,C:\Thực tập LUMI\model_BaiToan\Deepleaning\data\dataset\raw\occluded\18--Concerts_18_Concerts_Concerts_18_434.jpg_b44674.jpg
12--Group_12_Group_Group_12_Group_Group_12_301.jpg_b8826.jpg,val,occluded,136,136,1.0,True,large,wider_12--Group_12_Group_Group_12_Group_Group_12_301.jpg,C:\Thực tập LUMI\model_BaiToan\Deepleaning\data\dataset\raw\occluded\12--Group_12_Group_Group_12_Group_Group_12_301.jpg_b8826.jpg
40--Gymnastics_40_Gymnastics_Gymnastics_40_161.jpg_b30817.jpg,val,occluded,126,126,1.0,True,large,wider_40--Gymnastics_40_Gymnastics_Gymnastics_40_161.jpg,C:\Thực tập LUMI\model_BaiToan\Deepleaning\data\dataset\raw\occluded\40--Gymnastics_40_Gymnastics_Gymnastics_40_161.jpg_b30817.jpg
01a0b3c0-c470-77e0-a1d8-26e34604af64_nvr-llWGaUl9M9E771xokkJUiNr5fMyJBigI_1789722150479_img_face1.jpg,val,occluded,131,131,1.0,True,large,single_01a0b3c0-c470-77e0-a1d8-26e34604af64_nvr-llWGaUl9M9E771xokkJUiNr5fMyJBigI_1789722150479_img_face1.jpg,C:\Thực tập LUMI\model_BaiToan\Deepleaning\data\dataset\raw\occluded\01a0b3c0-c470-77e0-a1d8-26e34604af64_nvr-llWGaUl9M9E771xokkJUiNr5fMyJBigI_1789722150479_img_face1.jpg
35--Basketball_35_Basketball_basketballgame_ball_35_933.jpg_b107400.jpg,val,occluded,118,118,1.0,True,large,wider_35--Basketball_35_Basketball_basketballgame_ball_35_933.jpg,C:\Thực tập LUMI\model_BaiToan\Deepleaning\data\dataset\raw\occluded\35--Basketball_35_Basketball_basketballgame_ball_35_933.jpg_b107400.jpg
000003_face.jpg,val,occluded,176,176,1.0,True,large,single_000003_face.jpg,C:\Thực tập LUMI\model_BaiToan\Deepleaning\data\dataset\raw\occluded\000003_face.jpg
01a0b3c1-6498-7310-af78-021d03443abc_nvr-llWGaUl9M9E771xokkJUiNr5fMyJBigI_1789722191815_img_face1.jpg,val,occluded,113,113,1.0,True,large,single_01a0b3c1-6498-7310-af78-021d03443abc_nvr-llWGaUl9M9E771xokkJUiNr5fMyJBigI_1789722191815_img_face1.jpg,C:\Thực tập LUMI\model_BaiToan\Deepleaning\data\dataset\raw\occluded\01a0b3c1-6498-7310-af78-021d03443abc_nvr-llWGaUl9M9E771xokkJUiNr5fMyJBigI_1789722191815_img_face1.jpg
31--Waiter_Waitress_31_Waiter_Waitress_Waiter_Waitress_31_651.jpg_b98823.jpg,val,occluded,444,444,1.0,True,large,wider_31--Waiter_Waitress_31_Waiter_Waitress_Waiter_Waitress_31_651.jpg,C:\Thực tập LUMI\model_BaiToan\Deepleaning\data\dataset\raw\occluded\31--Waiter_Waitress_31_Waiter_Waitress_Waiter_Waitress_31_651.jpg_b98823.jpg
56--Voter_56_Voter_peoplevoting_56_341.jpg_b140005.jpg,val,occluded,174,174,1.0,True,large,wider_56--Voter_56_Voter_peoplevoting_56_341.jpg,C:\Thực tập LUMI\model_BaiToan\Deepleaning\data\dataset\raw\occluded\56--Voter_56_Voter_peoplevoting_56_341.jpg_b140005.jpg
MinhTV_20260414_153917_29.jpg,val,occluded,112,112,1.0,True,large,person_session_MinhTV_20260414_1539,C:\Thực tập LUMI\model_BaiToan\Deepleaning\data\dataset\raw\occluded\MinhTV_20260414_153917_29.jpg
31--Waiter_Waitress_31_Waiter_Waitress_Waiter_Waitress_31_914.jpg_b99289.jpg,val,occluded,240,240,1.0,True,large,wider_31--Waiter_Waitress_31_Waiter_Waitress_Waiter_Waitress_31_914.jpg,C:\Thực tập LUMI\model_BaiToan\Deepleaning\data\dataset\raw\occluded\31--Waiter_Waitress_31_Waiter_Waitress_Waiter_Waitress_31_914.jpg_b99289.jpg
10--People_Marching_10_People_Marching_People_Marching_2_335.jpg_b18900.jpg,val,occluded,80,80,1.0,True,medium,wider_10--People_Marching_10_People_Marching_People_Marching_2_335.jpg,C:\Thực tập LUMI\model_BaiToan\Deepleaning\data\dataset\raw\occluded\10--People_Marching_10_People_Marching_People_Marching_2_335.jpg_b18900.jpg
10--People_Marching_10_People_Marching_People_Marching_2_335.jpg_b18901.jpg,val,occluded,89,89,1.0,True,medium,wider_10--People_Marching_10_People_Marching_People_Marching_2_335.jpg,C:\Thực tập LUMI\model_BaiToan\Deepleaning\data\dataset\raw\occluded\10--People_Marching_10_People_Marching_People_Marching_2_335.jpg_b18901.jpg
11--Meeting_11_Meeting_Meeting_11_Meeting_Meeting_11_60.jpg_b23783.jpg,val,clear,164,164,1.0,True,large,wider_11--Meeting_11_Meeting_Meeting_11_Meeting_Meeting_11_60.jpg,C:\Thực tập LUMI\model_BaiToan\Deepleaning\data\dataset\raw\clear\11--Meeting_11_Meeting_Meeting_11_Meeting_Meeting_11_60.jpg_b23783.jpg
11--Meeting_11_Meeting_Meeting_11_Meeting_Meeting_11_60.jpg_b23785.jpg,val,occluded,92,92,1.0,True,medium,wider_11--Meeting_11_Meeting_Meeting_11_Meeting_Meeting_11_60.jpg,C:\Thực tập LUMI\model_BaiToan\Deepleaning\data\dataset\raw\occluded\11--Meeting_11_Meeting_Meeting_11_Meeting_Meeting_11_60.jpg_b23785.jpg
11--Meeting_11_Meeting_Meeting_11_Meeting_Meeting_11_60.jpg_b23786.jpg,val,occluded,100,100,1.0,True,medium,wider_11--Meeting_11_Meeting_Meeting_11_Meeting_Meeting_11_60.jpg,C:\Thực tập LUMI\model_BaiToan\Deepleaning\data\dataset\raw\occluded\11--Meeting_11_Meeting_Meeting_11_Meeting_Meeting_11_60.jpg_b23786.jpg
11--Meeting_11_Meeting_Meeting_11_Meeting_Meeting_11_60.jpg_b23787.jpg,val,occluded,90,90,1.0,True,medium,wider_11--Meeting_11_Meeting_Meeting_11_Meeting_Meeting_11_60.jpg,C:\Thực tập LUMI\model_BaiToan\Deepleaning\data\dataset\raw\occluded\11--Meeting_11_Meeting_Meeting_11_Meeting_Meeting_11_60.jpg_b23787.jpg
46--Jockey_46_Jockey_Jockey_46_80.jpg_b124978.jpg,val,occluded,108,108,1.0,True,medium,wider_46--Jockey_46_Jockey_Jockey_46_80.jpg,C:\Thực tập LUMI\model_BaiToan\Deepleaning\data\dataset\raw\occluded\46--Jockey_46_Jockey_Jockey_46_80.jpg_b124978.jpg
18--Concerts_18_Concerts_Concerts_18_328.jpg_b43630.jpg,val,occluded,77,77,1.0,True,medium,wider_18--Concerts_18_Concerts_Concerts_18_328.jpg,C:\Thực tập LUMI\model_BaiToan\Deepleaning\data\dataset\raw\occluded\18--Concerts_18_Concerts_Concerts_18_328.jpg_b43630.jpg
58--Hockey_58_Hockey_icehockey_puck_58_223.jpg_b143430.jpg,val,occluded,106,106,1.0,True,medium,wider_58--Hockey_58_Hockey_icehockey_puck_58_223.jpg,C:\Thực tập LUMI\model_BaiToan\Deepleaning\data\dataset\raw\occluded\58--Hockey_58_Hockey_icehockey_puck_58_223.jpg_b143430.jpg
01a0b889-02b0-7a51-9f94-1c1b260db89f_nvr-llWGaUl9M9E771xokkJUiNr5fMyJBigI_1789802382746_img_face2.jpg,val,occluded,95,95,1.0,True,medium,single_01a0b889-02b0-7a51-9f94-1c1b260db89f_nvr-llWGaUl9M9E771xokkJUiNr5fMyJBigI_1789802382746_img_face2.jpg,C:\Thực tập LUMI\model_BaiToan\Deepleaning\data\dataset\raw\occluded\01a0b889-02b0-7a51-9f94-1c1b260db89f_nvr-llWGaUl9M9E771xokkJUiNr5fMyJBigI_1789802382746_img_face2.jpg
4--Dancing_4_Dancing_Dancing_4_491.jpg_b119136.jpg,val,occluded,76,76,1.0,True,medium,wider_4--Dancing_4_Dancing_Dancing_4_491.jpg,C:\Thực tập LUMI\model_BaiToan\Deepleaning\data\dataset\raw\occluded\4--Dancing_4_Dancing_Dancing_4_491.jpg_b119136.jpg
01a0b3c1-7438-7612-8c1d-032131d0994d_nvr-llWGaUl9M9E771xokkJUiNr5fMyJBigI_1789722195759_img_face.jpg,val,occluded,76,76,1.0,True,medium,single_01a0b3c1-7438-7612-8c1d-032131d0994d_nvr-llWGaUl9M9E771xokkJUiNr5fMyJBigI_1789722195759_img_face.jpg,C:\Thực tập LUMI\model_BaiToan\Deepleaning\data\dataset\raw\occluded\01a0b3c1-7438-7612-8c1d-032131d0994d_nvr-llWGaUl9M9E771xokkJUiNr5fMyJBigI_1789722195759_img_face.jpg
54--Rescue_54_Rescue_firemanrescue_54_578.jpg_b137319.jpg,val,occluded,102,102,1.0,True,medium,wider_54--Rescue_54_Rescue_firemanrescue_54_578.jpg,C:\Thực tập LUMI\model_BaiToan\Deepleaning\data\dataset\raw\occluded\54--Rescue_54_Rescue_firemanrescue_54_578.jpg_b137319.jpg
01a0b405-7e30-7561-a9fd-0a990cfe5b36_nvr-llWGaUl9M9E771xokkJUiNr5fMyJBigI_1789726654104_img_face.jpg,val,occluded,100,100,1.0,True,medium,single_01a0b405-7e30-7561-a9fd-0a990cfe5b36_nvr-llWGaUl9M9E771xokkJUiNr5fMyJBigI_1789726654104_img_face.jpg,C:\Thực tập LUMI\model_BaiToan\Deepleaning\data\dataset\raw\occluded\01a0b405-7e30-7561-a9fd-0a990cfe5b36_nvr-llWGaUl9M9E771xokkJUiNr5fMyJBigI_1789726654104_img_face.jpg
01a0b36c-91c0-7660-b88f-bb1c3d7e0aff_nvr-llWGaUl9M9E771xokkJUiNr5fMyJBigI_1789716632790_img_face.jpg,val,occluded,103,103,1.0,True,medium,single_01a0b36c-91c0-7660-b88f-bb1c3d7e0aff_nvr-llWGaUl9M9E771xokkJUiNr5fMyJBigI_1789716632790_img_face.jpg,C:\Thực tập LUMI\model_BaiToan\Deepleaning\data\dataset\raw\occluded\01a0b36c-91c0-7660-b88f-bb1c3d7e0aff_nvr-llWGaUl9M9E771xokkJUiNr5fMyJBigI_1789716632790_img_face.jpg
01a0b37b-7640-7632-ba5e-6b59c4b70105_nvr-llWGaUl9M9E771xokkJUiNr5fMyJBigI_1789717608062_img_face3.jpg,val,occluded,76,76,1.0,True,medium,single_01a0b37b-7640-7632-ba5e-6b59c4b70105_nvr-llWGaUl9M9E771xokkJUiNr5fMyJBigI_1789717608062_img_face3.jpg,C:\Thực tập LUMI\model_BaiToan\Deepleaning\data\dataset\raw\occluded\01a0b37b-7640-7632-ba5e-6b59c4b70105_nvr-llWGaUl9M9E771xokkJUiNr5fMyJBigI_1789717608062_img_face3.jpg
17--Ceremony_17_Ceremony_Ceremony_17_207.jpg_b41547.jpg,val,occluded,86,86,1.0,True,medium,wider_17--Ceremony_17_Ceremony_Ceremony_17_207.jpg,C:\Thực tập LUMI\model_BaiToan\Deepleaning\data\dataset\raw\occluded\17--Ceremony_17_Ceremony_Ceremony_17_207.jpg_b41547.jpg
01a0b407-1c40-79f3-a715-1335c6599b33_nvr-llWGaUl9M9E771xokkJUiNr5fMyJBigI_1789726760719_img_face1.jpg,val,occluded,88,88,1.0,True,medium,single_01a0b407-1c40-79f3-a715-1335c6599b33_nvr-llWGaUl9M9E771xokkJUiNr5fMyJBigI_1789726760719_img_face1.jpg,C:\Thực tập LUMI\model_BaiToan\Deepleaning\data\dataset\raw\occluded\01a0b407-1c40-79f3-a715-1335c6599b33_nvr-llWGaUl9M9E771xokkJUiNr5fMyJBigI_1789726760719_img_face1.jpg
41--Swimming_41_Swimming_Swimming_41_203.jpg_b121701.jpg,val,occluded,104,104,1.0,True,medium,wider_41--Swimming_41_Swimming_Swimming_41_203.jpg,C:\Thực tập LUMI\model_BaiToan\Deepleaning\data\dataset\raw\occluded\41--Swimming_41_Swimming_Swimming_41_203.jpg_b121701.jpg
23--Shoppers_23_Shoppers_Shoppers_23_28.jpg_b90480.jpg,val,occluded,107,107,1.0,True,medium,wider_23--Shoppers_23_Shoppers_Shoppers_23_28.jpg,C:\Thực tập LUMI\model_BaiToan\Deepleaning\data\dataset\raw\occluded\23--Shoppers_23_Shoppers_Shoppers_23_28.jpg_b90480.jpg
12--Group_12_Group_Group_12_Group_Group_12_148.jpg_b24320.jpg,val,occluded,82,82,1.0,True,medium,wider_12--Group_12_Group_Group_12_Group_Group_12_148.jpg,C:\Thực tập LUMI\model_BaiToan\Deepleaning\data\dataset\raw\occluded\12--Group_12_Group_Group_12_Group_Group_12_148.jpg_b24320.jpg
12--Group_12_Group_Group_12_Group_Group_12_148.jpg_b24322.jpg,val,occluded,92,92,1.0,True,medium,wider_12--Group_12_Group_Group_12_Group_Group_12_148.jpg,C:\Thực tập LUMI\model_BaiToan\Deepleaning\data\dataset\raw\occluded\12--Group_12_Group_Group_12_Group_Group_12_148.jpg_b24322.jpg
8--Election_Campain_8_Election_Campain_Election_Campaign_8_310.jpg_b155548.jpg,val,occluded,92,92,1.0,True,medium,wider_8--Election_Campain_8_Election_Campain_Election_Campaign_8_310.jpg,C:\Thực tập LUMI\model_BaiToan\Deepleaning\data\dataset\raw\occluded\8--Election_Campain_8_Election_Campain_Election_Campaign_8_310.jpg_b155548.jpg
55--Sports_Coach_Trainer_55_Sports_Coach_Trainer_sportcoaching_55_319.jpg_b139048.jpg,val,occluded,102,102,1.0,True,medium,wider_55--Sports_Coach_Trainer_55_Sports_Coach_Trainer_sportcoaching_55_319.jpg,C:\Thực tập LUMI\model_BaiToan\Deepleaning\data\dataset\raw\occluded\55--Sports_Coach_Trainer_55_Sports_Coach_Trainer_sportcoaching_55_319.jpg_b139048.jpg
52--Photographers_52_Photographers_photographertakingphoto_52_315.jpg_b34535.jpg,val,occluded,78,78,1.0,True,medium,wider_52--Photographers_52_Photographers_photographertakingphoto_52_315.jpg,C:\Thực tập LUMI\model_BaiToan\Deepleaning\data\dataset\raw\occluded\52--Photographers_52_Photographers_photographertakingphoto_52_315.jpg_b34535.jpg
18--Concerts_18_Concerts_Concerts_18_855.jpg_b11160.jpg,val,occluded,84,84,1.0,True,medium,wider_18--Concerts_18_Concerts_Concerts_18_855.jpg,C:\Thực tập LUMI\model_BaiToan\Deepleaning\data\dataset\raw\occluded\18--Concerts_18_Concerts_Concerts_18_855.jpg_b11160.jpg
31--Waiter_Waitress_31_Waiter_Waitress_Waiter_Waitress_31_576.jpg_b99058.jpg,val,occluded,81,81,1.0,True,medium,wider_31--Waiter_Waitress_31_Waiter_Waitress_Waiter_Waitress_31_576.jpg,C:\Thực tập LUMI\model_BaiToan\Deepleaning\data\dataset\raw\occluded\31--Waiter_Waitress_31_Waiter_Waitress_Waiter_Waitress_31_576.jpg_b99058.jpg
28--Sports_Fan_28_Sports_Fan_Sports_Fan_28_841.jpg_b93778.jpg,val,occluded,96,96,1.0,True,medium,wider_28--Sports_Fan_28_Sports_Fan_Sports_Fan_28_841.jpg,C:\Thực tập LUMI\model_BaiToan\Deepleaning\data\dataset\raw\occluded\28--Sports_Fan_28_Sports_Fan_Sports_Fan_28_841.jpg_b93778.jpg
22--Picnic_22_Picnic_Picnic_22_178.jpg_b89038.jpg,val,occluded,78,78,1.0,True,medium,wider_22--Picnic_22_Picnic_Picnic_22_178.jpg,C:\Thực tập LUMI\model_BaiToan\Deepleaning\data\dataset\raw\occluded\22--Picnic_22_Picnic_Picnic_22_178.jpg_b89038.jpg
22--Picnic_22_Picnic_Picnic_22_178.jpg_b89039.jpg,val,occluded,83,83,1.0,True,medium,wider_22--Picnic_22_Picnic_Picnic_22_178.jpg,C:\Thực tập LUMI\model_BaiToan\Deepleaning\data\dataset\raw\occluded\22--Picnic_22_Picnic_Picnic_22_178.jpg_b89039.jpg
30--Surgeons_30_Surgeons_Surgeons_30_160.jpg_b24749.jpg,val,occluded,110,110,1.0,True,medium,wider_30--Surgeons_30_Surgeons_Surgeons_30_160.jpg,C:\Thực tập LUMI\model_BaiToan\Deepleaning\data\dataset\raw\occluded\30--Surgeons_30_Surgeons_Surgeons_30_160.jpg_b24749.jpg
01a0b34b-36b0-73b2-bc93-a6d4ffcedb3f_nvr-llWGaUl9M9E771xokkJUiNr5fMyJBigI_1789714446323_img_face14.jpg,val,occluded,99,99,1.0,True,medium,single_01a0b34b-36b0-73b2-bc93-a6d4ffcedb3f_nvr-llWGaUl9M9E771xokkJUiNr5fMyJBigI_1789714446323_img_face14.jpg,C:\Thực tập LUMI\model_BaiToan\Deepleaning\data\dataset\raw\occluded\01a0b34b-36b0-73b2-bc93-a6d4ffcedb3f_nvr-llWGaUl9M9E771xokkJUiNr5fMyJBigI_1789714446323_img_face14.jpg
01a0b3c1-ba88-76a2-b093-e181773e6e7d_nvr-llWGaUl9M9E771xokkJUiNr5fMyJBigI_1789722213117_img_face.jpg,val,occluded,77,77,1.0,True,medium,single_01a0b3c1-ba88-76a2-b093-e181773e6e7d_nvr-llWGaUl9M9E771xokkJUiNr5fMyJBigI_1789722213117_img_face.jpg,C:\Thực tập LUMI\model_BaiToan\Deepleaning\data\dataset\raw\occluded\01a0b3c1-ba88-76a2-b093-e181773e6e7d_nvr-llWGaUl9M9E771xokkJUiNr5fMyJBigI_1789722213117_img_face.jpg
2--Demonstration_2_Demonstration_Protesters_2_441.jpg_b72991.jpg,val,occluded,75,75,1.0,True,medium,wider_2--Demonstration_2_Demonstration_Protesters_2_441.jpg,C:\Thực tập LUMI\model_BaiToan\Deepleaning\data\dataset\raw\occluded\2--Demonstration_2_Demonstration_Protesters_2_441.jpg_b72991.jpg
12--Group_12_Group_Group_12_Group_Group_12_228.jpg_b24585.jpg,val,occluded,78,78,1.0,True,medium,wider_12--Group_12_Group_Group_12_Group_Group_12_228.jpg,C:\Thực tập LUMI\model_BaiToan\Deepleaning\data\dataset\raw\occluded\12--Group_12_Group_Group_12_Group_Group_12_228.jpg_b24585.jpg
32--Worker_Laborer_32_Worker_Laborer_Worker_Laborer_32_132.jpg_b99710.jpg,val,occluded,109,109,1.0,True,medium,wider_32--Worker_Laborer_32_Worker_Laborer_Worker_Laborer_32_132.jpg,C:\Thực tập LUMI\model_BaiToan\Deepleaning\data\dataset\raw\occluded\32--Worker_Laborer_32_Worker_Laborer_Worker_Laborer_32_132.jpg_b99710.jpg
41--Swimming_41_Swimming_Swimming_41_162.jpg_b121651.jpg,val,occluded,98,98,1.0,True,medium,wider_41--Swimming_41_Swimming_Swimming_41_162.jpg,C:\Thực tập LUMI\model_BaiToan\Deepleaning\data\dataset\raw\occluded\41--Swimming_41_Swimming_Swimming_41_162.jpg_b121651.jpg
28--Sports_Fan_28_Sports_Fan_Sports_Fan_28_7.jpg_b23371.jpg,val,occluded,87,87,1.0,True,medium,wider_28--Sports_Fan_28_Sports_Fan_Sports_Fan_28_7.jpg,C:\Thực tập LUMI\model_BaiToan\Deepleaning\data\dataset\raw\occluded\28--Sports_Fan_28_Sports_Fan_Sports_Fan_28_7.jpg_b23371.jpg
face_0018_crop.jpg,val,occluded,82,82,1.0,True,medium,face_id_face_0018,C:\Thực tập LUMI\model_BaiToan\Deepleaning\data\dataset\raw\occluded\face_0018_crop.jpg
20--Family_Group_20_Family_Group_Family_Group_20_109.jpg_b21040.jpg,val,occluded,87,87,1.0,True,medium,wider_20--Family_Group_20_Family_Group_Family_Group_20_109.jpg,C:\Thực tập LUMI\model_BaiToan\Deepleaning\data\dataset\raw\occluded\20--Family_Group_20_Family_Group_Family_Group_20_109.jpg_b21040.jpg
47--Matador_Bullfighter_47_Matador_Bullfighter_Matador_Bullfighter_47_137.jpg_b128731.jpg,val,occluded,105,105,1.0,True,medium,wider_47--Matador_Bullfighter_47_Matador_Bullfighter_Matador_Bullfighter_47_137.jpg,C:\Thực tập LUMI\model_BaiToan\Deepleaning\data\dataset\raw\occluded\47--Matador_Bullfighter_47_Matador_Bullfighter_Matador_Bullfighter_47_137.jpg_b128731.jpg
2--Demonstration_2_Demonstration_Protesters_2_563.jpg_b19501.jpg,val,occluded,84,84,1.0,True,medium,wider_2--Demonstration_2_Demonstration_Protesters_2_563.jpg,C:\Thực tập LUMI\model_BaiToan\Deepleaning\data\dataset\raw\occluded\2--Demonstration_2_Demonstration_Protesters_2_563.jpg_b19501.jpg
2--Demonstration_2_Demonstration_Protesters_2_826.jpg_b13732.jpg,val,occluded,80,80,1.0,True,medium,wider_2--Demonstration_2_Demonstration_Protesters_2_826.jpg,C:\Thực tập LUMI\model_BaiToan\Deepleaning\data\dataset\raw\occluded\2--Demonstration_2_Demonstration_Protesters_2_826.jpg_b13732.jpg
13--Interview_13_Interview_Interview_On_Location_13_426.jpg_b10014.jpg,val,occluded,108,108,1.0,True,medium,wider_13--Interview_13_Interview_Interview_On_Location_13_426.jpg,C:\Thực tập LUMI\model_BaiToan\Deepleaning\data\dataset\raw\occluded\13--Interview_13_Interview_Interview_On_Location_13_426.jpg_b10014.jpg
01a0b7b9-8198-7480-8e86-35dd8647848f_nvr-llWGaUl9M9E771xokkJUiNr5fMyJBigI_1789788783465_img_face.jpg,val,occluded,88,88,1.0,True,medium,single_01a0b7b9-8198-7480-8e86-35dd8647848f_nvr-llWGaUl9M9E771xokkJUiNr5fMyJBigI_1789788783465_img_face.jpg,C:\Thực tập LUMI\model_BaiToan\Deepleaning\data\dataset\raw\occluded\01a0b7b9-8198-7480-8e86-35dd8647848f_nvr-llWGaUl9M9E771xokkJUiNr5fMyJBigI_1789788783465_img_face.jpg
01a0b342-5540-74f2-ab87-f877bfcc0b37_nvr-llWGaUl9M9E771xokkJUiNr5fMyJBigI_1789713863940_img_face11.jpg,val,occluded,111,111,1.0,True,medium,single_01a0b342-5540-74f2-ab87-f877bfcc0b37_nvr-llWGaUl9M9E771xokkJUiNr5fMyJBigI_1789713863940_img_face11.jpg,C:\Thực tập LUMI\model_BaiToan\Deepleaning\data\dataset\raw\occluded\01a0b342-5540-74f2-ab87-f877bfcc0b37_nvr-llWGaUl9M9E771xokkJUiNr5fMyJBigI_1789713863940_img_face11.jpg
4--Dancing_4_Dancing_Dancing_4_393.jpg_b119067.jpg,val,occluded,103,103,1.0,True,medium,wider_4--Dancing_4_Dancing_Dancing_4_393.jpg,C:\Thực tập LUMI\model_BaiToan\Deepleaning\data\dataset\raw\occluded\4--Dancing_4_Dancing_Dancing_4_393.jpg_b119067.jpg
01a0b36f-ed20-7ec0-a5b1-48d33992e27b_nvr-llWGaUl9M9E771xokkJUiNr5fMyJBigI_1789716852703_img_face.jpg,val,occluded,105,105,1.0,True,medium,single_01a0b36f-ed20-7ec0-a5b1-48d33992e27b_nvr-llWGaUl9M9E771xokkJUiNr5fMyJBigI_1789716852703_img_face.jpg,C:\Thực tập LUMI\model_BaiToan\Deepleaning\data\dataset\raw\occluded\01a0b36f-ed20-7ec0-a5b1-48d33992e27b_nvr-llWGaUl9M9E771xokkJUiNr5fMyJBigI_1789716852703_img_face.jpg
8--Election_Campain_8_Election_Campain_Election_Campaign_8_404.jpg_b155881.jpg,val,occluded,93,93,1.0,True,medium,wider_8--Election_Campain_8_Election_Campain_Election_Campaign_8_404.jpg,C:\Thực tập LUMI\model_BaiToan\Deepleaning\data\dataset\raw\occluded\8--Election_Campain_8_Election_Campain_Election_Campaign_8_404.jpg_b155881.jpg
38--Tennis_38_Tennis_Tennis_38_163.jpg_b115771.jpg,val,occluded,111,111,1.0,True,medium,wider_38--Tennis_38_Tennis_Tennis_38_163.jpg,C:\Thực tập LUMI\model_BaiToan\Deepleaning\data\dataset\raw\occluded\38--Tennis_38_Tennis_Tennis_38_163.jpg_b115771.jpg
01a0b406-0300-7bf0-b696-4fd69f40f0d7_nvr-llWGaUl9M9E771xokkJUiNr5fMyJBigI_1789726688639_img_face.jpg,val,occluded,92,92,1.0,True,medium,single_01a0b406-0300-7bf0-b696-4fd69f40f0d7_nvr-llWGaUl9M9E771xokkJUiNr5fMyJBigI_1789726688639_img_face.jpg,C:\Thực tập LUMI\model_BaiToan\Deepleaning\data\dataset\raw\occluded\01a0b406-0300-7bf0-b696-4fd69f40f0d7_nvr-llWGaUl9M9E771xokkJUiNr5fMyJBigI_1789726688639_img_face.jpg
01a0b3c1-ca28-70d3-8b96-2fca8274dff9_nvr-llWGaUl9M9E771xokkJUiNr5fMyJBigI_1789722217269_img_face2.jpg,val,occluded,79,79,1.0,True,medium,single_01a0b3c1-ca28-70d3-8b96-2fca8274dff9_nvr-llWGaUl9M9E771xokkJUiNr5fMyJBigI_1789722217269_img_face2.jpg,C:\Thực tập LUMI\model_BaiToan\Deepleaning\data\dataset\raw\occluded\01a0b3c1-ca28-70d3-8b96-2fca8274dff9_nvr-llWGaUl9M9E771xokkJUiNr5fMyJBigI_1789722217269_img_face2.jpg
39--Ice_Skating_39_Ice_Skating_Ice_Skating_39_56.jpg_b116281.jpg,val,occluded,90,90,1.0,True,medium,wider_39--Ice_Skating_39_Ice_Skating_Ice_Skating_39_56.jpg,C:\Thực tập LUMI\model_BaiToan\Deepleaning\data\dataset\raw\occluded\39--Ice_Skating_39_Ice_Skating_Ice_Skating_39_56.jpg_b116281.jpg
01a0b347-db50-7340-af27-3b66ccb15556_nvr-llWGaUl9M9E771xokkJUiNr5fMyJBigI_1789714226439_img_face15.jpg,val,occluded,101,101,1.0,True,medium,single_01a0b347-db50-7340-af27-3b66ccb15556_nvr-llWGaUl9M9E771xokkJUiNr5fMyJBigI_1789714226439_img_face15.jpg,C:\Thực tập LUMI\model_BaiToan\Deepleaning\data\dataset\raw\occluded\01a0b347-db50-7340-af27-3b66ccb15556_nvr-llWGaUl9M9E771xokkJUiNr5fMyJBigI_1789714226439_img_face15.jpg
01a0b436-ee70-79a3-a91b-b1fe111f848f_nvr-llWGaUl9M9E771xokkJUiNr5fMyJBigI_1789729894709_img_face1.jpg,val,occluded,75,75,1.0,True,medium,single_01a0b436-ee70-79a3-a91b-b1fe111f848f_nvr-llWGaUl9M9E771xokkJUiNr5fMyJBigI_1789729894709_img_face1.jpg,C:\Thực tập LUMI\model_BaiToan\Deepleaning\data\dataset\raw\occluded\01a0b436-ee70-79a3-a91b-b1fe111f848f_nvr-llWGaUl9M9E771xokkJUiNr5fMyJBigI_1789729894709_img_face1.jpg
01a0b7af-8eb8-7613-a4a7-d5c11644fbf8_nvr-llWGaUl9M9E771xokkJUiNr5fMyJBigI_1789788131577_img_face.jpg,val,occluded,75,75,1.0,True,medium,single_01a0b7af-8eb8-7613-a4a7-d5c11644fbf8_nvr-llWGaUl9M9E771xokkJUiNr5fMyJBigI_1789788131577_img_face.jpg,C:\Thực tập LUMI\model_BaiToan\Deepleaning\data\dataset\raw\occluded\01a0b7af-8eb8-7613-a4a7-d5c11644fbf8_nvr-llWGaUl9M9E771xokkJUiNr5fMyJBigI_1789788131577_img_face.jpg
61--Street_Battle_61_Street_Battle_streetfight_61_12.jpg_b37195.jpg,val,occluded,105,105,1.0,True,medium,wider_61--Street_Battle_61_Street_Battle_streetfight_61_12.jpg,C:\Thực tập LUMI\model_BaiToan\Deepleaning\data\dataset\raw\occluded\61--Street_Battle_61_Street_Battle_streetfight_61_12.jpg_b37195.jpg
35--Basketball_35_Basketball_Basketball_35_525.jpg_b104612.jpg,val,occluded,108,108,1.0,True,medium,wider_35--Basketball_35_Basketball_Basketball_35_525.jpg,C:\Thực tập LUMI\model_BaiToan\Deepleaning\data\dataset\raw\occluded\35--Basketball_35_Basketball_Basketball_35_525.jpg_b104612.jpg
13--Interview_13_Interview_Interview_On_Location_13_817.jpg_b37254.jpg,val,occluded,91,91,1.0,True,medium,wider_13--Interview_13_Interview_Interview_On_Location_13_817.jpg,C:\Thực tập LUMI\model_BaiToan\Deepleaning\data\dataset\raw\occluded\13--Interview_13_Interview_Interview_On_Location_13_817.jpg_b37254.jpg
12--Group_12_Group_Team_Organized_Group_12_Group_Team_Organized_Group_12_504.jpg_b7991.jpg,val,occluded,92,92,1.0,True,medium,wider_12--Group_12_Group_Team_Organized_Group_12_Group_Team_Organized_Group_12_504.jpg,C:\Thực tập LUMI\model_BaiToan\Deepleaning\data\dataset\raw\occluded\12--Group_12_Group_Team_Organized_Group_12_Group_Team_Organized_Group_12_504.jpg_b7991.jpg
12--Group_12_Group_Team_Organized_Group_12_Group_Team_Organized_Group_12_504.jpg_b7992.jpg,val,occluded,100,100,1.0,True,medium,wider_12--Group_12_Group_Team_Organized_Group_12_Group_Team_Organized_Group_12_504.jpg,C:\Thực tập LUMI\model_BaiToan\Deepleaning\data\dataset\raw\occluded\12--Group_12_Group_Team_Organized_Group_12_Group_Team_Organized_Group_12_504.jpg_b7992.jpg
13--Interview_13_Interview_Interview_On_Location_13_557.jpg_b37038.jpg,val,occluded,90,90,1.0,True,medium,wider_13--Interview_13_Interview_Interview_On_Location_13_557.jpg,C:\Thực tập LUMI\model_BaiToan\Deepleaning\data\dataset\raw\occluded\13--Interview_13_Interview_Interview_On_Location_13_557.jpg_b37038.jpg
20--Family_Group_20_Family_Group_Family_Group_20_128.jpg_b83347.jpg,val,occluded,89,89,1.0,True,medium,wider_20--Family_Group_20_Family_Group_Family_Group_20_128.jpg,C:\Thực tập LUMI\model_BaiToan\Deepleaning\data\dataset\raw\occluded\20--Family_Group_20_Family_Group_Family_Group_20_128.jpg_b83347.jpg
2--Demonstration_2_Demonstration_Protesters_2_13.jpg_b51558.jpg,val,occluded,80,80,1.0,True,medium,wider_2--Demonstration_2_Demonstration_Protesters_2_13.jpg,C:\Thực tập LUMI\model_BaiToan\Deepleaning\data\dataset\raw\occluded\2--Demonstration_2_Demonstration_Protesters_2_13.jpg_b51558.jpg
01a0b437-4c30-7d32-8dc7-9c60b2091fe7_nvr-llWGaUl9M9E771xokkJUiNr5fMyJBigI_1789729918218_img_face2.jpg,val,occluded,81,81,1.0,True,medium,single_01a0b437-4c30-7d32-8dc7-9c60b2091fe7_nvr-llWGaUl9M9E771xokkJUiNr5fMyJBigI_1789729918218_img_face2.jpg,C:\Thực tập LUMI\model_BaiToan\Deepleaning\data\dataset\raw\occluded\01a0b437-4c30-7d32-8dc7-9c60b2091fe7_nvr-llWGaUl9M9E771xokkJUiNr5fMyJBigI_1789729918218_img_face2.jpg
01a0b262-ce98-7a12-a106-5bd4db513d6f_nvr-llWGaUl9M9E771xokkJUiNr5fMyJBigI_1789699215201_img_face.jpg,val,occluded,76,76,1.0,True,medium,single_01a0b262-ce98-7a12-a106-5bd4db513d6f_nvr-llWGaUl9M9E771xokkJUiNr5fMyJBigI_1789699215201_img_face.jpg,C:\Thực tập LUMI\model_BaiToan\Deepleaning\data\dataset\raw\occluded\01a0b262-ce98-7a12-a106-5bd4db513d6f_nvr-llWGaUl9M9E771xokkJUiNr5fMyJBigI_1789699215201_img_face.jpg
12--Group_12_Group_Group_12_Group_Group_12_132.jpg_b32099.jpg,val,occluded,79,79,1.0,True,medium,wider_12--Group_12_Group_Group_12_Group_Group_12_132.jpg,C:\Thực tập LUMI\model_BaiToan\Deepleaning\data\dataset\raw\occluded\12--Group_12_Group_Group_12_Group_Group_12_132.jpg_b32099.jpg
12--Group_12_Group_Group_12_Group_Group_12_132.jpg_b32105.jpg,val,occluded,66,66,1.0,True,small,wider_12--Group_12_Group_Group_12_Group_Group_12_132.jpg,C:\Thực tập LUMI\model_BaiToan\Deepleaning\data\dataset\raw\occluded\12--Group_12_Group_Group_12_Group_Group_12_132.jpg_b32105.jpg
18--Concerts_18_Concerts_Concerts_18_522.jpg_b11175.jpg,val,occluded,84,84,1.0,True,medium,wider_18--Concerts_18_Concerts_Concerts_18_522.jpg,C:\Thực tập LUMI\model_BaiToan\Deepleaning\data\dataset\raw\occluded\18--Concerts_18_Concerts_Concerts_18_522.jpg_b11175.jpg
52--Photographers_52_Photographers_taketouristphotos_52_714.jpg_b135624.jpg,val,occluded,65,65,1.0,True,small,wider_52--Photographers_52_Photographers_taketouristphotos_52_714.jpg,C:\Thực tập LUMI\model_BaiToan\Deepleaning\data\dataset\raw\occluded\52--Photographers_52_Photographers_taketouristphotos_52_714.jpg_b135624.jpg
face_0200_crop.jpg,val,occluded,71,71,1.0,True,small,face_id_face_0200,C:\Thực tập LUMI\model_BaiToan\Deepleaning\data\dataset\raw\occluded\face_0200_crop.jpg
face_0024_crop.jpg,val,occluded,59,59,1.0,True,small,face_id_face_0024,C:\Thực tập LUMI\model_BaiToan\Deepleaning\data\dataset\raw\occluded\face_0024_crop.jpg
12--Group_12_Group_Group_12_Group_Group_12_184.jpg_b26205.jpg,val,occluded,64,64,1.0,True,small,wider_12--Group_12_Group_Group_12_Group_Group_12_184.jpg,C:\Thực tập LUMI\model_BaiToan\Deepleaning\data\dataset\raw\occluded\12--Group_12_Group_Group_12_Group_Group_12_184.jpg_b26205.jpg
11--Meeting_11_Meeting_Meeting_11_Meeting_Meeting_11_346.jpg_b23060.jpg,val,occluded,67,67,1.0,True,small,wider_11--Meeting_11_Meeting_Meeting_11_Meeting_Meeting_11_346.jpg,C:\Thực tập LUMI\model_BaiToan\Deepleaning\data\dataset\raw\occluded\11--Meeting_11_Meeting_Meeting_11_Meeting_Meeting_11_346.jpg_b23060.jpg
6--Funeral_6_Funeral_Funeral_6_252.jpg_b36731.jpg,val,occluded,64,64,1.0,True,small,wider_6--Funeral_6_Funeral_Funeral_6_252.jpg,C:\Thực tập LUMI\model_BaiToan\Deepleaning\data\dataset\raw\occluded\6--Funeral_6_Funeral_Funeral_6_252.jpg_b36731.jpg
12--Group_12_Group_Team_Organized_Group_12_Group_Team_Organized_Group_12_76.jpg_b24968.jpg,val,occluded,64,64,1.0,True,small,wider_12--Group_12_Group_Team_Organized_Group_12_Group_Team_Organized_Group_12_76.jpg,C:\Thực tập LUMI\model_BaiToan\Deepleaning\data\dataset\raw\occluded\12--Group_12_Group_Team_Organized_Group_12_Group_Team_Organized_Group_12_76.jpg_b24968.jpg
2--Demonstration_2_Demonstration_Protesters_2_155.jpg_b70910.jpg,val,occluded,64,64,1.0,True,small,wider_2--Demonstration_2_Demonstration_Protesters_2_155.jpg,C:\Thực tập LUMI\model_BaiToan\Deepleaning\data\dataset\raw\occluded\2--Demonstration_2_Demonstration_Protesters_2_155.jpg_b70910.jpg
face_0011_crop.jpg,val,occluded,63,63,1.0,True,small,face_id_face_0011,C:\Thực tập LUMI\model_BaiToan\Deepleaning\data\dataset\raw\occluded\face_0011_crop.jpg
004748_face2.jpg,val,occluded,57,57,1.0,True,small,single_004748_face2.jpg,C:\Thực tập LUMI\model_BaiToan\Deepleaning\data\dataset\raw\occluded\004748_face2.jpg
50--Celebration_Or_Party_50_Celebration_Or_Party_houseparty_50_282.jpg_b34056.jpg,val,occluded,73,73,1.0,True,small,wider_50--Celebration_Or_Party_50_Celebration_Or_Party_houseparty_50_282.jpg,C:\Thực tập LUMI\model_BaiToan\Deepleaning\data\dataset\raw\occluded\50--Celebration_Or_Party_50_Celebration_Or_Party_houseparty_50_282.jpg_b34056.jpg
38--Tennis_38_Tennis_Tennis_38_420.jpg_b30131.jpg,val,occluded,74,74,1.0,True,small,wider_38--Tennis_38_Tennis_Tennis_38_420.jpg,C:\Thực tập LUMI\model_BaiToan\Deepleaning\data\dataset\raw\occluded\38--Tennis_38_Tennis_Tennis_38_420.jpg_b30131.jpg
29--Students_Schoolkids_29_Students_Schoolkids_Students_Schoolkids_29_604.jpg_b95803.jpg,val,occluded,70,70,1.0,True,small,wider_29--Students_Schoolkids_29_Students_Schoolkids_Students_Schoolkids_29_604.jpg,C:\Thực tập LUMI\model_BaiToan\Deepleaning\data\dataset\raw\occluded\29--Students_Schoolkids_29_Students_Schoolkids_Students_Schoolkids_29_604.jpg_b95803.jpg
face_0050_crop.jpg,val,occluded,62,62,1.0,True,small,face_id_face_0050,C:\Thực tập LUMI\model_BaiToan\Deepleaning\data\dataset\raw\occluded\face_0050_crop.jpg
55--Sports_Coach_Trainer_55_Sports_Coach_Trainer_sportcoaching_55_573.jpg_b138571.jpg,val,occluded,72,72,1.0,True,small,wider_55--Sports_Coach_Trainer_55_Sports_Coach_Trainer_sportcoaching_55_573.jpg,C:\Thực tập LUMI\model_BaiToan\Deepleaning\data\dataset\raw\occluded\55--Sports_Coach_Trainer_55_Sports_Coach_Trainer_sportcoaching_55_573.jpg_b138571.jpg
55--Sports_Coach_Trainer_55_Sports_Coach_Trainer_sportcoaching_55_573.jpg_b138573.jpg,val,occluded,68,68,1.0,True,small,wider_55--Sports_Coach_Trainer_55_Sports_Coach_Trainer_sportcoaching_55_573.jpg,C:\Thực tập LUMI\model_BaiToan\Deepleaning\data\dataset\raw\occluded\55--Sports_Coach_Trainer_55_Sports_Coach_Trainer_sportcoaching_55_573.jpg_b138573.jpg
2--Demonstration_2_Demonstration_Protesters_2_382.jpg_b72779.jpg,val,occluded,66,66,1.0,True,small,wider_2--Demonstration_2_Demonstration_Protesters_2_382.jpg,C:\Thực tập LUMI\model_BaiToan\Deepleaning\data\dataset\raw\occluded\2--Demonstration_2_Demonstration_Protesters_2_382.jpg_b72779.jpg
2--Demonstration_2_Demonstration_Demonstrators_2_160.jpg_b51152.jpg,val,occluded,66,66,1.0,True,small,wider_2--Demonstration_2_Demonstration_Demonstrators_2_160.jpg,C:\Thực tập LUMI\model_BaiToan\Deepleaning\data\dataset\raw\occluded\2--Demonstration_2_Demonstration_Demonstrators_2_160.jpg_b51152.jpg
34--Baseball_34_Baseball_Baseball_34_436.jpg_b25200.jpg,val,occluded,74,74,1.0,True,small,wider_34--Baseball_34_Baseball_Baseball_34_436.jpg,C:\Thực tập LUMI\model_BaiToan\Deepleaning\data\dataset\raw\occluded\34--Baseball_34_Baseball_Baseball_34_436.jpg_b25200.jpg
14--Traffic_14_Traffic_Traffic_14_816.jpg_b38180.jpg,val,occluded,74,74,1.0,True,small,wider_14--Traffic_14_Traffic_Traffic_14_816.jpg,C:\Thực tập LUMI\model_BaiToan\Deepleaning\data\dataset\raw\occluded\14--Traffic_14_Traffic_Traffic_14_816.jpg_b38180.jpg
01a0b7af-b5c8-7f70-ba1e-986ba660f091_nvr-llWGaUl9M9E771xokkJUiNr5fMyJBigI_1789788141014_img_face.jpg,val,occluded,67,67,1.0,True,small,single_01a0b7af-b5c8-7f70-ba1e-986ba660f091_nvr-llWGaUl9M9E771xokkJUiNr5fMyJBigI_1789788141014_img_face.jpg,C:\Thực tập LUMI\model_BaiToan\Deepleaning\data\dataset\raw\occluded\01a0b7af-b5c8-7f70-ba1e-986ba660f091_nvr-llWGaUl9M9E771xokkJUiNr5fMyJBigI_1789788141014_img_face.jpg
01a0b230-02b0-7ce3-81da-16d1556b8ef7_nvr-llWGaUl9M9E771xokkJUiNr5fMyJBigI_1789695886623_img_face.jpg,val,occluded,63,63,1.0,True,small,single_01a0b230-02b0-7ce3-81da-16d1556b8ef7_nvr-llWGaUl9M9E771xokkJUiNr5fMyJBigI_1789695886623_img_face.jpg,C:\Thực tập LUMI\model_BaiToan\Deepleaning\data\dataset\raw\occluded\01a0b230-02b0-7ce3-81da-16d1556b8ef7_nvr-llWGaUl9M9E771xokkJUiNr5fMyJBigI_1789695886623_img_face.jpg
47--Matador_Bullfighter_47_Matador_Bullfighter_Matador_Bullfighter_47_778.jpg_b128128.jpg,val,occluded,73,73,1.0,True,small,wider_47--Matador_Bullfighter_47_Matador_Bullfighter_Matador_Bullfighter_47_778.jpg,C:\Thực tập LUMI\model_BaiToan\Deepleaning\data\dataset\raw\occluded\47--Matador_Bullfighter_47_Matador_Bullfighter_Matador_Bullfighter_47_778.jpg_b128128.jpg
31--Waiter_Waitress_31_Waiter_Waitress_Waiter_Waitress_31_788.jpg_b24782.jpg,val,occluded,64,64,1.0,True,small,wider_31--Waiter_Waitress_31_Waiter_Waitress_Waiter_Waitress_31_788.jpg,C:\Thực tập LUMI\model_BaiToan\Deepleaning\data\dataset\raw\occluded\31--Waiter_Waitress_31_Waiter_Waitress_Waiter_Waitress_31_788.jpg_b24782.jpg
31--Waiter_Waitress_31_Waiter_Waitress_Waiter_Waitress_31_788.jpg_b24783.jpg,val,occluded,67,67,1.0,True,small,wider_31--Waiter_Waitress_31_Waiter_Waitress_Waiter_Waitress_31_788.jpg,C:\Thực tập LUMI\model_BaiToan\Deepleaning\data\dataset\raw\occluded\31--Waiter_Waitress_31_Waiter_Waitress_Waiter_Waitress_31_788.jpg_b24783.jpg
12--Group_12_Group_Large_Group_12_Group_Large_Group_12_282.jpg_b26599.jpg,val,occluded,72,72,1.0,True,small,wider_12--Group_12_Group_Large_Group_12_Group_Large_Group_12_282.jpg,C:\Thực tập LUMI\model_BaiToan\Deepleaning\data\dataset\raw\occluded\12--Group_12_Group_Large_Group_12_Group_Large_Group_12_282.jpg_b26599.jpg
face_0013_crop.jpg,val,occluded,55,55,1.0,True,small,face_id_face_0013,C:\Thực tập LUMI\model_BaiToan\Deepleaning\data\dataset\raw\occluded\face_0013_crop.jpg
10--People_Marching_10_People_Marching_People_Marching_2_40.jpg_b4234.jpg,val,occluded,65,65,1.0,True,small,wider_10--People_Marching_10_People_Marching_People_Marching_2_40.jpg,C:\Thực tập LUMI\model_BaiToan\Deepleaning\data\dataset\raw\occluded\10--People_Marching_10_People_Marching_People_Marching_2_40.jpg_b4234.jpg
01a0b40a-b238-7d83-b5b5-5175983d478c_nvr-llWGaUl9M9E771xokkJUiNr5fMyJBigI_1789726995569_img_face2.jpg,val,occluded,67,67,1.0,True,small,single_01a0b40a-b238-7d83-b5b5-5175983d478c_nvr-llWGaUl9M9E771xokkJUiNr5fMyJBigI_1789726995569_img_face2.jpg,C:\Thực tập LUMI\model_BaiToan\Deepleaning\data\dataset\raw\occluded\01a0b40a-b238-7d83-b5b5-5175983d478c_nvr-llWGaUl9M9E771xokkJUiNr5fMyJBigI_1789726995569_img_face2.jpg
0--Parade_0_Parade_Parade_0_3.jpg_b8242.jpg,val,occluded,71,71,1.0,True,small,wider_0--Parade_0_Parade_Parade_0_3.jpg,C:\Thực tập LUMI\model_BaiToan\Deepleaning\data\dataset\raw\occluded\0--Parade_0_Parade_Parade_0_3.jpg_b8242.jpg
01a0b349-b3f8-7ec0-b933-61be5285aec6_nvr-llWGaUl9M9E771xokkJUiNr5fMyJBigI_1789714347648_img_face9.jpg,val,occluded,71,71,1.0,True,small,single_01a0b349-b3f8-7ec0-b933-61be5285aec6_nvr-llWGaUl9M9E771xokkJUiNr5fMyJBigI_1789714347648_img_face9.jpg,C:\Thực tập LUMI\model_BaiToan\Deepleaning\data\dataset\raw\occluded\01a0b349-b3f8-7ec0-b933-61be5285aec6_nvr-llWGaUl9M9E771xokkJUiNr5fMyJBigI_1789714347648_img_face9.jpg
face_0017_crop.jpg,val,occluded,63,63,1.0,True,small,face_id_face_0017,C:\Thực tập LUMI\model_BaiToan\Deepleaning\data\dataset\raw\occluded\face_0017_crop.jpg
